run_id,template_id,count_fraction,gene_panel,stage,status,start_time,end_time,duration_sec,message
T01_C1_G1000,T01,1,1000,prepare_run,success,2026-02-16 11:12:41.218436,2026-02-16 11:12:41.218436,0.0,saved T01_C1_G1000.h5ad in 9.05s
T01_C1_G10000,T01,1,10000,prepare_run,success,2026-02-16 11:12:50.871445,2026-02-16 11:12:50.871445,0.0,saved T01_C1_G10000.h5ad in 9.62s
T01_C1_G15000,T01,1,15000,prepare_run,success,2026-02-16 11:13:02.552676,2026-02-16 11:13:02.552676,0.0,saved T01_C1_G15000.h5ad in 11.65s
T01_C1_G20000,T01,1,20000,prepare_run,success,2026-02-16 11:13:16.152356,2026-02-16 11:13:16.152356,0.0,saved T01_C1_G20000.h5ad in 13.57s
T01_C1_G500,T01,1,500,prepare_run,success,2026-02-16 11:13:23.243208,2026-02-16 11:13:23.243208,0.0,saved T01_C1_G500.h5ad in 7.06s
T01_C1_G5000,T01,1,5000,prepare_run,success,2026-02-16 11:13:31.379758,2026-02-16 11:13:31.379758,0.0,saved T01_C1_G5000.h5ad in 8.12s
T01_C1_Gall,T01,1,all,prepare_run,success,2026-02-16 11:13:46.252145,2026-02-16 11:13:46.252145,0.0,saved T01_C1_Gall.h5ad in 14.84s
T01_C2_G1000,T01,2,1000,prepare_run,success,2026-02-16 11:13:53.467164,2026-02-16 11:13:53.467164,0.0,saved T01_C2_G1000.h5ad in 7.15s
T01_C2_G10000,T01,2,10000,prepare_run,success,2026-02-16 11:14:03.331382,2026-02-16 11:14:03.331382,0.0,saved T01_C2_G10000.h5ad in 9.84s
T01_C2_G15000,T01,2,15000,prepare_run,success,2026-02-16 11:14:15.288286,2026-02-16 11:14:15.288286,0.0,saved T01_C2_G15000.h5ad in 11.94s
T01_C2_G20000,T01,2,20000,prepare_run,success,2026-02-16 11:14:28.445205,2026-02-16 11:14:28.445205,0.0,saved T01_C2_G20000.h5ad in 13.13s
T01_C2_G500,T01,2,500,prepare_run,success,2026-02-16 11:14:35.433747,2026-02-16 11:14:35.433747,0.0,saved T01_C2_G500.h5ad in 6.96s
T01_C2_G5000,T01,2,5000,prepare_run,success,2026-02-16 11:14:43.732160,2026-02-16 11:14:43.732160,0.0,saved T01_C2_G5000.h5ad in 8.23s
T01_C2_Gall,T01,2,all,prepare_run,success,2026-02-16 11:14:58.728986,2026-02-16 11:14:58.728986,0.0,saved T01_C2_Gall.h5ad in 14.98s
T01_C3_G1000,T01,3,1000,prepare_run,success,2026-02-16 11:15:06.068758,2026-02-16 11:15:06.068758,0.0,saved T01_C3_G1000.h5ad in 7.3s
T01_C3_G10000,T01,3,10000,prepare_run,success,2026-02-16 11:15:16.278881,2026-02-16 11:15:16.278881,0.0,saved T01_C3_G10000.h5ad in 10.17s
T01_C3_G15000,T01,3,15000,prepare_run,success,2026-02-16 11:15:28.119559,2026-02-16 11:15:28.119559,0.0,saved T01_C3_G15000.h5ad in 11.8s
T01_C3_G20000,T01,3,20000,prepare_run,success,2026-02-16 11:15:41.642955,2026-02-16 11:15:41.642955,0.0,saved T01_C3_G20000.h5ad in 13.5s
T01_C3_G500,T01,3,500,prepare_run,success,2026-02-16 11:15:48.769529,2026-02-16 11:15:48.769529,0.0,saved T01_C3_G500.h5ad in 7.1s
T01_C3_G5000,T01,3,5000,prepare_run,success,2026-02-16 11:15:57.406760,2026-02-16 11:15:57.406760,0.0,saved T01_C3_G5000.h5ad in 8.58s
T01_C3_Gall,T01,3,all,prepare_run,success,2026-02-16 11:16:12.332196,2026-02-16 11:16:12.332196,0.0,saved T01_C3_Gall.h5ad in 14.9s
T01_C5_G1000,T01,5,1000,prepare_run,success,2026-02-16 11:16:19.476594,2026-02-16 11:16:19.476594,0.0,saved T01_C5_G1000.h5ad in 7.0s
T01_C5_G10000,T01,5,10000,prepare_run,success,2026-02-16 11:16:29.340160,2026-02-16 11:16:29.340160,0.0,saved T01_C5_G10000.h5ad in 9.82s
T01_C5_G15000,T01,5,15000,prepare_run,success,2026-02-16 11:16:41.083928,2026-02-16 11:16:41.083928,0.0,saved T01_C5_G15000.h5ad in 11.69s
T01_C5_G20000,T01,5,20000,prepare_run,success,2026-02-16 11:16:54.755108,2026-02-16 11:16:54.755108,0.0,saved T01_C5_G20000.h5ad in 13.64s
T01_C5_G500,T01,5,500,prepare_run,success,2026-02-16 11:17:01.638297,2026-02-16 11:17:01.638297,0.0,saved T01_C5_G500.h5ad in 6.85s
T01_C5_G5000,T01,5,5000,prepare_run,success,2026-02-16 11:17:09.854822,2026-02-16 11:17:09.854822,0.0,saved T01_C5_G5000.h5ad in 8.18s
T01_C5_Gall,T01,5,all,prepare_run,success,2026-02-16 11:17:24.914693,2026-02-16 11:17:24.914693,0.0,saved T01_C5_Gall.h5ad in 15.03s
T01_C10_G1000,T01,10,1000,prepare_run,success,2026-02-16 11:17:32.188595,2026-02-16 11:17:32.188595,0.0,saved T01_C10_G1000.h5ad in 7.23s
T01_C10_G10000,T01,10,10000,prepare_run,success,2026-02-16 11:17:42.421110,2026-02-16 11:17:42.421110,0.0,saved T01_C10_G10000.h5ad in 10.21s
T01_C10_G15000,T01,10,15000,prepare_run,success,2026-02-16 11:17:55.090836,2026-02-16 11:17:55.090836,0.0,saved T01_C10_G15000.h5ad in 12.62s
T01_C10_G20000,T01,10,20000,prepare_run,success,2026-02-16 11:18:09.652538,2026-02-16 11:18:09.652538,0.0,saved T01_C10_G20000.h5ad in 14.5s
T01_C10_G500,T01,10,500,prepare_run,success,2026-02-16 11:18:16.963232,2026-02-16 11:18:16.963232,0.0,saved T01_C10_G500.h5ad in 7.27s
T01_C10_G5000,T01,10,5000,prepare_run,success,2026-02-16 11:18:25.568944,2026-02-16 11:18:25.568944,0.0,saved T01_C10_G5000.h5ad in 8.57s
T01_C10_Gall,T01,10,all,prepare_run,success,2026-02-16 11:18:41.472674,2026-02-16 11:18:41.472674,0.0,saved T01_C10_Gall.h5ad in 15.85s
T01_C20_G1000,T01,20,1000,prepare_run,success,2026-02-16 11:18:49.728105,2026-02-16 11:18:49.728105,0.0,saved T01_C20_G1000.h5ad in 8.22s
T01_C20_G10000,T01,20,10000,prepare_run,success,2026-02-16 11:19:01.160019,2026-02-16 11:19:01.160019,0.0,saved T01_C20_G10000.h5ad in 11.41s
T01_C20_G15000,T01,20,15000,prepare_run,success,2026-02-16 11:19:14.739653,2026-02-16 11:19:14.739653,0.0,saved T01_C20_G15000.h5ad in 13.54s
T01_C20_G20000,T01,20,20000,prepare_run,success,2026-02-16 11:19:29.849342,2026-02-16 11:19:29.849342,0.0,saved T01_C20_G20000.h5ad in 15.09s
T01_C20_G500,T01,20,500,prepare_run,success,2026-02-16 11:19:37.631091,2026-02-16 11:19:37.631091,0.0,saved T01_C20_G500.h5ad in 7.69s
T01_C20_G5000,T01,20,5000,prepare_run,success,2026-02-16 11:19:46.960951,2026-02-16 11:19:46.960951,0.0,saved T01_C20_G5000.h5ad in 9.2s
T01_C20_Gall,T01,20,all,prepare_run,success,2026-02-16 11:20:04.202503,2026-02-16 11:20:04.202503,0.0,saved T01_C20_Gall.h5ad in 17.2s
T01_C50_G1000,T01,50,1000,prepare_run,success,2026-02-16 11:20:14.294192,2026-02-16 11:20:14.294192,0.0,saved T01_C50_G1000.h5ad in 9.97s
T01_C50_G10000,T01,50,10000,prepare_run,success,2026-02-16 11:20:27.067945,2026-02-16 11:20:27.067945,0.0,saved T01_C50_G10000.h5ad in 12.72s
T01_C50_G15000,T01,50,15000,prepare_run,success,2026-02-16 11:20:42.279279,2026-02-16 11:20:42.279279,0.0,saved T01_C50_G15000.h5ad in 15.09s
T01_C50_G20000,T01,50,20000,prepare_run,success,2026-02-16 11:20:59.767653,2026-02-16 11:20:59.767653,0.0,saved T01_C50_G20000.h5ad in 17.45s
T01_C50_G500,T01,50,500,prepare_run,success,2026-02-16 11:21:09.477876,2026-02-16 11:21:09.477876,0.0,saved T01_C50_G500.h5ad in 9.64s
T01_C50_G5000,T01,50,5000,prepare_run,success,2026-02-16 11:21:20.650848,2026-02-16 11:21:20.650848,0.0,saved T01_C50_G5000.h5ad in 11.13s
T01_C50_Gall,T01,50,all,prepare_run,success,2026-02-16 11:21:39.910382,2026-02-16 11:21:39.910382,0.0,saved T01_C50_Gall.h5ad in 19.17s
T01_C70_G1000,T01,70,1000,prepare_run,success,2026-02-16 11:21:51.017506,2026-02-16 11:21:51.017506,0.0,saved T01_C70_G1000.h5ad in 10.96s
T01_C70_G10000,T01,70,10000,prepare_run,success,2026-02-16 11:22:04.995027,2026-02-16 11:22:04.995027,0.0,saved T01_C70_G10000.h5ad in 13.92s
T01_C70_G15000,T01,70,15000,prepare_run,success,2026-02-16 11:22:21.859772,2026-02-16 11:22:21.859772,0.0,saved T01_C70_G15000.h5ad in 16.81s
T01_C70_G20000,T01,70,20000,prepare_run,success,2026-02-16 11:22:41.396100,2026-02-16 11:22:41.396100,0.0,saved T01_C70_G20000.h5ad in 19.5s
T01_C70_G500,T01,70,500,prepare_run,success,2026-02-16 11:22:52.295195,2026-02-16 11:22:52.295195,0.0,saved T01_C70_G500.h5ad in 10.87s
T01_C70_G5000,T01,70,5000,prepare_run,success,2026-02-16 11:23:04.700691,2026-02-16 11:23:04.700691,0.0,saved T01_C70_G5000.h5ad in 12.37s
T01_C70_Gall,T01,70,all,prepare_run,success,2026-02-16 11:23:25.862709,2026-02-16 11:23:25.862709,0.0,saved T01_C70_Gall.h5ad in 21.12s
T01_C100_G1000,T01,100,1000,prepare_run,success,2026-02-16 11:23:29.589959,2026-02-16 11:23:29.589959,0.0,saved T01_C100_G1000.h5ad in 3.7s
T01_C100_G10000,T01,100,10000,prepare_run,success,2026-02-16 11:23:37.387912,2026-02-16 11:23:37.387912,0.0,saved T01_C100_G10000.h5ad in 7.76s
T01_C100_G15000,T01,100,15000,prepare_run,success,2026-02-16 11:23:48.259802,2026-02-16 11:23:48.259802,0.0,saved T01_C100_G15000.h5ad in 10.84s
T01_C100_G20000,T01,100,20000,prepare_run,success,2026-02-16 11:24:02.014937,2026-02-16 11:24:02.014937,0.0,saved T01_C100_G20000.h5ad in 13.73s
T01_C100_G500,T01,100,500,prepare_run,success,2026-02-16 11:24:05.334046,2026-02-16 11:24:05.334046,0.0,saved T01_C100_G500.h5ad in 3.29s
T01_C100_G5000,T01,100,5000,prepare_run,success,2026-02-16 11:24:10.997842,2026-02-16 11:24:10.997842,0.0,saved T01_C100_G5000.h5ad in 5.63s
T01_C100_Gall,T01,100,all,prepare_run,success,2026-02-16 11:24:27.438948,2026-02-16 11:24:27.438948,0.0,saved T01_C100_Gall.h5ad in 16.39s
T02_C1_G1000,T02,1,1000,prepare_run,success,2026-02-16 11:24:39.810311,2026-02-16 11:24:39.810311,0.0,saved T02_C1_G1000.h5ad in 6.74s
T02_C1_G10000,T02,1,10000,prepare_run,success,2026-02-16 11:24:49.148218,2026-02-16 11:24:49.148218,0.0,saved T02_C1_G10000.h5ad in 9.31s
T02_C1_G15000,T02,1,15000,prepare_run,success,2026-02-16 11:25:00.398126,2026-02-16 11:25:00.398126,0.0,saved T02_C1_G15000.h5ad in 11.21s
T02_C1_G20000,T02,1,20000,prepare_run,success,2026-02-16 11:25:13.991331,2026-02-16 11:25:13.991331,0.0,saved T02_C1_G20000.h5ad in 13.57s
T02_C1_G500,T02,1,500,prepare_run,success,2026-02-16 11:25:20.847009,2026-02-16 11:25:20.847009,0.0,saved T02_C1_G500.h5ad in 6.83s
T02_C1_G5000,T02,1,5000,prepare_run,success,2026-02-16 11:25:28.849372,2026-02-16 11:25:28.849372,0.0,saved T02_C1_G5000.h5ad in 7.99s
T02_C1_Gall,T02,1,all,prepare_run,success,2026-02-16 11:25:43.491403,2026-02-16 11:25:43.491403,0.0,saved T02_C1_Gall.h5ad in 14.61s
T02_C2_G1000,T02,2,1000,prepare_run,success,2026-02-16 11:25:50.470298,2026-02-16 11:25:50.470298,0.0,saved T02_C2_G1000.h5ad in 6.95s
T02_C2_G10000,T02,2,10000,prepare_run,success,2026-02-16 11:26:00.292990,2026-02-16 11:26:00.292990,0.0,saved T02_C2_G10000.h5ad in 9.8s
T02_C2_G15000,T02,2,15000,prepare_run,success,2026-02-16 11:26:12.247384,2026-02-16 11:26:12.247384,0.0,saved T02_C2_G15000.h5ad in 11.93s
T02_C2_G20000,T02,2,20000,prepare_run,success,2026-02-16 11:26:25.993263,2026-02-16 11:26:25.993263,0.0,saved T02_C2_G20000.h5ad in 13.72s
T02_C2_G500,T02,2,500,prepare_run,success,2026-02-16 11:26:33.037641,2026-02-16 11:26:33.037641,0.0,saved T02_C2_G500.h5ad in 7.02s
T02_C2_G5000,T02,2,5000,prepare_run,success,2026-02-16 11:26:41.356016,2026-02-16 11:26:41.356016,0.0,saved T02_C2_G5000.h5ad in 8.3s
T02_C2_Gall,T02,2,all,prepare_run,success,2026-02-16 11:26:56.499760,2026-02-16 11:26:56.499760,0.0,saved T02_C2_Gall.h5ad in 15.12s
T02_C3_G1000,T02,3,1000,prepare_run,success,2026-02-16 11:27:03.832157,2026-02-16 11:27:03.832157,0.0,saved T02_C3_G1000.h5ad in 7.31s
T02_C3_G10000,T02,3,10000,prepare_run,success,2026-02-16 11:27:13.998115,2026-02-16 11:27:13.998115,0.0,saved T02_C3_G10000.h5ad in 10.14s
T02_C3_G15000,T02,3,15000,prepare_run,success,2026-02-16 11:27:26.032683,2026-02-16 11:27:26.032683,0.0,saved T02_C3_G15000.h5ad in 12.02s
T02_C3_G20000,T02,3,20000,prepare_run,success,2026-02-16 11:27:39.728696,2026-02-16 11:27:39.728696,0.0,saved T02_C3_G20000.h5ad in 13.67s
T02_C3_G500,T02,3,500,prepare_run,success,2026-02-16 11:27:46.760788,2026-02-16 11:27:46.760788,0.0,saved T02_C3_G500.h5ad in 7.01s
T02_C3_G5000,T02,3,5000,prepare_run,success,2026-02-16 11:27:55.037308,2026-02-16 11:27:55.037308,0.0,saved T02_C3_G5000.h5ad in 8.25s
T02_C3_Gall,T02,3,all,prepare_run,success,2026-02-16 11:28:09.787085,2026-02-16 11:28:09.787085,0.0,saved T02_C3_Gall.h5ad in 14.72s
T02_C5_G1000,T02,5,1000,prepare_run,success,2026-02-16 11:28:16.873814,2026-02-16 11:28:16.873814,0.0,saved T02_C5_G1000.h5ad in 7.06s
T02_C5_G10000,T02,5,10000,prepare_run,success,2026-02-16 11:28:26.654273,2026-02-16 11:28:26.654273,0.0,saved T02_C5_G10000.h5ad in 9.75s
T02_C5_G15000,T02,5,15000,prepare_run,success,2026-02-16 11:28:38.533258,2026-02-16 11:28:38.533258,0.0,saved T02_C5_G15000.h5ad in 11.84s
T02_C5_G20000,T02,5,20000,prepare_run,success,2026-02-16 11:28:52.092242,2026-02-16 11:28:52.092242,0.0,saved T02_C5_G20000.h5ad in 13.53s
T02_C5_G500,T02,5,500,prepare_run,success,2026-02-16 11:28:58.978943,2026-02-16 11:28:58.978943,0.0,saved T02_C5_G500.h5ad in 6.84s
T02_C5_G5000,T02,5,5000,prepare_run,success,2026-02-16 11:29:07.349291,2026-02-16 11:29:07.349291,0.0,saved T02_C5_G5000.h5ad in 8.33s
T02_C5_Gall,T02,5,all,prepare_run,success,2026-02-16 11:29:21.859839,2026-02-16 11:29:21.859839,0.0,saved T02_C5_Gall.h5ad in 14.49s
T02_C10_G1000,T02,10,1000,prepare_run,success,2026-02-16 11:29:29.135733,2026-02-16 11:29:29.135733,0.0,saved T02_C10_G1000.h5ad in 7.24s
T02_C10_G10000,T02,10,10000,prepare_run,success,2026-02-16 11:29:39.748090,2026-02-16 11:29:39.748090,0.0,saved T02_C10_G10000.h5ad in 10.56s
T02_C10_G15000,T02,10,15000,prepare_run,success,2026-02-16 11:29:52.041324,2026-02-16 11:29:52.041324,0.0,saved T02_C10_G15000.h5ad in 12.27s
T02_C10_G20000,T02,10,20000,prepare_run,success,2026-02-16 11:30:06.323555,2026-02-16 11:30:06.323555,0.0,saved T02_C10_G20000.h5ad in 14.23s
T02_C10_G500,T02,10,500,prepare_run,success,2026-02-16 11:30:13.749078,2026-02-16 11:30:13.749078,0.0,saved T02_C10_G500.h5ad in 7.34s
T02_C10_G5000,T02,10,5000,prepare_run,success,2026-02-16 11:30:22.772285,2026-02-16 11:30:22.772285,0.0,saved T02_C10_G5000.h5ad in 8.99s
T02_C10_Gall,T02,10,all,prepare_run,success,2026-02-16 11:30:39.952560,2026-02-16 11:30:39.952560,0.0,saved T02_C10_Gall.h5ad in 17.15s
T02_C20_G1000,T02,20,1000,prepare_run,success,2026-02-16 11:30:48.714005,2026-02-16 11:30:48.714005,0.0,saved T02_C20_G1000.h5ad in 8.68s
T02_C20_G10000,T02,20,10000,prepare_run,success,2026-02-16 11:31:01.093761,2026-02-16 11:31:01.093761,0.0,saved T02_C20_G10000.h5ad in 12.36s
T02_C20_G15000,T02,20,15000,prepare_run,success,2026-02-16 11:31:15.475046,2026-02-16 11:31:15.475046,0.0,saved T02_C20_G15000.h5ad in 14.35s
T02_C20_G20000,T02,20,20000,prepare_run,success,2026-02-16 11:31:32.732692,2026-02-16 11:31:32.732692,0.0,saved T02_C20_G20000.h5ad in 17.13s
T02_C20_G500,T02,20,500,prepare_run,success,2026-02-16 11:31:41.600026,2026-02-16 11:31:41.600026,0.0,saved T02_C20_G500.h5ad in 8.81s
T02_C20_G5000,T02,20,5000,prepare_run,success,2026-02-16 11:31:52.032810,2026-02-16 11:31:52.032810,0.0,saved T02_C20_G5000.h5ad in 10.41s
T02_C20_Gall,T02,20,all,prepare_run,success,2026-02-16 11:32:10.608886,2026-02-16 11:32:10.608886,0.0,saved T02_C20_Gall.h5ad in 18.51s
T02_C50_G1000,T02,50,1000,prepare_run,success,2026-02-16 11:32:22.707332,2026-02-16 11:32:22.707332,0.0,saved T02_C50_G1000.h5ad in 11.88s
T02_C50_G10000,T02,50,10000,prepare_run,success,2026-02-16 11:32:35.271379,2026-02-16 11:32:35.271379,0.0,saved T02_C50_G10000.h5ad in 12.54s
T02_C50_G15000,T02,50,15000,prepare_run,success,2026-02-16 11:32:50.378388,2026-02-16 11:32:50.378388,0.0,saved T02_C50_G15000.h5ad in 15.1s
T02_C50_G20000,T02,50,20000,prepare_run,success,2026-02-16 11:33:07.700139,2026-02-16 11:33:07.700139,0.0,saved T02_C50_G20000.h5ad in 17.23s
T02_C50_G500,T02,50,500,prepare_run,success,2026-02-16 11:33:16.791639,2026-02-16 11:33:16.791639,0.0,saved T02_C50_G500.h5ad in 8.97s
T02_C50_G5000,T02,50,5000,prepare_run,success,2026-02-16 11:33:27.165358,2026-02-16 11:33:27.165358,0.0,saved T02_C50_G5000.h5ad in 10.28s
T02_C50_Gall,T02,50,all,prepare_run,success,2026-02-16 11:33:46.505264,2026-02-16 11:33:46.505264,0.0,saved T02_C50_Gall.h5ad in 19.26s
T02_C70_G1000,T02,70,1000,prepare_run,success,2026-02-16 11:33:57.129646,2026-02-16 11:33:57.129646,0.0,saved T02_C70_G1000.h5ad in 10.61s
T02_C70_G10000,T02,70,10000,prepare_run,success,2026-02-16 11:34:11.232626,2026-02-16 11:34:11.232626,0.0,saved T02_C70_G10000.h5ad in 14.03s
T02_C70_G15000,T02,70,15000,prepare_run,success,2026-02-16 11:34:27.839041,2026-02-16 11:34:27.839041,0.0,saved T02_C70_G15000.h5ad in 16.5s
T02_C70_G20000,T02,70,20000,prepare_run,success,2026-02-16 11:34:46.765349,2026-02-16 11:34:46.765349,0.0,saved T02_C70_G20000.h5ad in 18.91s
T02_C70_G500,T02,70,500,prepare_run,success,2026-02-16 11:34:57.318688,2026-02-16 11:34:57.318688,0.0,saved T02_C70_G500.h5ad in 10.46s
T02_C70_G5000,T02,70,5000,prepare_run,success,2026-02-16 11:35:09.653759,2026-02-16 11:35:09.653759,0.0,saved T02_C70_G5000.h5ad in 12.29s
T02_C70_Gall,T02,70,all,prepare_run,success,2026-02-16 11:35:30.728163,2026-02-16 11:35:30.728163,0.0,saved T02_C70_Gall.h5ad in 21.02s
T02_C100_G1000,T02,100,1000,prepare_run,success,2026-02-16 11:35:34.393973,2026-02-16 11:35:34.393973,0.0,saved T02_C100_G1000.h5ad in 3.62s
T02_C100_G10000,T02,100,10000,prepare_run,success,2026-02-16 11:35:42.208250,2026-02-16 11:35:42.208250,0.0,saved T02_C100_G10000.h5ad in 7.74s
T02_C100_G15000,T02,100,15000,prepare_run,success,2026-02-16 11:35:53.225179,2026-02-16 11:35:53.225179,0.0,saved T02_C100_G15000.h5ad in 10.96s
T02_C100_G20000,T02,100,20000,prepare_run,success,2026-02-16 11:36:06.577691,2026-02-16 11:36:06.577691,0.0,saved T02_C100_G20000.h5ad in 13.28s
T02_C100_G500,T02,100,500,prepare_run,success,2026-02-16 11:36:10.176944,2026-02-16 11:36:10.176944,0.0,saved T02_C100_G500.h5ad in 3.54s
T02_C100_G5000,T02,100,5000,prepare_run,success,2026-02-16 11:36:15.825945,2026-02-16 11:36:15.825945,0.0,saved T02_C100_G5000.h5ad in 5.59s
T02_C100_Gall,T02,100,all,prepare_run,success,2026-02-16 11:36:31.871143,2026-02-16 11:36:31.871143,0.0,saved T02_C100_Gall.h5ad in 16.03s
T03_C1_G1000,T03,1,1000,prepare_run,success,2026-02-16 11:36:45.165173,2026-02-16 11:36:45.165173,0.0,saved T03_C1_G1000.h5ad in 6.87s
T03_C1_G10000,T03,1,10000,prepare_run,success,2026-02-16 11:36:54.478507,2026-02-16 11:36:54.478507,0.0,saved T03_C1_G10000.h5ad in 9.27s
T03_C1_G15000,T03,1,15000,prepare_run,success,2026-02-16 11:37:05.372726,2026-02-16 11:37:05.372726,0.0,saved T03_C1_G15000.h5ad in 10.88s
T03_C1_G20000,T03,1,20000,prepare_run,success,2026-02-16 11:37:18.129699,2026-02-16 11:37:18.129699,0.0,saved T03_C1_G20000.h5ad in 12.7s
T03_C1_G500,T03,1,500,prepare_run,success,2026-02-16 11:37:24.846502,2026-02-16 11:37:24.846502,0.0,saved T03_C1_G500.h5ad in 6.68s
T03_C1_G5000,T03,1,5000,prepare_run,success,2026-02-16 11:37:32.760549,2026-02-16 11:37:32.760549,0.0,saved T03_C1_G5000.h5ad in 7.83s
T03_C1_Gall,T03,1,all,prepare_run,success,2026-02-16 11:37:46.875802,2026-02-16 11:37:46.875802,0.0,saved T03_C1_Gall.h5ad in 14.07s
T03_C2_G1000,T03,2,1000,prepare_run,success,2026-02-16 11:37:53.942343,2026-02-16 11:37:53.942343,0.0,saved T03_C2_G1000.h5ad in 6.99s
T03_C2_G10000,T03,2,10000,prepare_run,success,2026-02-16 11:38:03.261679,2026-02-16 11:38:03.261679,0.0,saved T03_C2_G10000.h5ad in 9.3s
T03_C2_G15000,T03,2,15000,prepare_run,success,2026-02-16 11:38:14.436110,2026-02-16 11:38:14.436110,0.0,saved T03_C2_G15000.h5ad in 11.17s
T03_C2_G20000,T03,2,20000,prepare_run,success,2026-02-16 11:38:27.646634,2026-02-16 11:38:27.646634,0.0,saved T03_C2_G20000.h5ad in 13.2s
T03_C2_G500,T03,2,500,prepare_run,success,2026-02-16 11:38:34.304550,2026-02-16 11:38:34.304550,0.0,saved T03_C2_G500.h5ad in 6.63s
T03_C2_G5000,T03,2,5000,prepare_run,success,2026-02-16 11:38:42.226616,2026-02-16 11:38:42.226616,0.0,saved T03_C2_G5000.h5ad in 7.87s
T03_C2_Gall,T03,2,all,prepare_run,success,2026-02-16 11:38:56.600185,2026-02-16 11:38:56.600185,0.0,saved T03_C2_Gall.h5ad in 14.34s
T03_C3_G1000,T03,3,1000,prepare_run,success,2026-02-16 11:39:03.531931,2026-02-16 11:39:03.531931,0.0,saved T03_C3_G1000.h5ad in 6.9s
T03_C3_G10000,T03,3,10000,prepare_run,success,2026-02-16 11:39:13.201271,2026-02-16 11:39:13.201271,0.0,saved T03_C3_G10000.h5ad in 9.6s
T03_C3_G15000,T03,3,15000,prepare_run,success,2026-02-16 11:39:25.261076,2026-02-16 11:39:25.261076,0.0,saved T03_C3_G15000.h5ad in 12.04s
T03_C3_G20000,T03,3,20000,prepare_run,success,2026-02-16 11:39:38.731505,2026-02-16 11:39:38.731505,0.0,saved T03_C3_G20000.h5ad in 13.42s
T03_C3_G500,T03,3,500,prepare_run,success,2026-02-16 11:39:45.693390,2026-02-16 11:39:45.693390,0.0,saved T03_C3_G500.h5ad in 6.9s
T03_C3_G5000,T03,3,5000,prepare_run,success,2026-02-16 11:39:53.917975,2026-02-16 11:39:53.917975,0.0,saved T03_C3_G5000.h5ad in 8.19s
T03_C3_Gall,T03,3,all,prepare_run,success,2026-02-16 11:40:09.519683,2026-02-16 11:40:09.519683,0.0,saved T03_C3_Gall.h5ad in 15.53s
T03_C5_G1000,T03,5,1000,prepare_run,success,2026-02-16 11:40:16.674806,2026-02-16 11:40:16.674806,0.0,saved T03_C5_G1000.h5ad in 7.06s
T03_C5_G10000,T03,5,10000,prepare_run,success,2026-02-16 11:40:26.550362,2026-02-16 11:40:26.550362,0.0,saved T03_C5_G10000.h5ad in 9.83s
T03_C5_G15000,T03,5,15000,prepare_run,success,2026-02-16 11:40:38.552095,2026-02-16 11:40:38.552095,0.0,saved T03_C5_G15000.h5ad in 11.97s
T03_C5_G20000,T03,5,20000,prepare_run,success,2026-02-16 11:40:52.452915,2026-02-16 11:40:52.452915,0.0,saved T03_C5_G20000.h5ad in 13.87s
T03_C5_G500,T03,5,500,prepare_run,success,2026-02-16 11:40:59.642790,2026-02-16 11:40:59.642790,0.0,saved T03_C5_G500.h5ad in 7.1s
T03_C5_G5000,T03,5,5000,prepare_run,success,2026-02-16 11:41:07.833651,2026-02-16 11:41:07.833651,0.0,saved T03_C5_G5000.h5ad in 8.16s
T03_C5_Gall,T03,5,all,prepare_run,success,2026-02-16 11:41:22.973741,2026-02-16 11:41:22.973741,0.0,saved T03_C5_Gall.h5ad in 15.09s
T03_C10_G1000,T03,10,1000,prepare_run,success,2026-02-16 11:41:30.557978,2026-02-16 11:41:30.557978,0.0,saved T03_C10_G1000.h5ad in 7.55s
T03_C10_G10000,T03,10,10000,prepare_run,success,2026-02-16 11:41:40.823838,2026-02-16 11:41:40.823838,0.0,saved T03_C10_G10000.h5ad in 10.2s
T03_C10_G15000,T03,10,15000,prepare_run,success,2026-02-16 11:41:53.189646,2026-02-16 11:41:53.189646,0.0,saved T03_C10_G15000.h5ad in 12.34s
T03_C10_G20000,T03,10,20000,prepare_run,success,2026-02-16 11:42:07.568709,2026-02-16 11:42:07.568709,0.0,saved T03_C10_G20000.h5ad in 14.27s
T03_C10_G500,T03,10,500,prepare_run,success,2026-02-16 11:42:15.407669,2026-02-16 11:42:15.407669,0.0,saved T03_C10_G500.h5ad in 7.81s
T03_C10_G5000,T03,10,5000,prepare_run,success,2026-02-16 11:42:24.910801,2026-02-16 11:42:24.910801,0.0,saved T03_C10_G5000.h5ad in 9.48s
T03_C10_Gall,T03,10,all,prepare_run,success,2026-02-16 11:42:41.070623,2026-02-16 11:42:41.070623,0.0,saved T03_C10_Gall.h5ad in 16.13s
T03_C20_G1000,T03,20,1000,prepare_run,success,2026-02-16 11:42:49.992802,2026-02-16 11:42:49.992802,0.0,saved T03_C20_G1000.h5ad in 8.9s
T03_C20_G10000,T03,20,10000,prepare_run,success,2026-02-16 11:43:02.538342,2026-02-16 11:43:02.538342,0.0,saved T03_C20_G10000.h5ad in 12.53s
T03_C20_G15000,T03,20,15000,prepare_run,success,2026-02-16 11:43:16.222058,2026-02-16 11:43:16.222058,0.0,saved T03_C20_G15000.h5ad in 13.66s
T03_C20_G20000,T03,20,20000,prepare_run,success,2026-02-16 11:43:33.466574,2026-02-16 11:43:33.466574,0.0,saved T03_C20_G20000.h5ad in 17.22s
T03_C20_G500,T03,20,500,prepare_run,success,2026-02-16 11:43:42.007985,2026-02-16 11:43:42.007985,0.0,saved T03_C20_G500.h5ad in 8.52s
T03_C20_G5000,T03,20,5000,prepare_run,success,2026-02-16 11:43:50.719248,2026-02-16 11:43:50.719248,0.0,saved T03_C20_G5000.h5ad in 8.67s
T03_C20_Gall,T03,20,all,prepare_run,success,2026-02-16 11:44:07.087740,2026-02-16 11:44:07.087740,0.0,saved T03_C20_Gall.h5ad in 16.34s
T03_C50_G1000,T03,50,1000,prepare_run,success,2026-02-16 11:44:16.047538,2026-02-16 11:44:16.047538,0.0,saved T03_C50_G1000.h5ad in 8.94s
T03_C50_G10000,T03,50,10000,prepare_run,success,2026-02-16 11:44:28.398451,2026-02-16 11:44:28.398451,0.0,saved T03_C50_G10000.h5ad in 12.34s
T03_C50_G15000,T03,50,15000,prepare_run,success,2026-02-16 11:44:43.133188,2026-02-16 11:44:43.133188,0.0,saved T03_C50_G15000.h5ad in 14.71s
T03_C50_G20000,T03,50,20000,prepare_run,success,2026-02-16 11:45:00.341964,2026-02-16 11:45:00.341964,0.0,saved T03_C50_G20000.h5ad in 17.18s
T03_C50_G500,T03,50,500,prepare_run,success,2026-02-16 11:45:09.038784,2026-02-16 11:45:09.038784,0.0,saved T03_C50_G500.h5ad in 8.65s
T03_C50_G5000,T03,50,5000,prepare_run,success,2026-02-16 11:45:19.314868,2026-02-16 11:45:19.314868,0.0,saved T03_C50_G5000.h5ad in 10.26s
T03_C50_Gall,T03,50,all,prepare_run,success,2026-02-16 11:45:38.262,2026-02-16 11:45:38.262,0.0,saved T03_C50_Gall.h5ad in 18.89s
T03_C70_G1000,T03,70,1000,prepare_run,success,2026-02-16 11:45:48.673788,2026-02-16 11:45:48.673788,0.0,saved T03_C70_G1000.h5ad in 10.36s
T03_C70_G10000,T03,70,10000,prepare_run,success,2026-02-16 11:46:02.691068,2026-02-16 11:46:02.691068,0.0,saved T03_C70_G10000.h5ad in 13.98s
T03_C70_G15000,T03,70,15000,prepare_run,success,2026-02-16 11:46:19.541564,2026-02-16 11:46:19.541564,0.0,saved T03_C70_G15000.h5ad in 16.82s
T03_C70_G20000,T03,70,20000,prepare_run,success,2026-02-16 11:46:38.040106,2026-02-16 11:46:38.040106,0.0,saved T03_C70_G20000.h5ad in 18.45s
T03_C70_G500,T03,70,500,prepare_run,success,2026-02-16 11:46:48.489797,2026-02-16 11:46:48.489797,0.0,saved T03_C70_G500.h5ad in 10.41s
T03_C70_G5000,T03,70,5000,prepare_run,success,2026-02-16 11:47:00.645279,2026-02-16 11:47:00.645279,0.0,saved T03_C70_G5000.h5ad in 12.12s
T03_C70_Gall,T03,70,all,prepare_run,success,2026-02-16 11:47:22.094687,2026-02-16 11:47:22.094687,0.0,saved T03_C70_Gall.h5ad in 21.42s
T03_C100_G1000,T03,100,1000,prepare_run,success,2026-02-16 11:47:25.842162,2026-02-16 11:47:25.842162,0.0,saved T03_C100_G1000.h5ad in 3.72s
T03_C100_G10000,T03,100,10000,prepare_run,success,2026-02-16 11:47:33.739811,2026-02-16 11:47:33.739811,0.0,saved T03_C100_G10000.h5ad in 7.87s
T03_C100_G15000,T03,100,15000,prepare_run,success,2026-02-16 11:47:44.976748,2026-02-16 11:47:44.976748,0.0,saved T03_C100_G15000.h5ad in 11.21s
T03_C100_G20000,T03,100,20000,prepare_run,success,2026-02-16 11:47:59.085501,2026-02-16 11:47:59.085501,0.0,saved T03_C100_G20000.h5ad in 14.07s
T03_C100_G500,T03,100,500,prepare_run,success,2026-02-16 11:48:02.759113,2026-02-16 11:48:02.759113,0.0,saved T03_C100_G500.h5ad in 3.63s
T03_C100_G5000,T03,100,5000,prepare_run,success,2026-02-16 11:48:08.331880,2026-02-16 11:48:08.331880,0.0,saved T03_C100_G5000.h5ad in 5.54s
T03_C100_Gall,T03,100,all,prepare_run,success,2026-02-16 11:48:24.372133,2026-02-16 11:48:24.372133,0.0,saved T03_C100_Gall.h5ad in 16.03s
T04_C1_G1000,T04,1,1000,prepare_run,success,2026-02-16 11:48:38.963207,2026-02-16 11:48:38.963207,0.0,saved T04_C1_G1000.h5ad in 6.67s
T04_C1_G10000,T04,1,10000,prepare_run,success,2026-02-16 11:48:48.358664,2026-02-16 11:48:48.358664,0.0,saved T04_C1_G10000.h5ad in 9.35s
T04_C1_G15000,T04,1,15000,prepare_run,success,2026-02-16 11:48:59.472862,2026-02-16 11:48:59.472862,0.0,saved T04_C1_G15000.h5ad in 11.07s
T04_C1_G20000,T04,1,20000,prepare_run,success,2026-02-16 11:49:12.167316,2026-02-16 11:49:12.167316,0.0,saved T04_C1_G20000.h5ad in 12.68s
T04_C1_G500,T04,1,500,prepare_run,success,2026-02-16 11:49:18.728148,2026-02-16 11:49:18.728148,0.0,saved T04_C1_G500.h5ad in 6.51s
T04_C1_G5000,T04,1,5000,prepare_run,success,2026-02-16 11:49:26.621521,2026-02-16 11:49:26.621521,0.0,saved T04_C1_G5000.h5ad in 7.85s
T04_C1_Gall,T04,1,all,prepare_run,success,2026-02-16 11:49:40.521800,2026-02-16 11:49:40.521800,0.0,saved T04_C1_Gall.h5ad in 13.82s
T04_C2_G1000,T04,2,1000,prepare_run,success,2026-02-16 11:49:47.931233,2026-02-16 11:49:47.931233,0.0,saved T04_C2_G1000.h5ad in 7.39s
T04_C2_G10000,T04,2,10000,prepare_run,success,2026-02-16 11:49:57.324471,2026-02-16 11:49:57.324471,0.0,saved T04_C2_G10000.h5ad in 9.27s
T04_C2_G15000,T04,2,15000,prepare_run,success,2026-02-16 11:50:08.732046,2026-02-16 11:50:08.732046,0.0,saved T04_C2_G15000.h5ad in 11.31s
T04_C2_G20000,T04,2,20000,prepare_run,success,2026-02-16 11:50:21.718405,2026-02-16 11:50:21.718405,0.0,saved T04_C2_G20000.h5ad in 12.92s
T04_C2_G500,T04,2,500,prepare_run,success,2026-02-16 11:50:28.484360,2026-02-16 11:50:28.484360,0.0,saved T04_C2_G500.h5ad in 6.7s
T04_C2_G5000,T04,2,5000,prepare_run,success,2026-02-16 11:50:36.448492,2026-02-16 11:50:36.448492,0.0,saved T04_C2_G5000.h5ad in 7.88s
T04_C2_Gall,T04,2,all,prepare_run,success,2026-02-16 11:50:51.033815,2026-02-16 11:50:51.033815,0.0,saved T04_C2_Gall.h5ad in 14.5s
T04_C3_G1000,T04,3,1000,prepare_run,success,2026-02-16 11:50:57.942609,2026-02-16 11:50:57.942609,0.0,saved T04_C3_G1000.h5ad in 6.79s
T04_C3_G10000,T04,3,10000,prepare_run,success,2026-02-16 11:51:07.662099,2026-02-16 11:51:07.662099,0.0,saved T04_C3_G10000.h5ad in 9.64s
T04_C3_G15000,T04,3,15000,prepare_run,success,2026-02-16 11:51:19.322764,2026-02-16 11:51:19.322764,0.0,saved T04_C3_G15000.h5ad in 11.59s
T04_C3_G20000,T04,3,20000,prepare_run,success,2026-02-16 11:51:32.478506,2026-02-16 11:51:32.478506,0.0,saved T04_C3_G20000.h5ad in 13.09s
T04_C3_G500,T04,3,500,prepare_run,success,2026-02-16 11:51:40.891462,2026-02-16 11:51:40.891462,0.0,saved T04_C3_G500.h5ad in 8.39s
T04_C3_G5000,T04,3,5000,prepare_run,success,2026-02-16 11:51:50.357605,2026-02-16 11:51:50.357605,0.0,saved T04_C3_G5000.h5ad in 9.43s
T04_C3_Gall,T04,3,all,prepare_run,success,2026-02-16 11:52:06.927217,2026-02-16 11:52:06.927217,0.0,saved T04_C3_Gall.h5ad in 16.52s
T04_C5_G1000,T04,5,1000,prepare_run,success,2026-02-16 11:52:15.885795,2026-02-16 11:52:15.885795,0.0,saved T04_C5_G1000.h5ad in 8.94s
T04_C5_G10000,T04,5,10000,prepare_run,success,2026-02-16 11:52:27.380226,2026-02-16 11:52:27.380226,0.0,saved T04_C5_G10000.h5ad in 11.47s
T04_C5_G15000,T04,5,15000,prepare_run,success,2026-02-16 11:52:41.174033,2026-02-16 11:52:41.174033,0.0,saved T04_C5_G15000.h5ad in 13.76s
T04_C5_G20000,T04,5,20000,prepare_run,success,2026-02-16 11:52:56.803852,2026-02-16 11:52:56.803852,0.0,saved T04_C5_G20000.h5ad in 15.61s
T04_C5_G500,T04,5,500,prepare_run,success,2026-02-16 11:53:05.795091,2026-02-16 11:53:05.795091,0.0,saved T04_C5_G500.h5ad in 8.97s
T04_C5_G5000,T04,5,5000,prepare_run,success,2026-02-16 11:53:15.881996,2026-02-16 11:53:15.881996,0.0,saved T04_C5_G5000.h5ad in 10.03s
T04_C5_Gall,T04,5,all,prepare_run,success,2026-02-16 11:53:32.951206,2026-02-16 11:53:32.951206,0.0,saved T04_C5_Gall.h5ad in 17.04s
T04_C10_G1000,T04,10,1000,prepare_run,success,2026-02-16 11:53:42.418734,2026-02-16 11:53:42.418734,0.0,saved T04_C10_G1000.h5ad in 9.45s
T04_C10_G10000,T04,10,10000,prepare_run,success,2026-02-16 11:53:54.436198,2026-02-16 11:53:54.436198,0.0,saved T04_C10_G10000.h5ad in 11.82s
T04_C10_G15000,T04,10,15000,prepare_run,success,2026-02-16 11:54:09.191538,2026-02-16 11:54:09.191538,0.0,saved T04_C10_G15000.h5ad in 14.72s
T04_C10_G20000,T04,10,20000,prepare_run,success,2026-02-16 11:54:24.973412,2026-02-16 11:54:24.973412,0.0,saved T04_C10_G20000.h5ad in 15.77s
T04_C10_G500,T04,10,500,prepare_run,success,2026-02-16 11:54:34.114405,2026-02-16 11:54:34.114405,0.0,saved T04_C10_G500.h5ad in 9.08s
T04_C10_G5000,T04,10,5000,prepare_run,success,2026-02-16 11:54:44.237671,2026-02-16 11:54:44.237671,0.0,saved T04_C10_G5000.h5ad in 10.06s
T04_C10_Gall,T04,10,all,prepare_run,success,2026-02-16 11:55:01.138756,2026-02-16 11:55:01.138756,0.0,saved T04_C10_Gall.h5ad in 16.86s
T04_C20_G1000,T04,20,1000,prepare_run,success,2026-02-16 11:55:10.389186,2026-02-16 11:55:10.389186,0.0,saved T04_C20_G1000.h5ad in 9.17s
T04_C20_G10000,T04,20,10000,prepare_run,success,2026-02-16 11:55:22.891881,2026-02-16 11:55:22.891881,0.0,saved T04_C20_G10000.h5ad in 12.34s
T04_C20_G15000,T04,20,15000,prepare_run,success,2026-02-16 11:55:37.389793,2026-02-16 11:55:37.389793,0.0,saved T04_C20_G15000.h5ad in 14.4s
T04_C20_G20000,T04,20,20000,prepare_run,success,2026-02-16 11:55:54.315484,2026-02-16 11:55:54.315484,0.0,saved T04_C20_G20000.h5ad in 16.87s
T04_C20_G500,T04,20,500,prepare_run,success,2026-02-16 11:56:01.442793,2026-02-16 11:56:01.442793,0.0,saved T04_C20_G500.h5ad in 7.1s
T04_C20_G5000,T04,20,5000,prepare_run,success,2026-02-16 11:56:09.846986,2026-02-16 11:56:09.846986,0.0,saved T04_C20_G5000.h5ad in 8.38s
T04_C20_Gall,T04,20,all,prepare_run,success,2026-02-16 11:56:25.869576,2026-02-16 11:56:25.869576,0.0,saved T04_C20_Gall.h5ad in 15.99s
T04_C50_G1000,T04,50,1000,prepare_run,success,2026-02-16 11:56:34.756890,2026-02-16 11:56:34.756890,0.0,saved T04_C50_G1000.h5ad in 8.84s
T04_C50_G10000,T04,50,10000,prepare_run,success,2026-02-16 11:56:46.996435,2026-02-16 11:56:46.996435,0.0,saved T04_C50_G10000.h5ad in 12.18s
T04_C50_G15000,T04,50,15000,prepare_run,success,2026-02-16 11:57:01.939921,2026-02-16 11:57:01.939921,0.0,saved T04_C50_G15000.h5ad in 14.91s
T04_C50_G20000,T04,50,20000,prepare_run,success,2026-02-16 11:57:18.754744,2026-02-16 11:57:18.754744,0.0,saved T04_C50_G20000.h5ad in 16.8s
T04_C50_G500,T04,50,500,prepare_run,success,2026-02-16 11:57:27.376241,2026-02-16 11:57:27.376241,0.0,saved T04_C50_G500.h5ad in 8.58s
T04_C50_G5000,T04,50,5000,prepare_run,success,2026-02-16 11:57:37.562173,2026-02-16 11:57:37.562173,0.0,saved T04_C50_G5000.h5ad in 10.17s
T04_C50_Gall,T04,50,all,prepare_run,success,2026-02-16 11:57:56.342874,2026-02-16 11:57:56.342874,0.0,saved T04_C50_Gall.h5ad in 18.77s
T04_C70_G1000,T04,70,1000,prepare_run,success,2026-02-16 11:58:06.214250,2026-02-16 11:58:06.214250,0.0,saved T04_C70_G1000.h5ad in 9.81s
T04_C70_G10000,T04,70,10000,prepare_run,success,2026-02-16 11:58:19.723533,2026-02-16 11:58:19.723533,0.0,saved T04_C70_G10000.h5ad in 13.48s
T04_C70_G15000,T04,70,15000,prepare_run,success,2026-02-16 11:58:35.831918,2026-02-16 11:58:35.831918,0.0,saved T04_C70_G15000.h5ad in 16.08s
T04_C70_G20000,T04,70,20000,prepare_run,success,2026-02-16 11:58:54.181466,2026-02-16 11:58:54.181466,0.0,saved T04_C70_G20000.h5ad in 18.33s
T04_C70_G500,T04,70,500,prepare_run,success,2026-02-16 11:59:03.914112,2026-02-16 11:59:03.914112,0.0,saved T04_C70_G500.h5ad in 9.7s
T04_C70_G5000,T04,70,5000,prepare_run,success,2026-02-16 11:59:15.295483,2026-02-16 11:59:15.295483,0.0,saved T04_C70_G5000.h5ad in 11.36s
T04_C70_Gall,T04,70,all,prepare_run,success,2026-02-16 11:59:35.652999,2026-02-16 11:59:35.652999,0.0,saved T04_C70_Gall.h5ad in 20.34s
T04_C100_G1000,T04,100,1000,prepare_run,success,2026-02-16 11:59:39.084679,2026-02-16 11:59:39.084679,0.0,saved T04_C100_G1000.h5ad in 3.41s
T04_C100_G10000,T04,100,10000,prepare_run,success,2026-02-16 11:59:46.703517,2026-02-16 11:59:46.703517,0.0,saved T04_C100_G10000.h5ad in 7.6s
T04_C100_G15000,T04,100,15000,prepare_run,success,2026-02-16 11:59:57.504888,2026-02-16 11:59:57.504888,0.0,saved T04_C100_G15000.h5ad in 10.75s
T04_C100_G20000,T04,100,20000,prepare_run,success,2026-02-16 12:00:10.659285,2026-02-16 12:00:10.659285,0.0,saved T04_C100_G20000.h5ad in 13.13s
T04_C100_G500,T04,100,500,prepare_run,success,2026-02-16 12:00:14.155150,2026-02-16 12:00:14.155150,0.0,saved T04_C100_G500.h5ad in 3.45s
T04_C100_G5000,T04,100,5000,prepare_run,success,2026-02-16 12:00:19.456620,2026-02-16 12:00:19.456620,0.0,saved T04_C100_G5000.h5ad in 5.26s
T04_C100_Gall,T04,100,all,prepare_run,success,2026-02-16 12:00:35.499684,2026-02-16 12:00:35.499684,0.0,saved T04_C100_Gall.h5ad in 16.02s
T05_C1_G1000,T05,1,1000,prepare_run,success,2026-02-16 12:00:47.787548,2026-02-16 12:00:47.787548,0.0,saved T05_C1_G1000.h5ad in 6.66s
T05_C1_G10000,T05,1,10000,prepare_run,success,2026-02-16 12:00:56.778861,2026-02-16 12:00:56.778861,0.0,saved T05_C1_G10000.h5ad in 8.97s
T05_C1_G15000,T05,1,15000,prepare_run,success,2026-02-16 12:01:07.640365,2026-02-16 12:01:07.640365,0.0,saved T05_C1_G15000.h5ad in 10.82s
T05_C1_G20000,T05,1,20000,prepare_run,success,2026-02-16 12:01:20.238601,2026-02-16 12:01:20.238601,0.0,saved T05_C1_G20000.h5ad in 12.58s
T05_C1_G500,T05,1,500,prepare_run,success,2026-02-16 12:01:26.807277,2026-02-16 12:01:26.807277,0.0,saved T05_C1_G500.h5ad in 6.54s
T05_C1_G5000,T05,1,5000,prepare_run,success,2026-02-16 12:01:34.591862,2026-02-16 12:01:34.591862,0.0,saved T05_C1_G5000.h5ad in 7.76s
T05_C1_Gall,T05,1,all,prepare_run,success,2026-02-16 12:01:48.548584,2026-02-16 12:01:48.548584,0.0,saved T05_C1_Gall.h5ad in 13.92s
T05_C2_G1000,T05,2,1000,prepare_run,success,2026-02-16 12:01:55.316674,2026-02-16 12:01:55.316674,0.0,saved T05_C2_G1000.h5ad in 6.73s
T05_C2_G10000,T05,2,10000,prepare_run,success,2026-02-16 12:02:04.718523,2026-02-16 12:02:04.718523,0.0,saved T05_C2_G10000.h5ad in 9.38s
T05_C2_G15000,T05,2,15000,prepare_run,success,2026-02-16 12:02:15.833001,2026-02-16 12:02:15.833001,0.0,saved T05_C2_G15000.h5ad in 11.09s
T05_C2_G20000,T05,2,20000,prepare_run,success,2026-02-16 12:02:28.712729,2026-02-16 12:02:28.712729,0.0,saved T05_C2_G20000.h5ad in 12.86s
T05_C2_G500,T05,2,500,prepare_run,success,2026-02-16 12:02:35.383894,2026-02-16 12:02:35.383894,0.0,saved T05_C2_G500.h5ad in 6.65s
T05_C2_G5000,T05,2,5000,prepare_run,success,2026-02-16 12:02:43.379506,2026-02-16 12:02:43.379506,0.0,saved T05_C2_G5000.h5ad in 7.98s
T05_C2_Gall,T05,2,all,prepare_run,success,2026-02-16 12:02:57.753626,2026-02-16 12:02:57.753626,0.0,saved T05_C2_Gall.h5ad in 14.35s
T05_C3_G1000,T05,3,1000,prepare_run,success,2026-02-16 12:03:04.811395,2026-02-16 12:03:04.811395,0.0,saved T05_C3_G1000.h5ad in 7.04s
T05_C3_G10000,T05,3,10000,prepare_run,success,2026-02-16 12:03:15.566288,2026-02-16 12:03:15.566288,0.0,saved T05_C3_G10000.h5ad in 10.73s
T05_C3_G15000,T05,3,15000,prepare_run,success,2026-02-16 12:03:26.898812,2026-02-16 12:03:26.898812,0.0,saved T05_C3_G15000.h5ad in 11.3s
T05_C3_G20000,T05,3,20000,prepare_run,success,2026-02-16 12:03:40.149077,2026-02-16 12:03:40.149077,0.0,saved T05_C3_G20000.h5ad in 13.2s
T05_C3_G500,T05,3,500,prepare_run,success,2026-02-16 12:03:47.014157,2026-02-16 12:03:47.014157,0.0,saved T05_C3_G500.h5ad in 6.82s
T05_C3_G5000,T05,3,5000,prepare_run,success,2026-02-16 12:03:55.564149,2026-02-16 12:03:55.564149,0.0,saved T05_C3_G5000.h5ad in 8.53s
T05_C3_Gall,T05,3,all,prepare_run,success,2026-02-16 12:04:11.521703,2026-02-16 12:04:11.521703,0.0,saved T05_C3_Gall.h5ad in 15.91s
T05_C5_G1000,T05,5,1000,prepare_run,success,2026-02-16 12:04:19.128175,2026-02-16 12:04:19.128175,0.0,saved T05_C5_G1000.h5ad in 7.57s
T05_C5_G10000,T05,5,10000,prepare_run,success,2026-02-16 12:04:30.488268,2026-02-16 12:04:30.488268,0.0,saved T05_C5_G10000.h5ad in 11.33s
T05_C5_G15000,T05,5,15000,prepare_run,success,2026-02-16 12:04:43.244414,2026-02-16 12:04:43.244414,0.0,saved T05_C5_G15000.h5ad in 12.71s
T05_C5_G20000,T05,5,20000,prepare_run,success,2026-02-16 12:04:58.685274,2026-02-16 12:04:58.685274,0.0,saved T05_C5_G20000.h5ad in 15.37s
T05_C5_G500,T05,5,500,prepare_run,success,2026-02-16 12:05:06.650239,2026-02-16 12:05:06.650239,0.0,saved T05_C5_G500.h5ad in 7.92s
T05_C5_G5000,T05,5,5000,prepare_run,success,2026-02-16 12:05:15.860776,2026-02-16 12:05:15.860776,0.0,saved T05_C5_G5000.h5ad in 9.15s
T05_C5_Gall,T05,5,all,prepare_run,success,2026-02-16 12:05:32.113533,2026-02-16 12:05:32.113533,0.0,saved T05_C5_Gall.h5ad in 16.19s
T05_C10_G1000,T05,10,1000,prepare_run,success,2026-02-16 12:05:40.628152,2026-02-16 12:05:40.628152,0.0,saved T05_C10_G1000.h5ad in 8.48s
T05_C10_G10000,T05,10,10000,prepare_run,success,2026-02-16 12:05:51.930673,2026-02-16 12:05:51.930673,0.0,saved T05_C10_G10000.h5ad in 11.29s
T05_C10_G15000,T05,10,15000,prepare_run,success,2026-02-16 12:06:05.958839,2026-02-16 12:06:05.958839,0.0,saved T05_C10_G15000.h5ad in 14.01s
T05_C10_G20000,T05,10,20000,prepare_run,success,2026-02-16 12:06:21.501914,2026-02-16 12:06:21.501914,0.0,saved T05_C10_G20000.h5ad in 15.52s
T05_C10_G500,T05,10,500,prepare_run,success,2026-02-16 12:06:30.025768,2026-02-16 12:06:30.025768,0.0,saved T05_C10_G500.h5ad in 8.49s
T05_C10_G5000,T05,10,5000,prepare_run,success,2026-02-16 12:06:39.266548,2026-02-16 12:06:39.266548,0.0,saved T05_C10_G5000.h5ad in 9.2s
T05_C10_Gall,T05,10,all,prepare_run,success,2026-02-16 12:06:56.395340,2026-02-16 12:06:56.395340,0.0,saved T05_C10_Gall.h5ad in 17.11s
T05_C20_G1000,T05,20,1000,prepare_run,success,2026-02-16 12:07:05.821553,2026-02-16 12:07:05.821553,0.0,saved T05_C20_G1000.h5ad in 9.38s
T05_C20_G10000,T05,20,10000,prepare_run,success,2026-02-16 12:07:17.513893,2026-02-16 12:07:17.513893,0.0,saved T05_C20_G10000.h5ad in 11.64s
T05_C20_G15000,T05,20,15000,prepare_run,success,2026-02-16 12:07:32.589967,2026-02-16 12:07:32.589967,0.0,saved T05_C20_G15000.h5ad in 15.05s
T05_C20_G20000,T05,20,20000,prepare_run,success,2026-02-16 12:07:48.742169,2026-02-16 12:07:48.742169,0.0,saved T05_C20_G20000.h5ad in 16.13s
T05_C20_G500,T05,20,500,prepare_run,success,2026-02-16 12:07:55.837291,2026-02-16 12:07:55.837291,0.0,saved T05_C20_G500.h5ad in 7.07s
T05_C20_G5000,T05,20,5000,prepare_run,success,2026-02-16 12:08:04.425629,2026-02-16 12:08:04.425629,0.0,saved T05_C20_G5000.h5ad in 8.54s
T05_C20_Gall,T05,20,all,prepare_run,success,2026-02-16 12:08:20.528732,2026-02-16 12:08:20.528732,0.0,saved T05_C20_Gall.h5ad in 16.08s
T05_C50_G1000,T05,50,1000,prepare_run,success,2026-02-16 12:08:29.481407,2026-02-16 12:08:29.481407,0.0,saved T05_C50_G1000.h5ad in 8.93s
T05_C50_G10000,T05,50,10000,prepare_run,success,2026-02-16 12:08:41.760211,2026-02-16 12:08:41.760211,0.0,saved T05_C50_G10000.h5ad in 12.25s
T05_C50_G15000,T05,50,15000,prepare_run,success,2026-02-16 12:08:56.523478,2026-02-16 12:08:56.523478,0.0,saved T05_C50_G15000.h5ad in 14.73s
T05_C50_G20000,T05,50,20000,prepare_run,success,2026-02-16 12:09:13.596830,2026-02-16 12:09:13.596830,0.0,saved T05_C50_G20000.h5ad in 17.04s
T05_C50_G500,T05,50,500,prepare_run,success,2026-02-16 12:09:22.230534,2026-02-16 12:09:22.230534,0.0,saved T05_C50_G500.h5ad in 8.61s
T05_C50_G5000,T05,50,5000,prepare_run,success,2026-02-16 12:09:32.731762,2026-02-16 12:09:32.731762,0.0,saved T05_C50_G5000.h5ad in 10.48s
T05_C50_Gall,T05,50,all,prepare_run,success,2026-02-16 12:09:51.792366,2026-02-16 12:09:51.792366,0.0,saved T05_C50_Gall.h5ad in 19.02s
T05_C70_G1000,T05,70,1000,prepare_run,success,2026-02-16 12:10:01.814980,2026-02-16 12:10:01.814980,0.0,saved T05_C70_G1000.h5ad in 10.0s
T05_C70_G10000,T05,70,10000,prepare_run,success,2026-02-16 12:10:15.388372,2026-02-16 12:10:15.388372,0.0,saved T05_C70_G10000.h5ad in 13.52s
T05_C70_G15000,T05,70,15000,prepare_run,success,2026-02-16 12:10:31.521626,2026-02-16 12:10:31.521626,0.0,saved T05_C70_G15000.h5ad in 16.11s
T05_C70_G20000,T05,70,20000,prepare_run,success,2026-02-16 12:10:50.072600,2026-02-16 12:10:50.072600,0.0,saved T05_C70_G20000.h5ad in 18.52s
T05_C70_G500,T05,70,500,prepare_run,success,2026-02-16 12:10:59.844864,2026-02-16 12:10:59.844864,0.0,saved T05_C70_G500.h5ad in 9.73s
T05_C70_G5000,T05,70,5000,prepare_run,success,2026-02-16 12:11:11.344870,2026-02-16 12:11:11.344870,0.0,saved T05_C70_G5000.h5ad in 11.48s
T05_C70_Gall,T05,70,all,prepare_run,success,2026-02-16 12:11:31.450352,2026-02-16 12:11:31.450352,0.0,saved T05_C70_Gall.h5ad in 20.08s
T05_C100_G1000,T05,100,1000,prepare_run,success,2026-02-16 12:11:34.950607,2026-02-16 12:11:34.950607,0.0,saved T05_C100_G1000.h5ad in 3.45s
T05_C100_G10000,T05,100,10000,prepare_run,success,2026-02-16 12:11:42.527596,2026-02-16 12:11:42.527596,0.0,saved T05_C100_G10000.h5ad in 7.55s
T05_C100_G15000,T05,100,15000,prepare_run,success,2026-02-16 12:11:53.259456,2026-02-16 12:11:53.259456,0.0,saved T05_C100_G15000.h5ad in 10.69s
T05_C100_G20000,T05,100,20000,prepare_run,success,2026-02-16 12:12:06.612723,2026-02-16 12:12:06.612723,0.0,saved T05_C100_G20000.h5ad in 13.31s
T05_C100_G500,T05,100,500,prepare_run,success,2026-02-16 12:12:09.947356,2026-02-16 12:12:09.947356,0.0,saved T05_C100_G500.h5ad in 3.3s
T05_C100_G5000,T05,100,5000,prepare_run,success,2026-02-16 12:12:15.372969,2026-02-16 12:12:15.372969,0.0,saved T05_C100_G5000.h5ad in 5.35s
T05_C100_Gall,T05,100,all,prepare_run,success,2026-02-16 12:12:31.408361,2026-02-16 12:12:31.408361,0.0,saved T05_C100_Gall.h5ad in 15.99s
T06_C1_G1000,T06,1,1000,prepare_run,success,2026-02-16 12:12:44.470435,2026-02-16 12:12:44.470435,0.0,saved T06_C1_G1000.h5ad in 6.62s
T06_C1_G10000,T06,1,10000,prepare_run,success,2026-02-16 12:12:53.349501,2026-02-16 12:12:53.349501,0.0,saved T06_C1_G10000.h5ad in 8.81s
T06_C1_G15000,T06,1,15000,prepare_run,success,2026-02-16 12:13:04.377730,2026-02-16 12:13:04.377730,0.0,saved T06_C1_G15000.h5ad in 10.99s
T06_C1_G20000,T06,1,20000,prepare_run,success,2026-02-16 12:13:16.983115,2026-02-16 12:13:16.983115,0.0,saved T06_C1_G20000.h5ad in 12.55s
T06_C1_G500,T06,1,500,prepare_run,success,2026-02-16 12:13:23.477783,2026-02-16 12:13:23.477783,0.0,saved T06_C1_G500.h5ad in 6.46s
T06_C1_G5000,T06,1,5000,prepare_run,success,2026-02-16 12:13:31.083403,2026-02-16 12:13:31.083403,0.0,saved T06_C1_G5000.h5ad in 7.58s
T06_C1_Gall,T06,1,all,prepare_run,success,2026-02-16 12:13:45.083638,2026-02-16 12:13:45.083638,0.0,saved T06_C1_Gall.h5ad in 13.98s
T06_C2_G1000,T06,2,1000,prepare_run,success,2026-02-16 12:13:55.241597,2026-02-16 12:13:55.241597,0.0,saved T06_C2_G1000.h5ad in 6.85s
T06_C2_G10000,T06,2,10000,prepare_run,success,2026-02-16 12:14:04.329975,2026-02-16 12:14:04.329975,0.0,saved T06_C2_G10000.h5ad in 9.05s
T06_C2_G15000,T06,2,15000,prepare_run,success,2026-02-16 12:14:15.472121,2026-02-16 12:14:15.472121,0.0,saved T06_C2_G15000.h5ad in 11.12s
T06_C2_G20000,T06,2,20000,prepare_run,success,2026-02-16 12:14:28.045915,2026-02-16 12:14:28.045915,0.0,saved T06_C2_G20000.h5ad in 12.52s
T06_C2_G500,T06,2,500,prepare_run,success,2026-02-16 12:14:34.674685,2026-02-16 12:14:34.674685,0.0,saved T06_C2_G500.h5ad in 6.6s
T06_C2_G5000,T06,2,5000,prepare_run,success,2026-02-16 12:14:43.325590,2026-02-16 12:14:43.325590,0.0,saved T06_C2_G5000.h5ad in 8.62s
T06_C2_Gall,T06,2,all,prepare_run,success,2026-02-16 12:14:58.092996,2026-02-16 12:14:58.092996,0.0,saved T06_C2_Gall.h5ad in 14.72s
T06_C3_G1000,T06,3,1000,prepare_run,success,2026-02-16 12:15:05.628229,2026-02-16 12:15:05.628229,0.0,saved T06_C3_G1000.h5ad in 7.49s
T06_C3_G10000,T06,3,10000,prepare_run,success,2026-02-16 12:15:16.584849,2026-02-16 12:15:16.584849,0.0,saved T06_C3_G10000.h5ad in 10.93s
T06_C3_G15000,T06,3,15000,prepare_run,success,2026-02-16 12:15:27.923159,2026-02-16 12:15:27.923159,0.0,saved T06_C3_G15000.h5ad in 11.31s
T06_C3_G20000,T06,3,20000,prepare_run,success,2026-02-16 12:15:42.364366,2026-02-16 12:15:42.364366,0.0,saved T06_C3_G20000.h5ad in 14.28s
T06_C3_G500,T06,3,500,prepare_run,success,2026-02-16 12:15:50.236879,2026-02-16 12:15:50.236879,0.0,saved T06_C3_G500.h5ad in 7.83s
T06_C3_G5000,T06,3,5000,prepare_run,success,2026-02-16 12:15:59.886368,2026-02-16 12:15:59.886368,0.0,saved T06_C3_G5000.h5ad in 9.63s
T06_C3_Gall,T06,3,all,prepare_run,success,2026-02-16 12:16:15.286304,2026-02-16 12:16:15.286304,0.0,saved T06_C3_Gall.h5ad in 15.36s
T06_C5_G1000,T06,5,1000,prepare_run,success,2026-02-16 12:16:23.974270,2026-02-16 12:16:23.974270,0.0,saved T06_C5_G1000.h5ad in 8.65s
T06_C5_G10000,T06,5,10000,prepare_run,success,2026-02-16 12:16:35.724476,2026-02-16 12:16:35.724476,0.0,saved T06_C5_G10000.h5ad in 11.59s
T06_C5_G15000,T06,5,15000,prepare_run,success,2026-02-16 12:16:47.415051,2026-02-16 12:16:47.415051,0.0,saved T06_C5_G15000.h5ad in 11.63s
T06_C5_G20000,T06,5,20000,prepare_run,success,2026-02-16 12:17:02.088948,2026-02-16 12:17:02.088948,0.0,saved T06_C5_G20000.h5ad in 14.52s
T06_C5_G500,T06,5,500,prepare_run,success,2026-02-16 12:17:09.683088,2026-02-16 12:17:09.683088,0.0,saved T06_C5_G500.h5ad in 7.56s
T06_C5_G5000,T06,5,5000,prepare_run,success,2026-02-16 12:17:18.487821,2026-02-16 12:17:18.487821,0.0,saved T06_C5_G5000.h5ad in 8.77s
T06_C5_Gall,T06,5,all,prepare_run,success,2026-02-16 12:17:34.999203,2026-02-16 12:17:34.999203,0.0,saved T06_C5_Gall.h5ad in 16.48s
T06_C10_G1000,T06,10,1000,prepare_run,success,2026-02-16 12:17:42.602719,2026-02-16 12:17:42.602719,0.0,saved T06_C10_G1000.h5ad in 7.55s
T06_C10_G10000,T06,10,10000,prepare_run,success,2026-02-16 12:17:54.569467,2026-02-16 12:17:54.569467,0.0,saved T06_C10_G10000.h5ad in 11.9s
T06_C10_G15000,T06,10,15000,prepare_run,success,2026-02-16 12:18:08.300246,2026-02-16 12:18:08.300246,0.0,saved T06_C10_G15000.h5ad in 13.66s
T06_C10_G20000,T06,10,20000,prepare_run,success,2026-02-16 12:18:23.779550,2026-02-16 12:18:23.779550,0.0,saved T06_C10_G20000.h5ad in 15.44s
T06_C10_G500,T06,10,500,prepare_run,success,2026-02-16 12:18:32.626678,2026-02-16 12:18:32.626678,0.0,saved T06_C10_G500.h5ad in 8.79s
T06_C10_G5000,T06,10,5000,prepare_run,success,2026-02-16 12:18:42.170901,2026-02-16 12:18:42.170901,0.0,saved T06_C10_G5000.h5ad in 9.49s
T06_C10_Gall,T06,10,all,prepare_run,success,2026-02-16 12:18:59.972916,2026-02-16 12:18:59.972916,0.0,saved T06_C10_Gall.h5ad in 17.78s
T06_C20_G1000,T06,20,1000,prepare_run,success,2026-02-16 12:19:09.802835,2026-02-16 12:19:09.802835,0.0,saved T06_C20_G1000.h5ad in 9.77s
T06_C20_G10000,T06,20,10000,prepare_run,success,2026-02-16 12:19:20.796312,2026-02-16 12:19:20.796312,0.0,saved T06_C20_G10000.h5ad in 10.98s
T06_C20_G15000,T06,20,15000,prepare_run,success,2026-02-16 12:19:34.382354,2026-02-16 12:19:34.382354,0.0,saved T06_C20_G15000.h5ad in 13.3s
T06_C20_G20000,T06,20,20000,prepare_run,success,2026-02-16 12:19:48.571590,2026-02-16 12:19:48.571590,0.0,saved T06_C20_G20000.h5ad in 14.14s
T06_C20_G500,T06,20,500,prepare_run,success,2026-02-16 12:19:55.475032,2026-02-16 12:19:55.475032,0.0,saved T06_C20_G500.h5ad in 6.88s
T06_C20_G5000,T06,20,5000,prepare_run,success,2026-02-16 12:20:03.855722,2026-02-16 12:20:03.855722,0.0,saved T06_C20_G5000.h5ad in 8.36s
T06_C20_Gall,T06,20,all,prepare_run,success,2026-02-16 12:20:20.307646,2026-02-16 12:20:20.307646,0.0,saved T06_C20_Gall.h5ad in 16.37s
T06_C50_G1000,T06,50,1000,prepare_run,success,2026-02-16 12:20:29.148723,2026-02-16 12:20:29.148723,0.0,saved T06_C50_G1000.h5ad in 8.74s
T06_C50_G10000,T06,50,10000,prepare_run,success,2026-02-16 12:20:41.621863,2026-02-16 12:20:41.621863,0.0,saved T06_C50_G10000.h5ad in 12.46s
T06_C50_G15000,T06,50,15000,prepare_run,success,2026-02-16 12:20:56.355357,2026-02-16 12:20:56.355357,0.0,saved T06_C50_G15000.h5ad in 14.68s
T06_C50_G20000,T06,50,20000,prepare_run,success,2026-02-16 12:21:13.413399,2026-02-16 12:21:13.413399,0.0,saved T06_C50_G20000.h5ad in 17.03s
T06_C50_G500,T06,50,500,prepare_run,success,2026-02-16 12:21:21.944926,2026-02-16 12:21:21.944926,0.0,saved T06_C50_G500.h5ad in 8.51s
T06_C50_G5000,T06,50,5000,prepare_run,success,2026-02-16 12:21:32.139764,2026-02-16 12:21:32.139764,0.0,saved T06_C50_G5000.h5ad in 10.17s
T06_C50_Gall,T06,50,all,prepare_run,success,2026-02-16 12:21:50.759016,2026-02-16 12:21:50.759016,0.0,saved T06_C50_Gall.h5ad in 18.61s
T06_C70_G1000,T06,70,1000,prepare_run,success,2026-02-16 12:22:00.642309,2026-02-16 12:22:00.642309,0.0,saved T06_C70_G1000.h5ad in 9.85s
T06_C70_G10000,T06,70,10000,prepare_run,success,2026-02-16 12:22:14.210375,2026-02-16 12:22:14.210375,0.0,saved T06_C70_G10000.h5ad in 13.55s
T06_C70_G15000,T06,70,15000,prepare_run,success,2026-02-16 12:22:30.445375,2026-02-16 12:22:30.445375,0.0,saved T06_C70_G15000.h5ad in 16.2s
T06_C70_G20000,T06,70,20000,prepare_run,success,2026-02-16 12:22:49.064954,2026-02-16 12:22:49.064954,0.0,saved T06_C70_G20000.h5ad in 18.6s
T06_C70_G500,T06,70,500,prepare_run,success,2026-02-16 12:22:58.803034,2026-02-16 12:22:58.803034,0.0,saved T06_C70_G500.h5ad in 9.7s
T06_C70_G5000,T06,70,5000,prepare_run,success,2026-02-16 12:23:10.301116,2026-02-16 12:23:10.301116,0.0,saved T06_C70_G5000.h5ad in 11.46s
T06_C70_Gall,T06,70,all,prepare_run,success,2026-02-16 12:23:30.462079,2026-02-16 12:23:30.462079,0.0,saved T06_C70_Gall.h5ad in 20.13s
T06_C100_G1000,T06,100,1000,prepare_run,success,2026-02-16 12:23:33.897477,2026-02-16 12:23:33.897477,0.0,saved T06_C100_G1000.h5ad in 3.34s
T06_C100_G10000,T06,100,10000,prepare_run,success,2026-02-16 12:23:41.533203,2026-02-16 12:23:41.533203,0.0,saved T06_C100_G10000.h5ad in 7.62s
T06_C100_G15000,T06,100,15000,prepare_run,success,2026-02-16 12:23:52.328755,2026-02-16 12:23:52.328755,0.0,saved T06_C100_G15000.h5ad in 10.58s
T06_C100_G20000,T06,100,20000,prepare_run,success,2026-02-16 12:24:05.665505,2026-02-16 12:24:05.665505,0.0,saved T06_C100_G20000.h5ad in 13.3s
T06_C100_G500,T06,100,500,prepare_run,success,2026-02-16 12:24:09.025644,2026-02-16 12:24:09.025644,0.0,saved T06_C100_G500.h5ad in 3.33s
T06_C100_G5000,T06,100,5000,prepare_run,success,2026-02-16 12:24:14.399376,2026-02-16 12:24:14.399376,0.0,saved T06_C100_G5000.h5ad in 5.36s
T06_C100_Gall,T06,100,all,prepare_run,success,2026-02-16 12:24:30.707522,2026-02-16 12:24:30.707522,0.0,saved T06_C100_Gall.h5ad in 16.28s
T07_C1_G1000,T07,1,1000,prepare_run,success,2026-02-16 12:24:42.685701,2026-02-16 12:24:42.685701,0.0,saved T07_C1_G1000.h5ad in 6.44s
T07_C1_G10000,T07,1,10000,prepare_run,success,2026-02-16 12:24:51.697078,2026-02-16 12:24:51.697078,0.0,saved T07_C1_G10000.h5ad in 8.99s
T07_C1_G15000,T07,1,15000,prepare_run,success,2026-02-16 12:25:02.412746,2026-02-16 12:25:02.412746,0.0,saved T07_C1_G15000.h5ad in 10.7s
T07_C1_G20000,T07,1,20000,prepare_run,success,2026-02-16 12:25:14.934620,2026-02-16 12:25:14.934620,0.0,saved T07_C1_G20000.h5ad in 12.49s
T07_C1_G500,T07,1,500,prepare_run,success,2026-02-16 12:25:21.396550,2026-02-16 12:25:21.396550,0.0,saved T07_C1_G500.h5ad in 6.44s
T07_C1_G5000,T07,1,5000,prepare_run,success,2026-02-16 12:25:29.028186,2026-02-16 12:25:29.028186,0.0,saved T07_C1_G5000.h5ad in 7.6s
T07_C1_Gall,T07,1,all,prepare_run,success,2026-02-16 12:25:43.076554,2026-02-16 12:25:43.076554,0.0,saved T07_C1_Gall.h5ad in 14.03s
T07_C2_G1000,T07,2,1000,prepare_run,success,2026-02-16 12:25:50.424785,2026-02-16 12:25:50.424785,0.0,saved T07_C2_G1000.h5ad in 7.27s
T07_C2_G10000,T07,2,10000,prepare_run,success,2026-02-16 12:25:59.675301,2026-02-16 12:25:59.675301,0.0,saved T07_C2_G10000.h5ad in 9.2s
T07_C2_G15000,T07,2,15000,prepare_run,success,2026-02-16 12:26:11.368865,2026-02-16 12:26:11.368865,0.0,saved T07_C2_G15000.h5ad in 11.67s
T07_C2_G20000,T07,2,20000,prepare_run,success,2026-02-16 12:26:24.601970,2026-02-16 12:26:24.601970,0.0,saved T07_C2_G20000.h5ad in 13.2s
T07_C2_G500,T07,2,500,prepare_run,success,2026-02-16 12:26:32.407749,2026-02-16 12:26:32.407749,0.0,saved T07_C2_G500.h5ad in 7.77s
T07_C2_G5000,T07,2,5000,prepare_run,success,2026-02-16 12:26:40.404184,2026-02-16 12:26:40.404184,0.0,saved T07_C2_G5000.h5ad in 7.97s
T07_C2_Gall,T07,2,all,prepare_run,success,2026-02-16 12:26:55.987076,2026-02-16 12:26:55.987076,0.0,saved T07_C2_Gall.h5ad in 15.55s
T07_C3_G1000,T07,3,1000,prepare_run,success,2026-02-16 12:27:04.071619,2026-02-16 12:27:04.071619,0.0,saved T07_C3_G1000.h5ad in 8.05s
T07_C3_G10000,T07,3,10000,prepare_run,success,2026-02-16 12:27:13.347816,2026-02-16 12:27:13.347816,0.0,saved T07_C3_G10000.h5ad in 9.22s
T07_C3_G15000,T07,3,15000,prepare_run,success,2026-02-16 12:27:24.817685,2026-02-16 12:27:24.817685,0.0,saved T07_C3_G15000.h5ad in 11.44s
T07_C3_G20000,T07,3,20000,prepare_run,success,2026-02-16 12:27:37.581797,2026-02-16 12:27:37.581797,0.0,saved T07_C3_G20000.h5ad in 12.73s
T07_C3_G500,T07,3,500,prepare_run,success,2026-02-16 12:27:45.355634,2026-02-16 12:27:45.355634,0.0,saved T07_C3_G500.h5ad in 7.74s
T07_C3_G5000,T07,3,5000,prepare_run,success,2026-02-16 12:27:54.765129,2026-02-16 12:27:54.765129,0.0,saved T07_C3_G5000.h5ad in 9.35s
T07_C3_Gall,T07,3,all,prepare_run,success,2026-02-16 12:28:10.281832,2026-02-16 12:28:10.281832,0.0,saved T07_C3_Gall.h5ad in 15.49s
T07_C5_G1000,T07,5,1000,prepare_run,success,2026-02-16 12:28:18.593917,2026-02-16 12:28:18.593917,0.0,saved T07_C5_G1000.h5ad in 8.27s
T07_C5_G10000,T07,5,10000,prepare_run,success,2026-02-16 12:28:29.390902,2026-02-16 12:28:29.390902,0.0,saved T07_C5_G10000.h5ad in 10.75s
T07_C5_G15000,T07,5,15000,prepare_run,success,2026-02-16 12:28:41.497541,2026-02-16 12:28:41.497541,0.0,saved T07_C5_G15000.h5ad in 12.06s
T07_C5_G20000,T07,5,20000,prepare_run,success,2026-02-16 12:28:56.289863,2026-02-16 12:28:56.289863,0.0,saved T07_C5_G20000.h5ad in 14.74s
T07_C5_G500,T07,5,500,prepare_run,success,2026-02-16 12:29:04.554021,2026-02-16 12:29:04.554021,0.0,saved T07_C5_G500.h5ad in 8.23s
T07_C5_G5000,T07,5,5000,prepare_run,success,2026-02-16 12:29:14.902391,2026-02-16 12:29:14.902391,0.0,saved T07_C5_G5000.h5ad in 10.29s
T07_C5_Gall,T07,5,all,prepare_run,success,2026-02-16 12:29:30.724253,2026-02-16 12:29:30.724253,0.0,saved T07_C5_Gall.h5ad in 15.78s
T07_C10_G1000,T07,10,1000,prepare_run,success,2026-02-16 12:29:39.618785,2026-02-16 12:29:39.618785,0.0,saved T07_C10_G1000.h5ad in 8.75s
T07_C10_G10000,T07,10,10000,prepare_run,success,2026-02-16 12:29:51.574378,2026-02-16 12:29:51.574378,0.0,saved T07_C10_G10000.h5ad in 11.94s
T07_C10_G15000,T07,10,15000,prepare_run,success,2026-02-16 12:30:04.407140,2026-02-16 12:30:04.407140,0.0,saved T07_C10_G15000.h5ad in 12.8s
T07_C10_G20000,T07,10,20000,prepare_run,success,2026-02-16 12:30:20.851777,2026-02-16 12:30:20.851777,0.0,saved T07_C10_G20000.h5ad in 16.42s
T07_C10_G500,T07,10,500,prepare_run,success,2026-02-16 12:30:29.033027,2026-02-16 12:30:29.033027,0.0,saved T07_C10_G500.h5ad in 8.15s
T07_C10_G5000,T07,10,5000,prepare_run,success,2026-02-16 12:30:36.859509,2026-02-16 12:30:36.859509,0.0,saved T07_C10_G5000.h5ad in 7.77s
T07_C10_Gall,T07,10,all,prepare_run,success,2026-02-16 12:30:51.455928,2026-02-16 12:30:51.455928,0.0,saved T07_C10_Gall.h5ad in 14.58s
T07_C20_G1000,T07,20,1000,prepare_run,success,2026-02-16 12:30:58.513913,2026-02-16 12:30:58.513913,0.0,saved T07_C20_G1000.h5ad in 7.04s
T07_C20_G10000,T07,20,10000,prepare_run,success,2026-02-16 12:31:08.976152,2026-02-16 12:31:08.976152,0.0,saved T07_C20_G10000.h5ad in 10.44s
T07_C20_G15000,T07,20,15000,prepare_run,success,2026-02-16 12:31:21.601624,2026-02-16 12:31:21.601624,0.0,saved T07_C20_G15000.h5ad in 12.58s
T07_C20_G20000,T07,20,20000,prepare_run,success,2026-02-16 12:31:36.251283,2026-02-16 12:31:36.251283,0.0,saved T07_C20_G20000.h5ad in 14.53s
T07_C20_G500,T07,20,500,prepare_run,success,2026-02-16 12:31:43.311314,2026-02-16 12:31:43.311314,0.0,saved T07_C20_G500.h5ad in 6.97s
T07_C20_G5000,T07,20,5000,prepare_run,success,2026-02-16 12:31:51.858670,2026-02-16 12:31:51.858670,0.0,saved T07_C20_G5000.h5ad in 8.52s
T07_C20_Gall,T07,20,all,prepare_run,success,2026-02-16 12:32:08.587672,2026-02-16 12:32:08.587672,0.0,saved T07_C20_Gall.h5ad in 16.7s
T07_C50_G1000,T07,50,1000,prepare_run,success,2026-02-16 12:32:17.418461,2026-02-16 12:32:17.418461,0.0,saved T07_C50_G1000.h5ad in 8.79s
T07_C50_G10000,T07,50,10000,prepare_run,success,2026-02-16 12:32:29.602074,2026-02-16 12:32:29.602074,0.0,saved T07_C50_G10000.h5ad in 12.14s
T07_C50_G15000,T07,50,15000,prepare_run,success,2026-02-16 12:32:44.374999,2026-02-16 12:32:44.374999,0.0,saved T07_C50_G15000.h5ad in 14.74s
T07_C50_G20000,T07,50,20000,prepare_run,success,2026-02-16 12:33:01.447664,2026-02-16 12:33:01.447664,0.0,saved T07_C50_G20000.h5ad in 17.01s
T07_C50_G500,T07,50,500,prepare_run,success,2026-02-16 12:33:10.162418,2026-02-16 12:33:10.162418,0.0,saved T07_C50_G500.h5ad in 8.68s
T07_C50_G5000,T07,50,5000,prepare_run,success,2026-02-16 12:33:20.497091,2026-02-16 12:33:20.497091,0.0,saved T07_C50_G5000.h5ad in 10.28s
T07_C50_Gall,T07,50,all,prepare_run,success,2026-02-16 12:33:39.694110,2026-02-16 12:33:39.694110,0.0,saved T07_C50_Gall.h5ad in 19.16s
T07_C70_G1000,T07,70,1000,prepare_run,success,2026-02-16 12:33:49.687887,2026-02-16 12:33:49.687887,0.0,saved T07_C70_G1000.h5ad in 9.95s
T07_C70_G10000,T07,70,10000,prepare_run,success,2026-02-16 12:34:03.252978,2026-02-16 12:34:03.252978,0.0,saved T07_C70_G10000.h5ad in 13.51s
T07_C70_G15000,T07,70,15000,prepare_run,success,2026-02-16 12:34:19.295060,2026-02-16 12:34:19.295060,0.0,saved T07_C70_G15000.h5ad in 16.01s
T07_C70_G20000,T07,70,20000,prepare_run,success,2026-02-16 12:34:38.226655,2026-02-16 12:34:38.226655,0.0,saved T07_C70_G20000.h5ad in 18.8s
T07_C70_G500,T07,70,500,prepare_run,success,2026-02-16 12:34:48.438831,2026-02-16 12:34:48.438831,0.0,saved T07_C70_G500.h5ad in 9.91s
T07_C70_G5000,T07,70,5000,prepare_run,success,2026-02-16 12:34:59.961100,2026-02-16 12:34:59.961100,0.0,saved T07_C70_G5000.h5ad in 11.44s
T07_C70_Gall,T07,70,all,prepare_run,success,2026-02-16 12:35:20.843872,2026-02-16 12:35:20.843872,0.0,saved T07_C70_Gall.h5ad in 20.85s
T07_C100_G1000,T07,100,1000,prepare_run,success,2026-02-16 12:35:24.351022,2026-02-16 12:35:24.351022,0.0,saved T07_C100_G1000.h5ad in 3.49s
T07_C100_G10000,T07,100,10000,prepare_run,success,2026-02-16 12:35:32.284543,2026-02-16 12:35:32.284543,0.0,saved T07_C100_G10000.h5ad in 7.91s
T07_C100_G15000,T07,100,15000,prepare_run,success,2026-02-16 12:35:43.156074,2026-02-16 12:35:43.156074,0.0,saved T07_C100_G15000.h5ad in 10.83s
T07_C100_G20000,T07,100,20000,prepare_run,success,2026-02-16 12:35:56.907594,2026-02-16 12:35:56.907594,0.0,saved T07_C100_G20000.h5ad in 13.72s
T07_C100_G500,T07,100,500,prepare_run,success,2026-02-16 12:36:00.245896,2026-02-16 12:36:00.245896,0.0,saved T07_C100_G500.h5ad in 3.3s
T07_C100_G5000,T07,100,5000,prepare_run,success,2026-02-16 12:36:05.801994,2026-02-16 12:36:05.801994,0.0,saved T07_C100_G5000.h5ad in 5.54s
T07_C100_Gall,T07,100,all,prepare_run,success,2026-02-16 12:36:21.822977,2026-02-16 12:36:21.822977,0.0,saved T07_C100_Gall.h5ad in 15.94s
T08_C1_G1000,T08,1,1000,prepare_run,success,2026-02-16 12:36:34.726416,2026-02-16 12:36:34.726416,0.0,saved T08_C1_G1000.h5ad in 6.74s
T08_C1_G10000,T08,1,10000,prepare_run,success,2026-02-16 12:36:43.933699,2026-02-16 12:36:43.933699,0.0,saved T08_C1_G10000.h5ad in 9.18s
T08_C1_G15000,T08,1,15000,prepare_run,success,2026-02-16 12:36:54.921021,2026-02-16 12:36:54.921021,0.0,saved T08_C1_G15000.h5ad in 10.96s
T08_C1_G20000,T08,1,20000,prepare_run,success,2026-02-16 12:37:07.717665,2026-02-16 12:37:07.717665,0.0,saved T08_C1_G20000.h5ad in 12.77s
T08_C1_G500,T08,1,500,prepare_run,success,2026-02-16 12:37:14.160024,2026-02-16 12:37:14.160024,0.0,saved T08_C1_G500.h5ad in 6.41s
T08_C1_G5000,T08,1,5000,prepare_run,success,2026-02-16 12:37:22.048552,2026-02-16 12:37:22.048552,0.0,saved T08_C1_G5000.h5ad in 7.85s
T08_C1_Gall,T08,1,all,prepare_run,success,2026-02-16 12:37:36.196047,2026-02-16 12:37:36.196047,0.0,saved T08_C1_Gall.h5ad in 14.12s
T08_C2_G1000,T08,2,1000,prepare_run,success,2026-02-16 12:37:42.766931,2026-02-16 12:37:42.766931,0.0,saved T08_C2_G1000.h5ad in 6.55s
T08_C2_G10000,T08,2,10000,prepare_run,success,2026-02-16 12:37:52.171145,2026-02-16 12:37:52.171145,0.0,saved T08_C2_G10000.h5ad in 9.37s
T08_C2_G15000,T08,2,15000,prepare_run,success,2026-02-16 12:38:03.186325,2026-02-16 12:38:03.186325,0.0,saved T08_C2_G15000.h5ad in 11.0s
T08_C2_G20000,T08,2,20000,prepare_run,success,2026-02-16 12:38:16.299996,2026-02-16 12:38:16.299996,0.0,saved T08_C2_G20000.h5ad in 13.08s
T08_C2_G500,T08,2,500,prepare_run,success,2026-02-16 12:38:23.761621,2026-02-16 12:38:23.761621,0.0,saved T08_C2_G500.h5ad in 7.43s
T08_C2_G5000,T08,2,5000,prepare_run,success,2026-02-16 12:38:31.527061,2026-02-16 12:38:31.527061,0.0,saved T08_C2_G5000.h5ad in 7.75s
T08_C2_Gall,T08,2,all,prepare_run,success,2026-02-16 12:38:45.700167,2026-02-16 12:38:45.700167,0.0,saved T08_C2_Gall.h5ad in 14.15s
T08_C3_G1000,T08,3,1000,prepare_run,success,2026-02-16 12:38:53.239405,2026-02-16 12:38:53.239405,0.0,saved T08_C3_G1000.h5ad in 7.51s
T08_C3_G10000,T08,3,10000,prepare_run,success,2026-02-16 12:39:02.445606,2026-02-16 12:39:02.445606,0.0,saved T08_C3_G10000.h5ad in 9.17s
T08_C3_G15000,T08,3,15000,prepare_run,success,2026-02-16 12:39:14.078734,2026-02-16 12:39:14.078734,0.0,saved T08_C3_G15000.h5ad in 11.61s
T08_C3_G20000,T08,3,20000,prepare_run,success,2026-02-16 12:39:27.827392,2026-02-16 12:39:27.827392,0.0,saved T08_C3_G20000.h5ad in 13.72s
T08_C3_G500,T08,3,500,prepare_run,success,2026-02-16 12:39:35.593935,2026-02-16 12:39:35.593935,0.0,saved T08_C3_G500.h5ad in 7.74s
T08_C3_G5000,T08,3,5000,prepare_run,success,2026-02-16 12:39:43.445987,2026-02-16 12:39:43.445987,0.0,saved T08_C3_G5000.h5ad in 7.83s
T08_C3_Gall,T08,3,all,prepare_run,success,2026-02-16 12:39:58.928182,2026-02-16 12:39:58.928182,0.0,saved T08_C3_Gall.h5ad in 15.4s
T08_C5_G1000,T08,5,1000,prepare_run,success,2026-02-16 12:40:06.896120,2026-02-16 12:40:06.896120,0.0,saved T08_C5_G1000.h5ad in 7.94s
T08_C5_G10000,T08,5,10000,prepare_run,success,2026-02-16 12:40:16.621618,2026-02-16 12:40:16.621618,0.0,saved T08_C5_G10000.h5ad in 9.69s
T08_C5_G15000,T08,5,15000,prepare_run,success,2026-02-16 12:40:28.420922,2026-02-16 12:40:28.420922,0.0,saved T08_C5_G15000.h5ad in 11.74s
T08_C5_G20000,T08,5,20000,prepare_run,success,2026-02-16 12:40:41.865333,2026-02-16 12:40:41.865333,0.0,saved T08_C5_G20000.h5ad in 13.4s
T08_C5_G500,T08,5,500,prepare_run,success,2026-02-16 12:40:49.735934,2026-02-16 12:40:49.735934,0.0,saved T08_C5_G500.h5ad in 7.85s
T08_C5_G5000,T08,5,5000,prepare_run,success,2026-02-16 12:40:59.419848,2026-02-16 12:40:59.419848,0.0,saved T08_C5_G5000.h5ad in 9.65s
T08_C5_Gall,T08,5,all,prepare_run,success,2026-02-16 12:41:15.422277,2026-02-16 12:41:15.422277,0.0,saved T08_C5_Gall.h5ad in 15.96s
T08_C10_G1000,T08,10,1000,prepare_run,success,2026-02-16 12:41:23.869909,2026-02-16 12:41:23.869909,0.0,saved T08_C10_G1000.h5ad in 8.41s
T08_C10_G10000,T08,10,10000,prepare_run,success,2026-02-16 12:41:35.639083,2026-02-16 12:41:35.639083,0.0,saved T08_C10_G10000.h5ad in 11.74s
T08_C10_G15000,T08,10,15000,prepare_run,success,2026-02-16 12:41:48.781620,2026-02-16 12:41:48.781620,0.0,saved T08_C10_G15000.h5ad in 13.1s
T08_C10_G20000,T08,10,20000,prepare_run,success,2026-02-16 12:42:04.461272,2026-02-16 12:42:04.461272,0.0,saved T08_C10_G20000.h5ad in 15.66s
T08_C10_G500,T08,10,500,prepare_run,success,2026-02-16 12:42:10.889993,2026-02-16 12:42:10.889993,0.0,saved T08_C10_G500.h5ad in 6.37s
T08_C10_G5000,T08,10,5000,prepare_run,success,2026-02-16 12:42:18.654687,2026-02-16 12:42:18.654687,0.0,saved T08_C10_G5000.h5ad in 7.72s
T08_C10_Gall,T08,10,all,prepare_run,success,2026-02-16 12:42:33.408633,2026-02-16 12:42:33.408633,0.0,saved T08_C10_Gall.h5ad in 14.71s
T08_C20_G1000,T08,20,1000,prepare_run,success,2026-02-16 12:42:40.644135,2026-02-16 12:42:40.644135,0.0,saved T08_C20_G1000.h5ad in 7.21s
T08_C20_G10000,T08,20,10000,prepare_run,success,2026-02-16 12:42:50.853686,2026-02-16 12:42:50.853686,0.0,saved T08_C20_G10000.h5ad in 10.18s
T08_C20_G15000,T08,20,15000,prepare_run,success,2026-02-16 12:43:03.200871,2026-02-16 12:43:03.200871,0.0,saved T08_C20_G15000.h5ad in 12.32s
T08_C20_G20000,T08,20,20000,prepare_run,success,2026-02-16 12:43:17.508217,2026-02-16 12:43:17.508217,0.0,saved T08_C20_G20000.h5ad in 14.29s
T08_C20_G500,T08,20,500,prepare_run,success,2026-02-16 12:43:24.615950,2026-02-16 12:43:24.615950,0.0,saved T08_C20_G500.h5ad in 7.07s
T08_C20_G5000,T08,20,5000,prepare_run,success,2026-02-16 12:43:33.141346,2026-02-16 12:43:33.141346,0.0,saved T08_C20_G5000.h5ad in 8.5s
T08_C20_Gall,T08,20,all,prepare_run,success,2026-02-16 12:43:49.288089,2026-02-16 12:43:49.288089,0.0,saved T08_C20_Gall.h5ad in 16.11s
T08_C50_G1000,T08,50,1000,prepare_run,success,2026-02-16 12:43:58.173073,2026-02-16 12:43:58.173073,0.0,saved T08_C50_G1000.h5ad in 8.83s
T08_C50_G10000,T08,50,10000,prepare_run,success,2026-02-16 12:44:10.451792,2026-02-16 12:44:10.451792,0.0,saved T08_C50_G10000.h5ad in 12.25s
T08_C50_G15000,T08,50,15000,prepare_run,success,2026-02-16 12:44:25.128666,2026-02-16 12:44:25.128666,0.0,saved T08_C50_G15000.h5ad in 14.64s
T08_C50_G20000,T08,50,20000,prepare_run,success,2026-02-16 12:44:42.091473,2026-02-16 12:44:42.091473,0.0,saved T08_C50_G20000.h5ad in 16.94s
T08_C50_G500,T08,50,500,prepare_run,success,2026-02-16 12:44:50.871826,2026-02-16 12:44:50.871826,0.0,saved T08_C50_G500.h5ad in 8.74s
T08_C50_G5000,T08,50,5000,prepare_run,success,2026-02-16 12:45:01.168558,2026-02-16 12:45:01.168558,0.0,saved T08_C50_G5000.h5ad in 10.27s
T08_C50_Gall,T08,50,all,prepare_run,success,2026-02-16 12:45:20.117564,2026-02-16 12:45:20.117564,0.0,saved T08_C50_Gall.h5ad in 18.91s
T08_C70_G1000,T08,70,1000,prepare_run,success,2026-02-16 12:45:30.049869,2026-02-16 12:45:30.049869,0.0,saved T08_C70_G1000.h5ad in 9.88s
T08_C70_G10000,T08,70,10000,prepare_run,success,2026-02-16 12:45:43.474298,2026-02-16 12:45:43.474298,0.0,saved T08_C70_G10000.h5ad in 13.4s
T08_C70_G15000,T08,70,15000,prepare_run,success,2026-02-16 12:45:59.615203,2026-02-16 12:45:59.615203,0.0,saved T08_C70_G15000.h5ad in 16.11s
T08_C70_G20000,T08,70,20000,prepare_run,success,2026-02-16 12:46:18.047413,2026-02-16 12:46:18.047413,0.0,saved T08_C70_G20000.h5ad in 18.4s
T08_C70_G500,T08,70,500,prepare_run,success,2026-02-16 12:46:27.824175,2026-02-16 12:46:27.824175,0.0,saved T08_C70_G500.h5ad in 9.75s
T08_C70_G5000,T08,70,5000,prepare_run,success,2026-02-16 12:46:39.228256,2026-02-16 12:46:39.228256,0.0,saved T08_C70_G5000.h5ad in 11.38s
T08_C70_Gall,T08,70,all,prepare_run,success,2026-02-16 12:46:59.403474,2026-02-16 12:46:59.403474,0.0,saved T08_C70_Gall.h5ad in 20.14s
T08_C100_G1000,T08,100,1000,prepare_run,success,2026-02-16 12:47:02.965019,2026-02-16 12:47:02.965019,0.0,saved T08_C100_G1000.h5ad in 3.55s
T08_C100_G10000,T08,100,10000,prepare_run,success,2026-02-16 12:47:10.528897,2026-02-16 12:47:10.528897,0.0,saved T08_C100_G10000.h5ad in 7.52s
T08_C100_G15000,T08,100,15000,prepare_run,success,2026-02-16 12:47:21.203574,2026-02-16 12:47:21.203574,0.0,saved T08_C100_G15000.h5ad in 10.64s
T08_C100_G20000,T08,100,20000,prepare_run,success,2026-02-16 12:47:34.786313,2026-02-16 12:47:34.786313,0.0,saved T08_C100_G20000.h5ad in 13.53s
T08_C100_G500,T08,100,500,prepare_run,success,2026-02-16 12:47:38.335789,2026-02-16 12:47:38.335789,0.0,saved T08_C100_G500.h5ad in 3.52s
T08_C100_G5000,T08,100,5000,prepare_run,success,2026-02-16 12:47:43.916257,2026-02-16 12:47:43.916257,0.0,saved T08_C100_G5000.h5ad in 5.46s
T08_C100_Gall,T08,100,all,prepare_run,success,2026-02-16 12:47:59.848482,2026-02-16 12:47:59.848482,0.0,saved T08_C100_Gall.h5ad in 15.92s
T09_C1_G1000,T09,1,1000,prepare_run,success,2026-02-16 12:48:11.608413,2026-02-16 12:48:11.608413,0.0,saved T09_C1_G1000.h5ad in 6.65s
T09_C1_G10000,T09,1,10000,prepare_run,success,2026-02-16 12:48:20.637926,2026-02-16 12:48:20.637926,0.0,saved T09_C1_G10000.h5ad in 9.01s
T09_C1_G15000,T09,1,15000,prepare_run,success,2026-02-16 12:48:31.434423,2026-02-16 12:48:31.434423,0.0,saved T09_C1_G15000.h5ad in 10.76s
T09_C1_G20000,T09,1,20000,prepare_run,success,2026-02-16 12:48:43.943635,2026-02-16 12:48:43.943635,0.0,saved T09_C1_G20000.h5ad in 12.48s
T09_C1_G500,T09,1,500,prepare_run,success,2026-02-16 12:48:50.399871,2026-02-16 12:48:50.399871,0.0,saved T09_C1_G500.h5ad in 6.43s
T09_C1_G5000,T09,1,5000,prepare_run,success,2026-02-16 12:48:58.155525,2026-02-16 12:48:58.155525,0.0,saved T09_C1_G5000.h5ad in 7.74s
T09_C1_Gall,T09,1,all,prepare_run,success,2026-02-16 12:49:12.020980,2026-02-16 12:49:12.020980,0.0,saved T09_C1_Gall.h5ad in 13.83s
T09_C2_G1000,T09,2,1000,prepare_run,success,2026-02-16 12:49:18.702785,2026-02-16 12:49:18.702785,0.0,saved T09_C2_G1000.h5ad in 6.65s
T09_C2_G10000,T09,2,10000,prepare_run,success,2026-02-16 12:49:27.857882,2026-02-16 12:49:27.857882,0.0,saved T09_C2_G10000.h5ad in 9.1s
T09_C2_G15000,T09,2,15000,prepare_run,success,2026-02-16 12:49:38.693863,2026-02-16 12:49:38.693863,0.0,saved T09_C2_G15000.h5ad in 10.81s
T09_C2_G20000,T09,2,20000,prepare_run,success,2026-02-16 12:49:51.478343,2026-02-16 12:49:51.478343,0.0,saved T09_C2_G20000.h5ad in 12.7s
T09_C2_G500,T09,2,500,prepare_run,success,2026-02-16 12:49:57.920149,2026-02-16 12:49:57.920149,0.0,saved T09_C2_G500.h5ad in 6.39s
T09_C2_G5000,T09,2,5000,prepare_run,success,2026-02-16 12:50:06.010749,2026-02-16 12:50:06.010749,0.0,saved T09_C2_G5000.h5ad in 8.06s
T09_C2_Gall,T09,2,all,prepare_run,success,2026-02-16 12:50:20.979546,2026-02-16 12:50:20.979546,0.0,saved T09_C2_Gall.h5ad in 14.94s
T09_C3_G1000,T09,3,1000,prepare_run,success,2026-02-16 12:50:27.976716,2026-02-16 12:50:27.976716,0.0,saved T09_C3_G1000.h5ad in 6.96s
T09_C3_G10000,T09,3,10000,prepare_run,success,2026-02-16 12:50:37.841538,2026-02-16 12:50:37.841538,0.0,saved T09_C3_G10000.h5ad in 9.82s
T09_C3_G15000,T09,3,15000,prepare_run,success,2026-02-16 12:50:50.187209,2026-02-16 12:50:50.187209,0.0,saved T09_C3_G15000.h5ad in 12.33s
T09_C3_G20000,T09,3,20000,prepare_run,success,2026-02-16 12:51:03.450710,2026-02-16 12:51:03.450710,0.0,saved T09_C3_G20000.h5ad in 13.23s
T09_C3_G500,T09,3,500,prepare_run,success,2026-02-16 12:51:11.204032,2026-02-16 12:51:11.204032,0.0,saved T09_C3_G500.h5ad in 7.69s
T09_C3_G5000,T09,3,5000,prepare_run,success,2026-02-16 12:51:19.363512,2026-02-16 12:51:19.363512,0.0,saved T09_C3_G5000.h5ad in 8.14s
T09_C3_Gall,T09,3,all,prepare_run,success,2026-02-16 12:51:34.788258,2026-02-16 12:51:34.788258,0.0,saved T09_C3_Gall.h5ad in 15.4s
T09_C5_G1000,T09,5,1000,prepare_run,success,2026-02-16 12:51:43.223441,2026-02-16 12:51:43.223441,0.0,saved T09_C5_G1000.h5ad in 8.4s
T09_C5_G10000,T09,5,10000,prepare_run,success,2026-02-16 12:51:53.417287,2026-02-16 12:51:53.417287,0.0,saved T09_C5_G10000.h5ad in 10.17s
T09_C5_G15000,T09,5,15000,prepare_run,success,2026-02-16 12:52:06.836743,2026-02-16 12:52:06.836743,0.0,saved T09_C5_G15000.h5ad in 13.39s
T09_C5_G20000,T09,5,20000,prepare_run,success,2026-02-16 12:52:21.872031,2026-02-16 12:52:21.872031,0.0,saved T09_C5_G20000.h5ad in 15.0s
T09_C5_G500,T09,5,500,prepare_run,success,2026-02-16 12:52:30.209347,2026-02-16 12:52:30.209347,0.0,saved T09_C5_G500.h5ad in 8.3s
T09_C5_G5000,T09,5,5000,prepare_run,success,2026-02-16 12:52:38.982606,2026-02-16 12:52:38.982606,0.0,saved T09_C5_G5000.h5ad in 8.74s
T09_C5_Gall,T09,5,all,prepare_run,success,2026-02-16 12:52:56.343122,2026-02-16 12:52:56.343122,0.0,saved T09_C5_Gall.h5ad in 17.32s
T09_C10_G1000,T09,10,1000,prepare_run,success,2026-02-16 12:53:05.213285,2026-02-16 12:53:05.213285,0.0,saved T09_C10_G1000.h5ad in 8.82s
T09_C10_G10000,T09,10,10000,prepare_run,success,2026-02-16 12:53:15.534371,2026-02-16 12:53:15.534371,0.0,saved T09_C10_G10000.h5ad in 10.26s
T09_C10_G15000,T09,10,15000,prepare_run,success,2026-02-16 12:53:29.504874,2026-02-16 12:53:29.504874,0.0,saved T09_C10_G15000.h5ad in 13.92s
T09_C10_G20000,T09,10,20000,prepare_run,success,2026-02-16 12:53:43.596471,2026-02-16 12:53:43.596471,0.0,saved T09_C10_G20000.h5ad in 14.06s
T09_C10_G500,T09,10,500,prepare_run,success,2026-02-16 12:53:50.089959,2026-02-16 12:53:50.089959,0.0,saved T09_C10_G500.h5ad in 6.48s
T09_C10_G5000,T09,10,5000,prepare_run,success,2026-02-16 12:53:57.781757,2026-02-16 12:53:57.781757,0.0,saved T09_C10_G5000.h5ad in 7.66s
T09_C10_Gall,T09,10,all,prepare_run,success,2026-02-16 12:54:12.353456,2026-02-16 12:54:12.353456,0.0,saved T09_C10_Gall.h5ad in 14.53s
T09_C20_G1000,T09,20,1000,prepare_run,success,2026-02-16 12:54:19.563798,2026-02-16 12:54:19.563798,0.0,saved T09_C20_G1000.h5ad in 7.18s
T09_C20_G10000,T09,20,10000,prepare_run,success,2026-02-16 12:54:29.653828,2026-02-16 12:54:29.653828,0.0,saved T09_C20_G10000.h5ad in 10.06s
T09_C20_G15000,T09,20,15000,prepare_run,success,2026-02-16 12:54:41.928827,2026-02-16 12:54:41.928827,0.0,saved T09_C20_G15000.h5ad in 12.24s
T09_C20_G20000,T09,20,20000,prepare_run,success,2026-02-16 12:54:56.226683,2026-02-16 12:54:56.226683,0.0,saved T09_C20_G20000.h5ad in 14.26s
T09_C20_G500,T09,20,500,prepare_run,success,2026-02-16 12:55:03.172726,2026-02-16 12:55:03.172726,0.0,saved T09_C20_G500.h5ad in 6.91s
T09_C20_G5000,T09,20,5000,prepare_run,success,2026-02-16 12:55:11.590749,2026-02-16 12:55:11.590749,0.0,saved T09_C20_G5000.h5ad in 8.4s
T09_C20_Gall,T09,20,all,prepare_run,success,2026-02-16 12:55:27.461736,2026-02-16 12:55:27.461736,0.0,saved T09_C20_Gall.h5ad in 15.85s
T09_C50_G1000,T09,50,1000,prepare_run,success,2026-02-16 12:55:36.250339,2026-02-16 12:55:36.250339,0.0,saved T09_C50_G1000.h5ad in 8.76s
T09_C50_G10000,T09,50,10000,prepare_run,success,2026-02-16 12:55:48.427862,2026-02-16 12:55:48.427862,0.0,saved T09_C50_G10000.h5ad in 12.16s
T09_C50_G15000,T09,50,15000,prepare_run,success,2026-02-16 12:56:03.140415,2026-02-16 12:56:03.140415,0.0,saved T09_C50_G15000.h5ad in 14.66s
T09_C50_G20000,T09,50,20000,prepare_run,success,2026-02-16 12:56:20.058520,2026-02-16 12:56:20.058520,0.0,saved T09_C50_G20000.h5ad in 16.88s
T09_C50_G500,T09,50,500,prepare_run,success,2026-02-16 12:56:28.694439,2026-02-16 12:56:28.694439,0.0,saved T09_C50_G500.h5ad in 8.61s
T09_C50_G5000,T09,50,5000,prepare_run,success,2026-02-16 12:56:38.966718,2026-02-16 12:56:38.966718,0.0,saved T09_C50_G5000.h5ad in 10.2s
T09_C50_Gall,T09,50,all,prepare_run,success,2026-02-16 12:56:57.704024,2026-02-16 12:56:57.704024,0.0,saved T09_C50_Gall.h5ad in 18.69s
T09_C70_G1000,T09,70,1000,prepare_run,success,2026-02-16 12:57:07.504180,2026-02-16 12:57:07.504180,0.0,saved T09_C70_G1000.h5ad in 9.78s
T09_C70_G10000,T09,70,10000,prepare_run,success,2026-02-16 12:57:20.860888,2026-02-16 12:57:20.860888,0.0,saved T09_C70_G10000.h5ad in 13.32s
T09_C70_G15000,T09,70,15000,prepare_run,success,2026-02-16 12:57:36.944802,2026-02-16 12:57:36.944802,0.0,saved T09_C70_G15000.h5ad in 16.05s
T09_C70_G20000,T09,70,20000,prepare_run,success,2026-02-16 12:57:55.234909,2026-02-16 12:57:55.234909,0.0,saved T09_C70_G20000.h5ad in 18.26s
T09_C70_G500,T09,70,500,prepare_run,success,2026-02-16 12:58:05.010690,2026-02-16 12:58:05.010690,0.0,saved T09_C70_G500.h5ad in 9.69s
T09_C70_G5000,T09,70,5000,prepare_run,success,2026-02-16 12:58:16.322217,2026-02-16 12:58:16.322217,0.0,saved T09_C70_G5000.h5ad in 11.29s
T09_C70_Gall,T09,70,all,prepare_run,success,2026-02-16 12:58:36.790579,2026-02-16 12:58:36.790579,0.0,saved T09_C70_Gall.h5ad in 20.4s
T09_C100_G1000,T09,100,1000,prepare_run,success,2026-02-16 12:58:40.344965,2026-02-16 12:58:40.344965,0.0,saved T09_C100_G1000.h5ad in 3.53s
T09_C100_G10000,T09,100,10000,prepare_run,success,2026-02-16 12:58:47.977065,2026-02-16 12:58:47.977065,0.0,saved T09_C100_G10000.h5ad in 7.6s
T09_C100_G15000,T09,100,15000,prepare_run,success,2026-02-16 12:58:58.671887,2026-02-16 12:58:58.671887,0.0,saved T09_C100_G15000.h5ad in 10.68s
T09_C100_G20000,T09,100,20000,prepare_run,success,2026-02-16 12:59:12.075013,2026-02-16 12:59:12.075013,0.0,saved T09_C100_G20000.h5ad in 13.35s
T09_C100_G500,T09,100,500,prepare_run,success,2026-02-16 12:59:15.310501,2026-02-16 12:59:15.310501,0.0,saved T09_C100_G500.h5ad in 3.21s
T09_C100_G5000,T09,100,5000,prepare_run,success,2026-02-16 12:59:20.533430,2026-02-16 12:59:20.533430,0.0,saved T09_C100_G5000.h5ad in 5.18s
T09_C100_Gall,T09,100,all,prepare_run,success,2026-02-16 12:59:36.286536,2026-02-16 12:59:36.286536,0.0,saved T09_C100_Gall.h5ad in 15.72s
T10_C1_G1000,T10,1,1000,prepare_run,success,2026-02-16 12:59:49.513892,2026-02-16 12:59:49.513892,0.0,saved T10_C1_G1000.h5ad in 6.83s
T10_C1_G10000,T10,1,10000,prepare_run,success,2026-02-16 12:59:57.949609,2026-02-16 12:59:57.949609,0.0,saved T10_C1_G10000.h5ad in 8.38s
T10_C1_G15000,T10,1,15000,prepare_run,success,2026-02-16 13:00:09.080040,2026-02-16 13:00:09.080040,0.0,saved T10_C1_G15000.h5ad in 11.09s
T10_C1_G20000,T10,1,20000,prepare_run,success,2026-02-16 13:00:21.468740,2026-02-16 13:00:21.468740,0.0,saved T10_C1_G20000.h5ad in 12.32s
T10_C1_G500,T10,1,500,prepare_run,success,2026-02-16 13:00:28.003635,2026-02-16 13:00:28.003635,0.0,saved T10_C1_G500.h5ad in 6.5s
T10_C1_G5000,T10,1,5000,prepare_run,success,2026-02-16 13:00:35.841095,2026-02-16 13:00:35.841095,0.0,saved T10_C1_G5000.h5ad in 7.82s
T10_C1_Gall,T10,1,all,prepare_run,success,2026-02-16 13:00:50.115488,2026-02-16 13:00:50.115488,0.0,saved T10_C1_Gall.h5ad in 14.2s
T10_C2_G1000,T10,2,1000,prepare_run,success,2026-02-16 13:00:56.876902,2026-02-16 13:00:56.876902,0.0,saved T10_C2_G1000.h5ad in 6.75s
T10_C2_G10000,T10,2,10000,prepare_run,success,2026-02-16 13:01:06.071593,2026-02-16 13:01:06.071593,0.0,saved T10_C2_G10000.h5ad in 9.15s
T10_C2_G15000,T10,2,15000,prepare_run,success,2026-02-16 13:01:17.237227,2026-02-16 13:01:17.237227,0.0,saved T10_C2_G15000.h5ad in 11.11s
T10_C2_G20000,T10,2,20000,prepare_run,success,2026-02-16 13:01:29.921054,2026-02-16 13:01:29.921054,0.0,saved T10_C2_G20000.h5ad in 12.61s
T10_C2_G500,T10,2,500,prepare_run,success,2026-02-16 13:01:36.601690,2026-02-16 13:01:36.601690,0.0,saved T10_C2_G500.h5ad in 6.66s
T10_C2_G5000,T10,2,5000,prepare_run,success,2026-02-16 13:01:44.523473,2026-02-16 13:01:44.523473,0.0,saved T10_C2_G5000.h5ad in 7.9s
T10_C2_Gall,T10,2,all,prepare_run,success,2026-02-16 13:01:58.683684,2026-02-16 13:01:58.683684,0.0,saved T10_C2_Gall.h5ad in 14.09s
T10_C3_G1000,T10,3,1000,prepare_run,success,2026-02-16 13:02:05.547244,2026-02-16 13:02:05.547244,0.0,saved T10_C3_G1000.h5ad in 6.81s
T10_C3_G10000,T10,3,10000,prepare_run,success,2026-02-16 13:02:15.246044,2026-02-16 13:02:15.246044,0.0,saved T10_C3_G10000.h5ad in 9.65s
T10_C3_G15000,T10,3,15000,prepare_run,success,2026-02-16 13:02:26.501704,2026-02-16 13:02:26.501704,0.0,saved T10_C3_G15000.h5ad in 11.22s
T10_C3_G20000,T10,3,20000,prepare_run,success,2026-02-16 13:02:39.609257,2026-02-16 13:02:39.609257,0.0,saved T10_C3_G20000.h5ad in 13.04s
T10_C3_G500,T10,3,500,prepare_run,success,2026-02-16 13:02:46.219876,2026-02-16 13:02:46.219876,0.0,saved T10_C3_G500.h5ad in 6.57s
T10_C3_G5000,T10,3,5000,prepare_run,success,2026-02-16 13:02:54.291970,2026-02-16 13:02:54.291970,0.0,saved T10_C3_G5000.h5ad in 8.05s
T10_C3_Gall,T10,3,all,prepare_run,success,2026-02-16 13:03:08.927481,2026-02-16 13:03:08.927481,0.0,saved T10_C3_Gall.h5ad in 14.57s
T10_C5_G1000,T10,5,1000,prepare_run,success,2026-02-16 13:03:15.980405,2026-02-16 13:03:15.980405,0.0,saved T10_C5_G1000.h5ad in 7.0s
T10_C5_G10000,T10,5,10000,prepare_run,success,2026-02-16 13:03:25.974375,2026-02-16 13:03:25.974375,0.0,saved T10_C5_G10000.h5ad in 9.97s
T10_C5_G15000,T10,5,15000,prepare_run,success,2026-02-16 13:03:38.801803,2026-02-16 13:03:38.801803,0.0,saved T10_C5_G15000.h5ad in 12.78s
T10_C5_G20000,T10,5,20000,prepare_run,success,2026-02-16 13:03:53.119181,2026-02-16 13:03:53.119181,0.0,saved T10_C5_G20000.h5ad in 14.27s
T10_C5_G500,T10,5,500,prepare_run,success,2026-02-16 13:04:01.592259,2026-02-16 13:04:01.592259,0.0,saved T10_C5_G500.h5ad in 8.43s
T10_C5_G5000,T10,5,5000,prepare_run,success,2026-02-16 13:04:10.308289,2026-02-16 13:04:10.308289,0.0,saved T10_C5_G5000.h5ad in 8.62s
T10_C5_Gall,T10,5,all,prepare_run,success,2026-02-16 13:04:26.577625,2026-02-16 13:04:26.577625,0.0,saved T10_C5_Gall.h5ad in 16.22s
T10_C10_G1000,T10,10,1000,prepare_run,success,2026-02-16 13:04:35.791887,2026-02-16 13:04:35.791887,0.0,saved T10_C10_G1000.h5ad in 9.17s
T10_C10_G10000,T10,10,10000,prepare_run,success,2026-02-16 13:04:44.942369,2026-02-16 13:04:44.942369,0.0,saved T10_C10_G10000.h5ad in 9.13s
T10_C10_G15000,T10,10,15000,prepare_run,success,2026-02-16 13:04:56.198137,2026-02-16 13:04:56.198137,0.0,saved T10_C10_G15000.h5ad in 11.23s
T10_C10_G20000,T10,10,20000,prepare_run,success,2026-02-16 13:05:09.679510,2026-02-16 13:05:09.679510,0.0,saved T10_C10_G20000.h5ad in 13.46s
T10_C10_G500,T10,10,500,prepare_run,success,2026-02-16 13:05:16.206766,2026-02-16 13:05:16.206766,0.0,saved T10_C10_G500.h5ad in 6.44s
T10_C10_G5000,T10,10,5000,prepare_run,success,2026-02-16 13:05:23.900403,2026-02-16 13:05:23.900403,0.0,saved T10_C10_G5000.h5ad in 7.68s
T10_C10_Gall,T10,10,all,prepare_run,success,2026-02-16 13:05:38.584639,2026-02-16 13:05:38.584639,0.0,saved T10_C10_Gall.h5ad in 14.65s
T10_C20_G1000,T10,20,1000,prepare_run,success,2026-02-16 13:05:45.866911,2026-02-16 13:05:45.866911,0.0,saved T10_C20_G1000.h5ad in 7.25s
T10_C20_G10000,T10,20,10000,prepare_run,success,2026-02-16 13:05:56.131256,2026-02-16 13:05:56.131256,0.0,saved T10_C20_G10000.h5ad in 10.22s
T10_C20_G15000,T10,20,15000,prepare_run,success,2026-02-16 13:06:08.463259,2026-02-16 13:06:08.463259,0.0,saved T10_C20_G15000.h5ad in 12.29s
T10_C20_G20000,T10,20,20000,prepare_run,success,2026-02-16 13:06:22.770711,2026-02-16 13:06:22.770711,0.0,saved T10_C20_G20000.h5ad in 14.25s
T10_C20_G500,T10,20,500,prepare_run,success,2026-02-16 13:06:29.915787,2026-02-16 13:06:29.915787,0.0,saved T10_C20_G500.h5ad in 7.09s
T10_C20_G5000,T10,20,5000,prepare_run,success,2026-02-16 13:06:38.374905,2026-02-16 13:06:38.374905,0.0,saved T10_C20_G5000.h5ad in 8.43s
T10_C20_Gall,T10,20,all,prepare_run,success,2026-02-16 13:06:54.468452,2026-02-16 13:06:54.468452,0.0,saved T10_C20_Gall.h5ad in 16.07s
T10_C50_G1000,T10,50,1000,prepare_run,success,2026-02-16 13:07:03.329086,2026-02-16 13:07:03.329086,0.0,saved T10_C50_G1000.h5ad in 8.81s
T10_C50_G10000,T10,50,10000,prepare_run,success,2026-02-16 13:07:15.671851,2026-02-16 13:07:15.671851,0.0,saved T10_C50_G10000.h5ad in 12.3s
T10_C50_G15000,T10,50,15000,prepare_run,success,2026-02-16 13:07:30.469729,2026-02-16 13:07:30.469729,0.0,saved T10_C50_G15000.h5ad in 14.75s
T10_C50_G20000,T10,50,20000,prepare_run,success,2026-02-16 13:07:47.628494,2026-02-16 13:07:47.628494,0.0,saved T10_C50_G20000.h5ad in 17.05s
T10_C50_G500,T10,50,500,prepare_run,success,2026-02-16 13:07:56.224411,2026-02-16 13:07:56.224411,0.0,saved T10_C50_G500.h5ad in 8.57s
T10_C50_G5000,T10,50,5000,prepare_run,success,2026-02-16 13:08:06.491342,2026-02-16 13:08:06.491342,0.0,saved T10_C50_G5000.h5ad in 10.26s
T10_C50_Gall,T10,50,all,prepare_run,success,2026-02-16 13:08:25.285056,2026-02-16 13:08:25.285056,0.0,saved T10_C50_Gall.h5ad in 18.77s
T10_C70_G1000,T10,70,1000,prepare_run,success,2026-02-16 13:08:35.397512,2026-02-16 13:08:35.397512,0.0,saved T10_C70_G1000.h5ad in 10.07s
T10_C70_G10000,T10,70,10000,prepare_run,success,2026-02-16 13:08:48.831095,2026-02-16 13:08:48.831095,0.0,saved T10_C70_G10000.h5ad in 13.4s
T10_C70_G15000,T10,70,15000,prepare_run,success,2026-02-16 13:09:05.071568,2026-02-16 13:09:05.071568,0.0,saved T10_C70_G15000.h5ad in 16.2s
T10_C70_G20000,T10,70,20000,prepare_run,success,2026-02-16 13:09:23.115158,2026-02-16 13:09:23.115158,0.0,saved T10_C70_G20000.h5ad in 18.01s
T10_C70_G500,T10,70,500,prepare_run,success,2026-02-16 13:09:32.978914,2026-02-16 13:09:32.978914,0.0,saved T10_C70_G500.h5ad in 9.84s
T10_C70_G5000,T10,70,5000,prepare_run,success,2026-02-16 13:09:44.635707,2026-02-16 13:09:44.635707,0.0,saved T10_C70_G5000.h5ad in 11.59s
T10_C70_Gall,T10,70,all,prepare_run,success,2026-02-16 13:10:04.692653,2026-02-16 13:10:04.692653,0.0,saved T10_C70_Gall.h5ad in 20.02s
T10_C100_G1000,T10,100,1000,prepare_run,success,2026-02-16 13:10:08.238838,2026-02-16 13:10:08.238838,0.0,saved T10_C100_G1000.h5ad in 3.4s
T10_C100_G10000,T10,100,10000,prepare_run,success,2026-02-16 13:10:15.807872,2026-02-16 13:10:15.807872,0.0,saved T10_C100_G10000.h5ad in 7.51s
T10_C100_G15000,T10,100,15000,prepare_run,success,2026-02-16 13:10:26.453878,2026-02-16 13:10:26.453878,0.0,saved T10_C100_G15000.h5ad in 10.61s
T10_C100_G20000,T10,100,20000,prepare_run,success,2026-02-16 13:10:39.980401,2026-02-16 13:10:39.980401,0.0,saved T10_C100_G20000.h5ad in 13.47s
T10_C100_G500,T10,100,500,prepare_run,success,2026-02-16 13:10:43.504663,2026-02-16 13:10:43.504663,0.0,saved T10_C100_G500.h5ad in 3.49s
T10_C100_G5000,T10,100,5000,prepare_run,success,2026-02-16 13:10:48.762499,2026-02-16 13:10:48.762499,0.0,saved T10_C100_G5000.h5ad in 5.22s
T10_C100_Gall,T10,100,all,prepare_run,success,2026-02-16 13:11:04.687506,2026-02-16 13:11:04.687506,0.0,saved T10_C100_Gall.h5ad in 15.91s
T01_C1_G1000,T01,1,1000,infercnv,success,2026-02-16 13:18:04.140442,2026-02-16 13:18:04.140442,28.73,output=T01_C1_G1000_CNVinf.h5ad
T01_C1_G10000,T01,1,10000,infercnv,success,2026-02-16 13:22:09.729187,2026-02-16 13:22:09.729187,245.51,output=T01_C1_G10000_CNVinf.h5ad
T01_C1_G1000,T01,1,1000,infercnv,success,2026-02-16 14:17:25.314517,2026-02-16 14:17:25.314517,0.0,already exists
T01_C1_G10000,T01,1,10000,infercnv,success,2026-02-16 14:17:25.380537,2026-02-16 14:17:25.380537,0.0,already exists
T01_C1_G1000,T01,1,1000,infercnv,success,2026-02-16 15:28:00.243477,2026-02-16 15:28:00.243477,0.0,already exists
T01_C1_G10000,T01,1,10000,infercnv,success,2026-02-16 15:28:00.283858,2026-02-16 15:28:00.283858,0.0,already exists
T01_C1_G1000,T01,1,1000,prepare_run,success,2026-02-16 15:56:09.455735,2026-02-16 15:56:09.455735,0.0,saved T01_C1_G1000.h5ad in 9.21s
T01_C1_G10000,T01,1,10000,prepare_run,success,2026-02-16 15:56:19.030988,2026-02-16 15:56:19.030988,0.0,saved T01_C1_G10000.h5ad in 9.47s
T01_C1_G15000,T01,1,15000,prepare_run,success,2026-02-16 15:56:31.070952,2026-02-16 15:56:31.070952,0.0,saved T01_C1_G15000.h5ad in 11.97s
T01_C1_G20000,T01,1,20000,prepare_run,success,2026-02-16 15:56:44.567342,2026-02-16 15:56:44.567342,0.0,saved T01_C1_G20000.h5ad in 13.43s
T01_C1_G500,T01,1,500,prepare_run,success,2026-02-16 15:56:51.942547,2026-02-16 15:56:51.942547,0.0,saved T01_C1_G500.h5ad in 7.18s
T01_C1_G5000,T01,1,5000,prepare_run,success,2026-02-16 15:57:10.689686,2026-02-16 15:57:10.689686,0.0,saved T01_C1_G5000.h5ad in 18.7s
T01_C1_Gall,T01,1,all,prepare_run,success,2026-02-16 15:57:25.326185,2026-02-16 15:57:25.326185,0.0,saved T01_C1_Gall.h5ad in 14.57s
T01_C2_G1000,T01,2,1000,prepare_run,success,2026-02-16 15:57:32.347665,2026-02-16 15:57:32.347665,0.0,saved T01_C2_G1000.h5ad in 6.96s
T01_C2_G10000,T01,2,10000,prepare_run,success,2026-02-16 15:57:42.210278,2026-02-16 15:57:42.210278,0.0,saved T01_C2_G10000.h5ad in 9.77s
T01_C2_G15000,T01,2,15000,prepare_run,success,2026-02-16 15:57:54.144550,2026-02-16 15:57:54.144550,0.0,saved T01_C2_G15000.h5ad in 11.8s
T01_C2_G20000,T01,2,20000,prepare_run,success,2026-02-16 15:58:07.370761,2026-02-16 15:58:07.370761,0.0,saved T01_C2_G20000.h5ad in 13.16s
T01_C2_G500,T01,2,500,prepare_run,success,2026-02-16 15:58:14.137958,2026-02-16 15:58:14.137958,0.0,saved T01_C2_G500.h5ad in 6.74s
T01_C2_G5000,T01,2,5000,prepare_run,success,2026-02-16 15:58:22.223975,2026-02-16 15:58:22.223975,0.0,saved T01_C2_G5000.h5ad in 8.05s
T01_C2_Gall,T01,2,all,prepare_run,success,2026-02-16 15:58:36.496297,2026-02-16 15:58:36.496297,0.0,saved T01_C2_Gall.h5ad in 14.24s
T01_C3_G1000,T01,3,1000,prepare_run,success,2026-02-16 15:58:43.484002,2026-02-16 15:58:43.484002,0.0,saved T01_C3_G1000.h5ad in 6.94s
T01_C3_G10000,T01,3,10000,prepare_run,success,2026-02-16 15:58:53.090160,2026-02-16 15:58:53.090160,0.0,saved T01_C3_G10000.h5ad in 9.53s
T01_C3_G15000,T01,3,15000,prepare_run,success,2026-02-16 15:59:04.552407,2026-02-16 15:59:04.552407,0.0,saved T01_C3_G15000.h5ad in 11.39s
T01_C3_G20000,T01,3,20000,prepare_run,success,2026-02-16 15:59:23.280659,2026-02-16 15:59:23.280659,0.0,saved T01_C3_G20000.h5ad in 18.63s
T01_C3_G500,T01,3,500,prepare_run,success,2026-02-16 15:59:30.524342,2026-02-16 15:59:30.524342,0.0,saved T01_C3_G500.h5ad in 7.18s
T01_C3_G5000,T01,3,5000,prepare_run,success,2026-02-16 15:59:39.041252,2026-02-16 15:59:39.041252,0.0,saved T01_C3_G5000.h5ad in 8.41s
T01_C3_Gall,T01,3,all,prepare_run,success,2026-02-16 15:59:53.441657,2026-02-16 15:59:53.441657,0.0,saved T01_C3_Gall.h5ad in 14.35s
T01_C5_G1000,T01,5,1000,prepare_run,success,2026-02-16 16:00:02.723781,2026-02-16 16:00:02.723781,0.0,saved T01_C5_G1000.h5ad in 9.23s
T01_C5_G10000,T01,5,10000,prepare_run,success,2026-02-16 16:00:12.735698,2026-02-16 16:00:12.735698,0.0,saved T01_C5_G10000.h5ad in 9.9s
T01_C5_G15000,T01,5,15000,prepare_run,success,2026-02-16 16:00:25.017939,2026-02-16 16:00:25.017939,0.0,saved T01_C5_G15000.h5ad in 12.17s
T01_C5_G20000,T01,5,20000,prepare_run,success,2026-02-16 16:00:38.443096,2026-02-16 16:00:38.443096,0.0,saved T01_C5_G20000.h5ad in 13.4s
T01_C5_G500,T01,5,500,prepare_run,success,2026-02-16 16:00:45.419715,2026-02-16 16:00:45.419715,0.0,saved T01_C5_G500.h5ad in 6.92s
T01_C5_G5000,T01,5,5000,prepare_run,success,2026-02-16 16:00:53.648173,2026-02-16 16:00:53.648173,0.0,saved T01_C5_G5000.h5ad in 8.21s
T01_C5_Gall,T01,5,all,prepare_run,success,2026-02-16 16:01:09.225788,2026-02-16 16:01:09.225788,0.0,saved T01_C5_Gall.h5ad in 15.53s
T01_C10_G1000,T01,10,1000,prepare_run,success,2026-02-16 16:01:16.492038,2026-02-16 16:01:16.492038,0.0,saved T01_C10_G1000.h5ad in 7.2s
T01_C10_G10000,T01,10,10000,prepare_run,success,2026-02-16 16:01:26.644845,2026-02-16 16:01:26.644845,0.0,saved T01_C10_G10000.h5ad in 10.11s
T01_C10_G15000,T01,10,15000,prepare_run,success,2026-02-16 16:01:39.089768,2026-02-16 16:01:39.089768,0.0,saved T01_C10_G15000.h5ad in 12.35s
T01_C10_G20000,T01,10,20000,prepare_run,success,2026-02-16 16:01:53.841100,2026-02-16 16:01:53.841100,0.0,saved T01_C10_G20000.h5ad in 14.67s
T01_C10_G500,T01,10,500,prepare_run,success,2026-02-16 16:02:01.348567,2026-02-16 16:02:01.348567,0.0,saved T01_C10_G500.h5ad in 7.41s
T01_C10_G5000,T01,10,5000,prepare_run,success,2026-02-16 16:02:10.049982,2026-02-16 16:02:10.049982,0.0,saved T01_C10_G5000.h5ad in 8.68s
T01_C10_Gall,T01,10,all,prepare_run,success,2026-02-16 16:02:25.597897,2026-02-16 16:02:25.597897,0.0,saved T01_C10_Gall.h5ad in 15.49s
T01_C20_G1000,T01,20,1000,prepare_run,success,2026-02-16 16:02:33.683201,2026-02-16 16:02:33.683201,0.0,saved T01_C20_G1000.h5ad in 7.9s
T01_C20_G10000,T01,20,10000,prepare_run,success,2026-02-16 16:02:54.228793,2026-02-16 16:02:54.228793,0.0,saved T01_C20_G10000.h5ad in 20.49s
T01_C20_G15000,T01,20,15000,prepare_run,success,2026-02-16 16:04:12.529601,2026-02-16 16:04:12.529601,0.0,saved T01_C20_G15000.h5ad in 21.33s
T01_C20_G20000,T01,20,20000,prepare_run,success,2026-02-16 16:04:37.314802,2026-02-16 16:04:37.314802,0.0,saved T01_C20_G20000.h5ad in 21.73s
T01_C20_G500,T01,20,500,prepare_run,success,2026-02-16 16:04:46.594374,2026-02-16 16:04:46.594374,0.0,saved T01_C20_G500.h5ad in 9.23s
T01_C20_G5000,T01,20,5000,prepare_run,success,2026-02-16 16:05:17.543541,2026-02-16 16:05:17.543541,0.0,saved T01_C20_G5000.h5ad in 11.05s
T01_C20_Gall,T01,20,all,prepare_run,success,2026-02-16 16:06:53.990904,2026-02-16 16:06:53.990904,0.0,saved T01_C20_Gall.h5ad in 23.81s
T01_C50_G1000,T01,50,1000,prepare_run,success,2026-02-16 16:07:05.217884,2026-02-16 16:07:05.217884,0.0,saved T01_C50_G1000.h5ad in 11.19s
T01_C50_G10000,T01,50,10000,prepare_run,success,2026-02-16 16:07:22.875928,2026-02-16 16:07:22.875928,0.0,saved T01_C50_G10000.h5ad in 17.59s
T01_C50_G15000,T01,50,15000,prepare_run,success,2026-02-16 16:07:45.440895,2026-02-16 16:07:45.440895,0.0,saved T01_C50_G15000.h5ad in 22.48s
T01_C50_G20000,T01,50,20000,prepare_run,success,2026-02-16 16:08:05.429954,2026-02-16 16:08:05.429954,0.0,saved T01_C50_G20000.h5ad in 19.92s
T01_C50_G500,T01,50,500,prepare_run,success,2026-02-16 16:08:15.408522,2026-02-16 16:08:15.408522,0.0,saved T01_C50_G500.h5ad in 9.92s
T01_C50_G5000,T01,50,5000,prepare_run,success,2026-02-16 16:08:29.066063,2026-02-16 16:08:29.066063,0.0,saved T01_C50_G5000.h5ad in 13.56s
T01_C50_Gall,T01,50,all,prepare_run,success,2026-02-16 16:08:54.048432,2026-02-16 16:08:54.048432,0.0,saved T01_C50_Gall.h5ad in 24.88s
T01_C70_G1000,T01,70,1000,prepare_run,success,2026-02-16 16:09:06.616153,2026-02-16 16:09:06.616153,0.0,saved T01_C70_G1000.h5ad in 12.49s
T01_C70_G10000,T01,70,10000,prepare_run,success,2026-02-16 16:09:22.055192,2026-02-16 16:09:22.055192,0.0,saved T01_C70_G10000.h5ad in 15.35s
T01_C70_G15000,T01,70,15000,prepare_run,success,2026-02-16 16:09:58.836754,2026-02-16 16:09:58.836754,0.0,saved T01_C70_G15000.h5ad in 36.74s
T01_C70_G20000,T01,70,20000,prepare_run,success,2026-02-16 16:10:19.886127,2026-02-16 16:10:19.886127,0.0,saved T01_C70_G20000.h5ad in 20.98s
T01_C70_G500,T01,70,500,prepare_run,success,2026-02-16 16:10:35.656730,2026-02-16 16:10:35.656730,0.0,saved T01_C70_G500.h5ad in 15.73s
T01_C70_G5000,T01,70,5000,prepare_run,success,2026-02-16 16:10:48.264693,2026-02-16 16:10:48.264693,0.0,saved T01_C70_G5000.h5ad in 12.54s
T01_C70_Gall,T01,70,all,prepare_run,success,2026-02-16 16:11:13.651835,2026-02-16 16:11:13.651835,0.0,saved T01_C70_Gall.h5ad in 25.35s
T01_C100_G1000,T01,100,1000,prepare_run,success,2026-02-16 16:11:17.533665,2026-02-16 16:11:17.533665,0.0,saved T01_C100_G1000.h5ad in 3.82s
T01_C100_G10000,T01,100,10000,prepare_run,success,2026-02-16 16:11:26.006139,2026-02-16 16:11:26.006139,0.0,saved T01_C100_G10000.h5ad in 8.42s
T01_C100_G15000,T01,100,15000,prepare_run,success,2026-02-16 16:11:37.609814,2026-02-16 16:11:37.609814,0.0,saved T01_C100_G15000.h5ad in 11.51s
T01_C100_G20000,T01,100,20000,prepare_run,success,2026-02-16 16:12:12.508958,2026-02-16 16:12:12.508958,0.0,saved T01_C100_G20000.h5ad in 34.8s
T01_C100_G500,T01,100,500,prepare_run,success,2026-02-16 16:12:23.414118,2026-02-16 16:12:23.414118,0.0,saved T01_C100_G500.h5ad in 3.43s
T01_C100_G5000,T01,100,5000,prepare_run,success,2026-02-16 16:12:29.200495,2026-02-16 16:12:29.200495,0.0,saved T01_C100_G5000.h5ad in 5.76s
T01_C100_Gall,T01,100,all,prepare_run,success,2026-02-16 16:12:46.167629,2026-02-16 16:12:46.167629,0.0,saved T01_C100_Gall.h5ad in 16.85s
T02_C1_G1000,T02,1,1000,prepare_run,success,2026-02-16 16:13:03.820278,2026-02-16 16:13:03.820278,0.0,saved T02_C1_G1000.h5ad in 7.13s
T02_C1_G10000,T02,1,10000,prepare_run,success,2026-02-16 16:13:13.805420,2026-02-16 16:13:13.805420,0.0,saved T02_C1_G10000.h5ad in 9.95s
T02_C1_G15000,T02,1,15000,prepare_run,success,2026-02-16 16:13:25.605029,2026-02-16 16:13:25.605029,0.0,saved T02_C1_G15000.h5ad in 11.71s
T02_C1_G20000,T02,1,20000,prepare_run,success,2026-02-16 16:13:39.210797,2026-02-16 16:13:39.210797,0.0,saved T02_C1_G20000.h5ad in 13.56s
T02_C1_G500,T02,1,500,prepare_run,success,2026-02-16 16:13:46.175426,2026-02-16 16:13:46.175426,0.0,saved T02_C1_G500.h5ad in 6.93s
T02_C1_G5000,T02,1,5000,prepare_run,success,2026-02-16 16:13:54.518261,2026-02-16 16:13:54.518261,0.0,saved T02_C1_G5000.h5ad in 8.27s
T02_C1_Gall,T02,1,all,prepare_run,success,2026-02-16 16:14:14.344459,2026-02-16 16:14:14.344459,0.0,saved T02_C1_Gall.h5ad in 19.74s
T02_C2_G1000,T02,2,1000,prepare_run,success,2026-02-16 16:14:21.684492,2026-02-16 16:14:21.684492,0.0,saved T02_C2_G1000.h5ad in 7.19s
T02_C2_G10000,T02,2,10000,prepare_run,success,2026-02-16 16:14:31.553634,2026-02-16 16:14:31.553634,0.0,saved T02_C2_G10000.h5ad in 9.79s
T02_C2_G15000,T02,2,15000,prepare_run,success,2026-02-16 16:14:48.470158,2026-02-16 16:14:48.470158,0.0,saved T02_C2_G15000.h5ad in 16.87s
T02_C2_G20000,T02,2,20000,prepare_run,success,2026-02-16 16:15:06.303653,2026-02-16 16:15:06.303653,0.0,saved T02_C2_G20000.h5ad in 17.77s
T02_C2_G500,T02,2,500,prepare_run,success,2026-02-16 16:15:13.467892,2026-02-16 16:15:13.467892,0.0,saved T02_C2_G500.h5ad in 7.13s
T02_C2_G5000,T02,2,5000,prepare_run,success,2026-02-16 16:15:21.724656,2026-02-16 16:15:21.724656,0.0,saved T02_C2_G5000.h5ad in 8.22s
T02_C2_Gall,T02,2,all,prepare_run,success,2026-02-16 16:15:36.560372,2026-02-16 16:15:36.560372,0.0,saved T02_C2_Gall.h5ad in 14.82s
T02_C3_G1000,T02,3,1000,prepare_run,success,2026-02-16 16:15:43.886152,2026-02-16 16:15:43.886152,0.0,saved T02_C3_G1000.h5ad in 7.28s
T02_C3_G10000,T02,3,10000,prepare_run,success,2026-02-16 16:15:53.934938,2026-02-16 16:15:53.934938,0.0,saved T02_C3_G10000.h5ad in 9.97s
T02_C3_G15000,T02,3,15000,prepare_run,success,2026-02-16 16:16:06.048839,2026-02-16 16:16:06.048839,0.0,saved T02_C3_G15000.h5ad in 12.05s
T02_C3_G20000,T02,3,20000,prepare_run,success,2026-02-16 16:16:20.033401,2026-02-16 16:16:20.033401,0.0,saved T02_C3_G20000.h5ad in 13.94s
T02_C3_G500,T02,3,500,prepare_run,success,2026-02-16 16:16:27.140122,2026-02-16 16:16:27.140122,0.0,saved T02_C3_G500.h5ad in 7.06s
T02_C3_G5000,T02,3,5000,prepare_run,success,2026-02-16 16:16:39.510757,2026-02-16 16:16:39.510757,0.0,saved T02_C3_G5000.h5ad in 12.33s
T02_C3_Gall,T02,3,all,prepare_run,success,2026-02-16 16:16:55.989304,2026-02-16 16:16:55.989304,0.0,saved T02_C3_Gall.h5ad in 16.43s
T02_C5_G1000,T02,5,1000,prepare_run,success,2026-02-16 16:17:03.476858,2026-02-16 16:17:03.476858,0.0,saved T02_C5_G1000.h5ad in 7.46s
T02_C5_G10000,T02,5,10000,prepare_run,success,2026-02-16 16:17:14.855645,2026-02-16 16:17:14.855645,0.0,saved T02_C5_G10000.h5ad in 11.33s
T02_C5_G15000,T02,5,15000,prepare_run,success,2026-02-16 16:17:32.521840,2026-02-16 16:17:32.521840,0.0,saved T02_C5_G15000.h5ad in 17.65s
T02_C5_G20000,T02,5,20000,prepare_run,success,2026-02-16 16:17:47.809970,2026-02-16 16:17:47.809970,0.0,saved T02_C5_G20000.h5ad in 15.21s
T02_C5_G500,T02,5,500,prepare_run,success,2026-02-16 16:17:56.061596,2026-02-16 16:17:56.061596,0.0,saved T02_C5_G500.h5ad in 8.14s
T02_C5_G5000,T02,5,5000,prepare_run,success,2026-02-16 16:18:06.178633,2026-02-16 16:18:06.178633,0.0,saved T02_C5_G5000.h5ad in 10.03s
T02_C5_Gall,T02,5,all,prepare_run,success,2026-02-16 16:18:27.412485,2026-02-16 16:18:27.412485,0.0,saved T02_C5_Gall.h5ad in 21.15s
T02_C10_G1000,T02,10,1000,prepare_run,success,2026-02-16 16:18:43.180054,2026-02-16 16:18:43.180054,0.0,saved T02_C10_G1000.h5ad in 15.71s
T02_C10_G10000,T02,10,10000,prepare_run,success,2026-02-16 16:19:12.205863,2026-02-16 16:19:12.205863,0.0,saved T02_C10_G10000.h5ad in 28.96s
T02_C10_G15000,T02,10,15000,prepare_run,success,2026-02-16 16:19:39.461473,2026-02-16 16:19:39.461473,0.0,saved T02_C10_G15000.h5ad in 27.21s
T02_C10_G20000,T02,10,20000,prepare_run,success,2026-02-16 16:19:57.340210,2026-02-16 16:19:57.340210,0.0,saved T02_C10_G20000.h5ad in 17.87s
T02_C10_G500,T02,10,500,prepare_run,success,2026-02-16 16:20:04.504504,2026-02-16 16:20:04.504504,0.0,saved T02_C10_G500.h5ad in 7.07s
T02_C10_G5000,T02,10,5000,prepare_run,success,2026-02-16 16:20:14.325464,2026-02-16 16:20:14.325464,0.0,saved T02_C10_G5000.h5ad in 9.81s
T02_C10_Gall,T02,10,all,prepare_run,success,2026-02-16 16:20:34.870742,2026-02-16 16:20:34.870742,0.0,saved T02_C10_Gall.h5ad in 20.53s
T02_C20_G1000,T02,20,1000,prepare_run,success,2026-02-16 16:20:48.334445,2026-02-16 16:20:48.334445,0.0,saved T02_C20_G1000.h5ad in 13.39s
T02_C20_G10000,T02,20,10000,prepare_run,success,2026-02-16 16:21:09.823431,2026-02-16 16:21:09.823431,0.0,saved T02_C20_G10000.h5ad in 21.48s
T02_C20_G15000,T02,20,15000,prepare_run,success,2026-02-16 16:21:36.575564,2026-02-16 16:21:36.575564,0.0,saved T02_C20_G15000.h5ad in 26.74s
T02_C20_G20000,T02,20,20000,prepare_run,success,2026-02-16 16:21:58.899685,2026-02-16 16:21:58.899685,0.0,saved T02_C20_G20000.h5ad in 22.23s
T02_C20_G500,T02,20,500,prepare_run,success,2026-02-16 16:22:08.210874,2026-02-16 16:22:08.210874,0.0,saved T02_C20_G500.h5ad in 9.3s
T02_C20_G5000,T02,20,5000,prepare_run,failed,2026-02-16 16:23:11.951880,2026-02-16 16:23:11.951880,0.0,"[Errno 5] Unable to synchronously create file (unable to open file: name = '/home/augusta/storage3/augusta/insituCNV/InSituCNV/Evaluate_technical_constrains/data/runs/T02_C20_G5000.h5ad', errno = 5, error message = 'Input/output error', flags = 13, o_flags = 242)"
T02_C20_Gall,T02,20,all,prepare_run,success,2026-02-16 16:23:48.819717,2026-02-16 16:23:48.819717,0.0,saved T02_C20_Gall.h5ad in 36.86s
T02_C50_G1000,T02,50,1000,prepare_run,success,2026-02-16 16:24:10.861314,2026-02-16 16:24:10.861314,0.0,saved T02_C50_G1000.h5ad in 22.02s
T02_C50_G10000,T02,50,10000,prepare_run,success,2026-02-16 16:24:28.407265,2026-02-16 16:24:28.407265,0.0,saved T02_C50_G10000.h5ad in 17.53s
T02_C50_G15000,T02,50,15000,prepare_run,success,2026-02-16 16:24:44.295402,2026-02-16 16:24:44.295402,0.0,saved T02_C50_G15000.h5ad in 15.85s
T02_C50_G20000,T02,50,20000,prepare_run,success,2026-02-16 16:25:01.767087,2026-02-16 16:25:01.767087,0.0,saved T02_C50_G20000.h5ad in 17.44s
T02_C50_G500,T02,50,500,prepare_run,success,2026-02-16 16:25:15.994828,2026-02-16 16:25:15.994828,0.0,saved T02_C50_G500.h5ad in 14.17s
T02_C50_G5000,T02,50,5000,prepare_run,success,2026-02-16 16:25:33.972499,2026-02-16 16:25:33.972499,0.0,saved T02_C50_G5000.h5ad in 17.87s
T02_C50_Gall,T02,50,all,prepare_run,success,2026-02-16 16:26:08.118102,2026-02-16 16:26:08.118102,0.0,saved T02_C50_Gall.h5ad in 34.05s
T02_C70_G1000,T02,70,1000,prepare_run,success,2026-02-16 16:26:26.429536,2026-02-16 16:26:26.429536,0.0,saved T02_C70_G1000.h5ad in 18.19s
T02_C70_G10000,T02,70,10000,prepare_run,success,2026-02-16 16:26:43.001804,2026-02-16 16:26:43.001804,0.0,saved T02_C70_G10000.h5ad in 16.52s
T02_C70_G15000,T02,70,15000,prepare_run,success,2026-02-16 16:27:00.266304,2026-02-16 16:27:00.266304,0.0,saved T02_C70_G15000.h5ad in 17.2s
T02_C70_G20000,T02,70,20000,prepare_run,success,2026-02-16 16:27:28.477885,2026-02-16 16:27:28.477885,0.0,saved T02_C70_G20000.h5ad in 28.11s
T02_C70_G500,T02,70,500,prepare_run,success,2026-02-16 16:27:46.523838,2026-02-16 16:27:46.523838,0.0,saved T02_C70_G500.h5ad in 18.02s
T02_C70_G5000,T02,70,5000,prepare_run,success,2026-02-16 16:28:08.137791,2026-02-16 16:28:08.137791,0.0,saved T02_C70_G5000.h5ad in 21.51s
T02_C70_Gall,T02,70,all,prepare_run,success,2026-02-16 16:28:44.808041,2026-02-16 16:28:44.808041,0.0,saved T02_C70_Gall.h5ad in 36.6s
T02_C100_G1000,T02,100,1000,prepare_run,success,2026-02-16 16:28:48.884424,2026-02-16 16:28:48.884424,0.0,saved T02_C100_G1000.h5ad in 4.05s
T02_C100_G10000,T02,100,10000,prepare_run,success,2026-02-16 16:28:56.674073,2026-02-16 16:28:56.674073,0.0,saved T02_C100_G10000.h5ad in 7.76s
T02_C100_G15000,T02,100,15000,prepare_run,success,2026-02-16 16:29:08.124624,2026-02-16 16:29:08.124624,0.0,saved T02_C100_G15000.h5ad in 11.35s
T02_C100_G20000,T02,100,20000,prepare_run,success,2026-02-16 16:29:22.593546,2026-02-16 16:29:22.593546,0.0,saved T02_C100_G20000.h5ad in 14.41s
T02_C100_G500,T02,100,500,prepare_run,success,2026-02-16 16:29:26.634202,2026-02-16 16:29:26.634202,0.0,saved T02_C100_G500.h5ad in 3.89s
T02_C100_G5000,T02,100,5000,prepare_run,success,2026-02-16 16:29:32.950333,2026-02-16 16:29:32.950333,0.0,saved T02_C100_G5000.h5ad in 6.21s
T02_C100_Gall,T02,100,all,prepare_run,success,2026-02-16 16:29:58.335557,2026-02-16 16:29:58.335557,0.0,saved T02_C100_Gall.h5ad in 25.3s
T03_C1_G1000,T03,1,1000,prepare_run,success,2026-02-16 16:30:20.887865,2026-02-16 16:30:20.887865,0.0,saved T03_C1_G1000.h5ad in 12.35s
T03_C1_G10000,T03,1,10000,prepare_run,success,2026-02-16 16:30:37.637155,2026-02-16 16:30:37.637155,0.0,saved T03_C1_G10000.h5ad in 16.58s
T03_C1_G15000,T03,1,15000,prepare_run,success,2026-02-16 16:30:57.895859,2026-02-16 16:30:57.895859,0.0,saved T03_C1_G15000.h5ad in 20.19s
T03_C1_G20000,T03,1,20000,prepare_run,success,2026-02-16 16:31:11.873460,2026-02-16 16:31:11.873460,0.0,saved T03_C1_G20000.h5ad in 13.89s
T03_C1_G500,T03,1,500,prepare_run,success,2026-02-16 16:31:18.736153,2026-02-16 16:31:18.736153,0.0,saved T03_C1_G500.h5ad in 6.75s
T03_C1_G5000,T03,1,5000,prepare_run,success,2026-02-16 16:31:26.879638,2026-02-16 16:31:26.879638,0.0,saved T03_C1_G5000.h5ad in 8.1s
T03_C1_Gall,T03,1,all,prepare_run,success,2026-02-16 16:31:42.291318,2026-02-16 16:31:42.291318,0.0,saved T03_C1_Gall.h5ad in 15.37s
T03_C2_G1000,T03,2,1000,prepare_run,success,2026-02-16 16:31:49.321811,2026-02-16 16:31:49.321811,0.0,saved T03_C2_G1000.h5ad in 6.85s
T03_C2_G10000,T03,2,10000,prepare_run,success,2026-02-16 16:32:04.649845,2026-02-16 16:32:04.649845,0.0,saved T03_C2_G10000.h5ad in 15.29s
T03_C2_G15000,T03,2,15000,prepare_run,success,2026-02-16 16:32:24.975148,2026-02-16 16:32:24.975148,0.0,saved T03_C2_G15000.h5ad in 20.24s
T03_C2_G20000,T03,2,20000,prepare_run,success,2026-02-16 16:32:49.110209,2026-02-16 16:32:49.110209,0.0,saved T03_C2_G20000.h5ad in 24.02s
T03_C2_G500,T03,2,500,prepare_run,success,2026-02-16 16:33:02.098238,2026-02-16 16:33:02.098238,0.0,saved T03_C2_G500.h5ad in 12.84s
T03_C2_G5000,T03,2,5000,prepare_run,success,2026-02-16 16:33:16.091483,2026-02-16 16:33:16.091483,0.0,saved T03_C2_G5000.h5ad in 13.76s
T03_C2_Gall,T03,2,all,prepare_run,success,2026-02-16 16:33:31.336950,2026-02-16 16:33:31.336950,0.0,saved T03_C2_Gall.h5ad in 15.08s
T03_C3_G1000,T03,3,1000,prepare_run,success,2026-02-16 16:33:38.492087,2026-02-16 16:33:38.492087,0.0,saved T03_C3_G1000.h5ad in 7.0s
T03_C3_G10000,T03,3,10000,prepare_run,success,2026-02-16 16:33:48.450693,2026-02-16 16:33:48.450693,0.0,saved T03_C3_G10000.h5ad in 9.84s
T03_C3_G15000,T03,3,15000,prepare_run,success,2026-02-16 16:34:00.132197,2026-02-16 16:34:00.132197,0.0,saved T03_C3_G15000.h5ad in 11.61s
T03_C3_G20000,T03,3,20000,prepare_run,success,2026-02-16 16:34:42.082847,2026-02-16 16:34:42.082847,0.0,saved T03_C3_G20000.h5ad in 34.68s
T03_C3_G500,T03,3,500,prepare_run,success,2026-02-16 16:34:53.904908,2026-02-16 16:34:53.904908,0.0,saved T03_C3_G500.h5ad in 11.79s
T03_C3_G5000,T03,3,5000,prepare_run,success,2026-02-16 16:35:18.598082,2026-02-16 16:35:18.598082,0.0,saved T03_C3_G5000.h5ad in 24.67s
T03_C3_Gall,T03,3,all,prepare_run,success,2026-02-16 16:35:35.588817,2026-02-16 16:35:35.588817,0.0,saved T03_C3_Gall.h5ad in 16.98s
T03_C5_G1000,T03,5,1000,prepare_run,success,2026-02-16 16:35:42.455119,2026-02-16 16:35:42.455119,0.0,saved T03_C5_G1000.h5ad in 6.82s
T03_C5_G10000,T03,5,10000,prepare_run,failed,2026-02-16 16:36:46.711714,2026-02-16 16:36:46.711714,0.0,"[Errno 5] Unable to synchronously create file (unable to open file: name = '/home/augusta/storage3/augusta/insituCNV/InSituCNV/Evaluate_technical_constrains/data/runs/T03_C5_G10000.h5ad', errno = 5, error message = 'Input/output error', flags = 13, o_flags = 242)"
T03_C5_G15000,T03,5,15000,prepare_run,success,2026-02-16 16:37:05.835051,2026-02-16 16:37:05.835051,0.0,saved T03_C5_G15000.h5ad in 19.11s
T03_C5_G20000,T03,5,20000,prepare_run,success,2026-02-16 16:38:11.916372,2026-02-16 16:38:11.916372,0.0,saved T03_C5_G20000.h5ad in 66.04s
T03_C5_G500,T03,5,500,prepare_run,success,2026-02-16 16:38:19.228165,2026-02-16 16:38:19.228165,0.0,saved T03_C5_G500.h5ad in 7.23s
T03_C5_G5000,T03,5,5000,prepare_run,success,2026-02-16 16:38:27.875641,2026-02-16 16:38:27.875641,0.0,saved T03_C5_G5000.h5ad in 8.59s
T03_C5_Gall,T03,5,all,prepare_run,success,2026-02-16 16:38:46.972774,2026-02-16 16:38:46.972774,0.0,saved T03_C5_Gall.h5ad in 19.03s
T03_C10_G1000,T03,10,1000,prepare_run,success,2026-02-16 16:38:54.744187,2026-02-16 16:38:54.744187,0.0,saved T03_C10_G1000.h5ad in 7.75s
T03_C10_G10000,T03,10,10000,prepare_run,success,2026-02-16 16:39:05.506677,2026-02-16 16:39:05.506677,0.0,saved T03_C10_G10000.h5ad in 10.68s
T03_C10_G15000,T03,10,15000,prepare_run,success,2026-02-16 16:39:18.548760,2026-02-16 16:39:18.548760,0.0,saved T03_C10_G15000.h5ad in 13.0s
T03_C10_G20000,T03,10,20000,prepare_run,success,2026-02-16 16:39:37.126663,2026-02-16 16:39:37.126663,0.0,saved T03_C10_G20000.h5ad in 18.55s
T03_C10_G500,T03,10,500,prepare_run,success,2026-02-16 16:39:45.013406,2026-02-16 16:39:45.013406,0.0,saved T03_C10_G500.h5ad in 7.79s
T03_C10_G5000,T03,10,5000,prepare_run,success,2026-02-16 16:39:57.733694,2026-02-16 16:39:57.733694,0.0,saved T03_C10_G5000.h5ad in 12.68s
T03_C10_Gall,T03,10,all,prepare_run,success,2026-02-16 16:40:15.390341,2026-02-16 16:40:15.390341,0.0,saved T03_C10_Gall.h5ad in 17.63s
T03_C20_G1000,T03,20,1000,prepare_run,success,2026-02-16 16:40:26.195066,2026-02-16 16:40:26.195066,0.0,saved T03_C20_G1000.h5ad in 10.78s
T03_C20_G10000,T03,20,10000,prepare_run,success,2026-02-16 16:40:42.522161,2026-02-16 16:40:42.522161,0.0,saved T03_C20_G10000.h5ad in 16.25s
T03_C20_G15000,T03,20,15000,prepare_run,success,2026-02-16 16:40:56.151717,2026-02-16 16:40:56.151717,0.0,saved T03_C20_G15000.h5ad in 13.49s
T03_C20_G20000,T03,20,20000,prepare_run,success,2026-02-16 16:41:11.884832,2026-02-16 16:41:11.884832,0.0,saved T03_C20_G20000.h5ad in 15.67s
T03_C20_G500,T03,20,500,prepare_run,success,2026-02-16 16:41:20.889858,2026-02-16 16:41:20.889858,0.0,saved T03_C20_G500.h5ad in 8.97s
T03_C20_G5000,T03,20,5000,prepare_run,success,2026-02-16 16:41:30.336801,2026-02-16 16:41:30.336801,0.0,saved T03_C20_G5000.h5ad in 9.44s
T03_C20_Gall,T03,20,all,prepare_run,success,2026-02-16 16:41:46.952074,2026-02-16 16:41:46.952074,0.0,saved T03_C20_Gall.h5ad in 16.57s
T03_C50_G1000,T03,50,1000,prepare_run,success,2026-02-16 16:41:56.835939,2026-02-16 16:41:56.835939,0.0,saved T03_C50_G1000.h5ad in 9.79s
T03_C50_G10000,T03,50,10000,prepare_run,success,2026-02-16 16:42:09.534134,2026-02-16 16:42:09.534134,0.0,saved T03_C50_G10000.h5ad in 12.61s
T03_C50_G15000,T03,50,15000,prepare_run,success,2026-02-16 16:42:25.217163,2026-02-16 16:42:25.217163,0.0,saved T03_C50_G15000.h5ad in 15.65s
T03_C50_G20000,T03,50,20000,prepare_run,success,2026-02-16 16:42:42.730526,2026-02-16 16:42:42.730526,0.0,saved T03_C50_G20000.h5ad in 17.48s
T03_C50_G500,T03,50,500,prepare_run,success,2026-02-16 16:42:51.555414,2026-02-16 16:42:51.555414,0.0,saved T03_C50_G500.h5ad in 8.76s
T03_C50_G5000,T03,50,5000,prepare_run,success,2026-02-16 16:43:01.933099,2026-02-16 16:43:01.933099,0.0,saved T03_C50_G5000.h5ad in 10.35s
T03_C50_Gall,T03,50,all,prepare_run,success,2026-02-16 16:43:21.687431,2026-02-16 16:43:21.687431,0.0,saved T03_C50_Gall.h5ad in 19.72s
T03_C70_G1000,T03,70,1000,prepare_run,success,2026-02-16 16:43:31.852727,2026-02-16 16:43:31.852727,0.0,saved T03_C70_G1000.h5ad in 10.08s
T03_C70_G10000,T03,70,10000,prepare_run,success,2026-02-16 16:43:45.779256,2026-02-16 16:43:45.779256,0.0,saved T03_C70_G10000.h5ad in 13.87s
T03_C70_G15000,T03,70,15000,prepare_run,success,2026-02-16 16:44:04.108383,2026-02-16 16:44:04.108383,0.0,saved T03_C70_G15000.h5ad in 18.14s
T03_C70_G20000,T03,70,20000,prepare_run,success,2026-02-16 16:44:22.933711,2026-02-16 16:44:22.933711,0.0,saved T03_C70_G20000.h5ad in 18.69s
T03_C70_G500,T03,70,500,prepare_run,success,2026-02-16 16:44:33.587243,2026-02-16 16:44:33.587243,0.0,saved T03_C70_G500.h5ad in 10.52s
T03_C70_G5000,T03,70,5000,prepare_run,success,2026-02-16 16:44:45.738354,2026-02-16 16:44:45.738354,0.0,saved T03_C70_G5000.h5ad in 12.03s
T03_C70_Gall,T03,70,all,prepare_run,success,2026-02-16 16:45:08.609503,2026-02-16 16:45:08.609503,0.0,saved T03_C70_Gall.h5ad in 22.79s
T03_C100_G1000,T03,100,1000,prepare_run,success,2026-02-16 16:45:12.677010,2026-02-16 16:45:12.677010,0.0,saved T03_C100_G1000.h5ad in 4.01s
T03_C100_G10000,T03,100,10000,prepare_run,success,2026-02-16 16:45:20.817289,2026-02-16 16:45:20.817289,0.0,saved T03_C100_G10000.h5ad in 8.04s
T03_C100_G15000,T03,100,15000,prepare_run,success,2026-02-16 16:45:32.349619,2026-02-16 16:45:32.349619,0.0,saved T03_C100_G15000.h5ad in 11.51s
T03_C100_G20000,T03,100,20000,prepare_run,success,2026-02-16 16:45:50.995282,2026-02-16 16:45:50.995282,0.0,saved T03_C100_G20000.h5ad in 18.62s
T03_C100_G500,T03,100,500,prepare_run,success,2026-02-16 16:45:54.777412,2026-02-16 16:45:54.777412,0.0,saved T03_C100_G500.h5ad in 3.74s
T03_C100_G5000,T03,100,5000,prepare_run,success,2026-02-16 16:46:00.781523,2026-02-16 16:46:00.781523,0.0,saved T03_C100_G5000.h5ad in 5.85s
T03_C100_Gall,T03,100,all,prepare_run,success,2026-02-16 16:46:26.571969,2026-02-16 16:46:26.571969,0.0,saved T03_C100_Gall.h5ad in 25.76s
T04_C1_G1000,T04,1,1000,prepare_run,success,2026-02-16 16:46:42.052048,2026-02-16 16:46:42.052048,0.0,saved T04_C1_G1000.h5ad in 6.95s
T04_C1_G10000,T04,1,10000,prepare_run,success,2026-02-16 16:46:54.296826,2026-02-16 16:46:54.296826,0.0,saved T04_C1_G10000.h5ad in 12.18s
T04_C1_G15000,T04,1,15000,prepare_run,success,2026-02-16 16:47:05.255710,2026-02-16 16:47:05.255710,0.0,saved T04_C1_G15000.h5ad in 10.93s
T04_C1_G20000,T04,1,20000,prepare_run,success,2026-02-16 16:47:18.977761,2026-02-16 16:47:18.977761,0.0,saved T04_C1_G20000.h5ad in 13.68s
T04_C1_G500,T04,1,500,prepare_run,success,2026-02-16 16:47:25.982419,2026-02-16 16:47:25.982419,0.0,saved T04_C1_G500.h5ad in 6.93s
T04_C1_G5000,T04,1,5000,prepare_run,success,2026-02-16 16:47:34.037294,2026-02-16 16:47:34.037294,0.0,saved T04_C1_G5000.h5ad in 8.04s
T04_C1_Gall,T04,1,all,prepare_run,success,2026-02-16 16:47:48.464217,2026-02-16 16:47:48.464217,0.0,saved T04_C1_Gall.h5ad in 14.28s
T04_C2_G1000,T04,2,1000,prepare_run,success,2026-02-16 16:47:55.352141,2026-02-16 16:47:55.352141,0.0,saved T04_C2_G1000.h5ad in 6.83s
T04_C2_G10000,T04,2,10000,prepare_run,success,2026-02-16 16:48:05.399087,2026-02-16 16:48:05.399087,0.0,saved T04_C2_G10000.h5ad in 10.02s
T04_C2_G15000,T04,2,15000,prepare_run,success,2026-02-16 16:48:16.513909,2026-02-16 16:48:16.513909,0.0,saved T04_C2_G15000.h5ad in 11.09s
T04_C2_G20000,T04,2,20000,prepare_run,success,2026-02-16 16:48:29.830172,2026-02-16 16:48:29.830172,0.0,saved T04_C2_G20000.h5ad in 13.31s
T04_C2_G500,T04,2,500,prepare_run,success,2026-02-16 16:48:36.395880,2026-02-16 16:48:36.395880,0.0,saved T04_C2_G500.h5ad in 6.55s
T04_C2_G5000,T04,2,5000,prepare_run,success,2026-02-16 16:48:44.152172,2026-02-16 16:48:44.152172,0.0,saved T04_C2_G5000.h5ad in 7.7s
T04_C2_Gall,T04,2,all,prepare_run,success,2026-02-16 16:48:58.713710,2026-02-16 16:48:58.713710,0.0,saved T04_C2_Gall.h5ad in 14.54s
T04_C3_G1000,T04,3,1000,prepare_run,success,2026-02-16 16:49:05.811284,2026-02-16 16:49:05.811284,0.0,saved T04_C3_G1000.h5ad in 7.04s
T04_C3_G10000,T04,3,10000,prepare_run,success,2026-02-16 16:49:15.468595,2026-02-16 16:49:15.468595,0.0,saved T04_C3_G10000.h5ad in 9.51s
T04_C3_G15000,T04,3,15000,prepare_run,success,2026-02-16 16:49:26.786025,2026-02-16 16:49:26.786025,0.0,saved T04_C3_G15000.h5ad in 11.3s
T04_C3_G20000,T04,3,20000,prepare_run,success,2026-02-16 16:49:39.634418,2026-02-16 16:49:39.634418,0.0,saved T04_C3_G20000.h5ad in 12.83s
T04_C3_G500,T04,3,500,prepare_run,success,2026-02-16 16:49:46.211708,2026-02-16 16:49:46.211708,0.0,saved T04_C3_G500.h5ad in 6.56s
T04_C3_G5000,T04,3,5000,prepare_run,success,2026-02-16 16:49:53.983384,2026-02-16 16:49:53.983384,0.0,saved T04_C3_G5000.h5ad in 7.76s
T04_C3_Gall,T04,3,all,prepare_run,success,2026-02-16 16:50:08.301480,2026-02-16 16:50:08.301480,0.0,saved T04_C3_Gall.h5ad in 14.27s
T04_C5_G1000,T04,5,1000,prepare_run,success,2026-02-16 16:50:15.025905,2026-02-16 16:50:15.025905,0.0,saved T04_C5_G1000.h5ad in 6.71s
T04_C5_G10000,T04,5,10000,prepare_run,success,2026-02-16 16:50:24.814041,2026-02-16 16:50:24.814041,0.0,saved T04_C5_G10000.h5ad in 9.71s
T04_C5_G15000,T04,5,15000,prepare_run,success,2026-02-16 16:50:50.702662,2026-02-16 16:50:50.702662,0.0,saved T04_C5_G15000.h5ad in 25.87s
T04_C5_G20000,T04,5,20000,prepare_run,success,2026-02-16 16:51:04.882017,2026-02-16 16:51:04.882017,0.0,saved T04_C5_G20000.h5ad in 14.07s
T04_C5_G500,T04,5,500,prepare_run,success,2026-02-16 16:51:11.952930,2026-02-16 16:51:11.952930,0.0,saved T04_C5_G500.h5ad in 7.03s
T04_C5_G5000,T04,5,5000,prepare_run,success,2026-02-16 16:51:20.279677,2026-02-16 16:51:20.279677,0.0,saved T04_C5_G5000.h5ad in 8.31s
T04_C5_Gall,T04,5,all,prepare_run,success,2026-02-16 16:51:35.359371,2026-02-16 16:51:35.359371,0.0,saved T04_C5_Gall.h5ad in 15.02s
T04_C10_G1000,T04,10,1000,prepare_run,success,2026-02-16 16:51:43.860240,2026-02-16 16:51:43.860240,0.0,saved T04_C10_G1000.h5ad in 8.48s
T04_C10_G10000,T04,10,10000,prepare_run,success,2026-02-16 16:51:55.993596,2026-02-16 16:51:55.993596,0.0,saved T04_C10_G10000.h5ad in 12.08s
T04_C10_G15000,T04,10,15000,prepare_run,success,2026-02-16 16:52:09.133456,2026-02-16 16:52:09.133456,0.0,saved T04_C10_G15000.h5ad in 13.13s
T04_C10_G20000,T04,10,20000,prepare_run,success,2026-02-16 16:52:24.450065,2026-02-16 16:52:24.450065,0.0,saved T04_C10_G20000.h5ad in 15.2s
T04_C10_G500,T04,10,500,prepare_run,success,2026-02-16 16:52:33.356994,2026-02-16 16:52:33.356994,0.0,saved T04_C10_G500.h5ad in 8.89s
T04_C10_G5000,T04,10,5000,prepare_run,success,2026-02-16 16:52:45.089590,2026-02-16 16:52:45.089590,0.0,saved T04_C10_G5000.h5ad in 11.68s
T04_C10_Gall,T04,10,all,prepare_run,success,2026-02-16 16:53:01.358821,2026-02-16 16:53:01.358821,0.0,saved T04_C10_Gall.h5ad in 16.14s
T04_C20_G1000,T04,20,1000,prepare_run,success,2026-02-16 16:53:11.577609,2026-02-16 16:53:11.577609,0.0,saved T04_C20_G1000.h5ad in 10.17s
T04_C20_G10000,T04,20,10000,prepare_run,success,2026-02-16 16:53:25.605763,2026-02-16 16:53:25.605763,0.0,saved T04_C20_G10000.h5ad in 13.9s
T04_C20_G15000,T04,20,15000,prepare_run,success,2026-02-16 16:53:39.379113,2026-02-16 16:53:39.379113,0.0,saved T04_C20_G15000.h5ad in 13.71s
T04_C20_G20000,T04,20,20000,prepare_run,success,2026-02-16 16:53:57.713081,2026-02-16 16:53:57.713081,0.0,saved T04_C20_G20000.h5ad in 18.27s
T04_C20_G500,T04,20,500,prepare_run,success,2026-02-16 16:54:05.005099,2026-02-16 16:54:05.005099,0.0,saved T04_C20_G500.h5ad in 7.21s
T04_C20_G5000,T04,20,5000,prepare_run,success,2026-02-16 16:54:14.148626,2026-02-16 16:54:14.148626,0.0,saved T04_C20_G5000.h5ad in 9.04s
T04_C20_Gall,T04,20,all,prepare_run,success,2026-02-16 16:54:30.755524,2026-02-16 16:54:30.755524,0.0,saved T04_C20_Gall.h5ad in 16.57s
T04_C50_G1000,T04,50,1000,prepare_run,success,2026-02-16 16:54:41.801890,2026-02-16 16:54:41.801890,0.0,saved T04_C50_G1000.h5ad in 10.95s
T04_C50_G10000,T04,50,10000,prepare_run,success,2026-02-16 16:54:54.263,2026-02-16 16:54:54.263,0.0,saved T04_C50_G10000.h5ad in 12.41s
T04_C50_G15000,T04,50,15000,prepare_run,success,2026-02-16 16:55:10.552735,2026-02-16 16:55:10.552735,0.0,saved T04_C50_G15000.h5ad in 16.27s
T04_C50_G20000,T04,50,20000,prepare_run,success,2026-02-16 16:55:28.432654,2026-02-16 16:55:28.432654,0.0,saved T04_C50_G20000.h5ad in 17.76s
T04_C50_G500,T04,50,500,prepare_run,success,2026-02-16 16:55:37.497640,2026-02-16 16:55:37.497640,0.0,saved T04_C50_G500.h5ad in 9.0s
T04_C50_G5000,T04,50,5000,prepare_run,success,2026-02-16 16:55:50.981508,2026-02-16 16:55:50.981508,0.0,saved T04_C50_G5000.h5ad in 13.47s
T04_C50_Gall,T04,50,all,prepare_run,success,2026-02-16 16:56:10.510972,2026-02-16 16:56:10.510972,0.0,saved T04_C50_Gall.h5ad in 19.49s
T04_C70_G1000,T04,70,1000,prepare_run,success,2026-02-16 16:56:20.516336,2026-02-16 16:56:20.516336,0.0,saved T04_C70_G1000.h5ad in 9.94s
T04_C70_G10000,T04,70,10000,prepare_run,success,2026-02-16 16:56:34.458517,2026-02-16 16:56:34.458517,0.0,saved T04_C70_G10000.h5ad in 13.86s
T04_C70_G15000,T04,70,15000,prepare_run,success,2026-02-16 16:56:51.156835,2026-02-16 16:56:51.156835,0.0,saved T04_C70_G15000.h5ad in 16.68s
T04_C70_G20000,T04,70,20000,prepare_run,success,2026-02-16 16:57:18.875085,2026-02-16 16:57:18.875085,0.0,saved T04_C70_G20000.h5ad in 27.61s
T04_C70_G500,T04,70,500,prepare_run,success,2026-02-16 16:57:41.651102,2026-02-16 16:57:41.651102,0.0,saved T04_C70_G500.h5ad in 9.8s
T04_C70_G5000,T04,70,5000,prepare_run,success,2026-02-16 16:58:00.543421,2026-02-16 16:58:00.543421,0.0,saved T04_C70_G5000.h5ad in 18.79s
T04_C70_Gall,T04,70,all,prepare_run,success,2026-02-16 16:58:20.433390,2026-02-16 16:58:20.433390,0.0,saved T04_C70_Gall.h5ad in 19.86s
T04_C100_G1000,T04,100,1000,prepare_run,success,2026-02-16 16:58:24.097090,2026-02-16 16:58:24.097090,0.0,saved T04_C100_G1000.h5ad in 3.57s
T04_C100_G10000,T04,100,10000,prepare_run,success,2026-02-16 16:58:33.731675,2026-02-16 16:58:33.731675,0.0,saved T04_C100_G10000.h5ad in 9.54s
T04_C100_G15000,T04,100,15000,prepare_run,success,2026-02-16 16:58:44.789122,2026-02-16 16:58:44.789122,0.0,saved T04_C100_G15000.h5ad in 10.91s
T04_C100_G20000,T04,100,20000,prepare_run,success,2026-02-16 16:58:58.836581,2026-02-16 16:58:58.836581,0.0,saved T04_C100_G20000.h5ad in 13.93s
T04_C100_G500,T04,100,500,prepare_run,success,2026-02-16 16:59:03.201245,2026-02-16 16:59:03.201245,0.0,saved T04_C100_G500.h5ad in 4.24s
T04_C100_G5000,T04,100,5000,prepare_run,success,2026-02-16 16:59:08.607559,2026-02-16 16:59:08.607559,0.0,saved T04_C100_G5000.h5ad in 5.4s
T04_C100_Gall,T04,100,all,prepare_run,success,2026-02-16 16:59:25.630168,2026-02-16 16:59:25.630168,0.0,saved T04_C100_Gall.h5ad in 16.95s
T05_C1_G1000,T05,1,1000,prepare_run,success,2026-02-16 16:59:40.858950,2026-02-16 16:59:40.858950,0.0,saved T05_C1_G1000.h5ad in 7.73s
T05_C1_G10000,T05,1,10000,prepare_run,success,2026-02-16 16:59:54.304056,2026-02-16 16:59:54.304056,0.0,saved T05_C1_G10000.h5ad in 9.28s
T05_C1_G15000,T05,1,15000,prepare_run,success,2026-02-16 17:00:05.721234,2026-02-16 17:00:05.721234,0.0,saved T05_C1_G15000.h5ad in 11.35s
T05_C1_G20000,T05,1,20000,prepare_run,success,2026-02-16 17:00:18.433132,2026-02-16 17:00:18.433132,0.0,saved T05_C1_G20000.h5ad in 12.68s
T05_C1_G500,T05,1,500,prepare_run,success,2026-02-16 17:00:25.143254,2026-02-16 17:00:25.143254,0.0,saved T05_C1_G500.h5ad in 6.7s
T05_C1_G5000,T05,1,5000,prepare_run,success,2026-02-16 17:00:34.842101,2026-02-16 17:00:34.842101,0.0,saved T05_C1_G5000.h5ad in 9.68s
T05_C1_Gall,T05,1,all,prepare_run,success,2026-02-16 17:00:49.931305,2026-02-16 17:00:49.931305,0.0,saved T05_C1_Gall.h5ad in 15.01s
T05_C2_G1000,T05,2,1000,prepare_run,success,2026-02-16 17:00:57.113745,2026-02-16 17:00:57.113745,0.0,saved T05_C2_G1000.h5ad in 7.04s
T05_C2_G10000,T05,2,10000,prepare_run,success,2026-02-16 17:01:06.433478,2026-02-16 17:01:06.433478,0.0,saved T05_C2_G10000.h5ad in 9.21s
T05_C2_G15000,T05,2,15000,prepare_run,success,2026-02-16 17:01:17.465839,2026-02-16 17:01:17.465839,0.0,saved T05_C2_G15000.h5ad in 10.99s
T05_C2_G20000,T05,2,20000,prepare_run,success,2026-02-16 17:01:30.782269,2026-02-16 17:01:30.782269,0.0,saved T05_C2_G20000.h5ad in 13.3s
T05_C2_G500,T05,2,500,prepare_run,success,2026-02-16 17:01:37.745086,2026-02-16 17:01:37.745086,0.0,saved T05_C2_G500.h5ad in 6.92s
T05_C2_G5000,T05,2,5000,prepare_run,success,2026-02-16 17:01:46.164902,2026-02-16 17:01:46.164902,0.0,saved T05_C2_G5000.h5ad in 8.41s
T05_C2_Gall,T05,2,all,prepare_run,success,2026-02-16 17:02:01.308082,2026-02-16 17:02:01.308082,0.0,saved T05_C2_Gall.h5ad in 14.95s
T05_C3_G1000,T05,3,1000,prepare_run,success,2026-02-16 17:02:12.056773,2026-02-16 17:02:12.056773,0.0,saved T05_C3_G1000.h5ad in 7.19s
T05_C3_G10000,T05,3,10000,prepare_run,success,2026-02-16 17:02:22.005663,2026-02-16 17:02:22.005663,0.0,saved T05_C3_G10000.h5ad in 9.89s
T05_C3_G15000,T05,3,15000,prepare_run,success,2026-02-16 17:02:34.395341,2026-02-16 17:02:34.395341,0.0,saved T05_C3_G15000.h5ad in 12.29s
T05_C3_G20000,T05,3,20000,prepare_run,success,2026-02-16 17:02:49.564960,2026-02-16 17:02:49.564960,0.0,saved T05_C3_G20000.h5ad in 15.12s
T05_C3_G500,T05,3,500,prepare_run,success,2026-02-16 17:02:56.432348,2026-02-16 17:02:56.432348,0.0,saved T05_C3_G500.h5ad in 6.83s
T05_C3_G5000,T05,3,5000,prepare_run,success,2026-02-16 17:03:04.838304,2026-02-16 17:03:04.838304,0.0,saved T05_C3_G5000.h5ad in 8.3s
T05_C3_Gall,T05,3,all,prepare_run,success,2026-02-16 17:03:19.532613,2026-02-16 17:03:19.532613,0.0,saved T05_C3_Gall.h5ad in 14.64s
T05_C5_G1000,T05,5,1000,prepare_run,success,2026-02-16 17:03:26.906002,2026-02-16 17:03:26.906002,0.0,saved T05_C5_G1000.h5ad in 7.25s
T05_C5_G10000,T05,5,10000,prepare_run,success,2026-02-16 17:03:37.176450,2026-02-16 17:03:37.176450,0.0,saved T05_C5_G10000.h5ad in 10.02s
T05_C5_G15000,T05,5,15000,prepare_run,success,2026-02-16 17:03:49.286115,2026-02-16 17:03:49.286115,0.0,saved T05_C5_G15000.h5ad in 12.01s
T05_C5_G20000,T05,5,20000,prepare_run,success,2026-02-16 17:04:04.420920,2026-02-16 17:04:04.420920,0.0,saved T05_C5_G20000.h5ad in 15.06s
T05_C5_G500,T05,5,500,prepare_run,success,2026-02-16 17:04:11.786497,2026-02-16 17:04:11.786497,0.0,saved T05_C5_G500.h5ad in 7.32s
T05_C5_G5000,T05,5,5000,prepare_run,success,2026-02-16 17:04:19.942936,2026-02-16 17:04:19.942936,0.0,saved T05_C5_G5000.h5ad in 8.11s
T05_C5_Gall,T05,5,all,prepare_run,success,2026-02-16 17:04:34.599571,2026-02-16 17:04:34.599571,0.0,saved T05_C5_Gall.h5ad in 14.63s
T05_C10_G1000,T05,10,1000,prepare_run,success,2026-02-16 17:04:54.284320,2026-02-16 17:04:54.284320,0.0,saved T05_C10_G1000.h5ad in 19.66s
T05_C10_G10000,T05,10,10000,prepare_run,success,2026-02-16 17:05:18.911771,2026-02-16 17:05:18.911771,0.0,saved T05_C10_G10000.h5ad in 24.57s
T05_C10_G15000,T05,10,15000,prepare_run,success,2026-02-16 17:05:33.705853,2026-02-16 17:05:33.705853,0.0,saved T05_C10_G15000.h5ad in 14.72s
T05_C10_G20000,T05,10,20000,prepare_run,success,2026-02-16 17:05:48.457931,2026-02-16 17:05:48.457931,0.0,saved T05_C10_G20000.h5ad in 14.64s
T05_C10_G500,T05,10,500,prepare_run,success,2026-02-16 17:05:56.116253,2026-02-16 17:05:56.116253,0.0,saved T05_C10_G500.h5ad in 7.6s
T05_C10_G5000,T05,10,5000,prepare_run,success,2026-02-16 17:06:05.356065,2026-02-16 17:06:05.356065,0.0,saved T05_C10_G5000.h5ad in 9.08s
T05_C10_Gall,T05,10,all,prepare_run,success,2026-02-16 17:06:25.457224,2026-02-16 17:06:25.457224,0.0,saved T05_C10_Gall.h5ad in 20.05s
T05_C20_G1000,T05,20,1000,prepare_run,success,2026-02-16 17:06:39.319376,2026-02-16 17:06:39.319376,0.0,saved T05_C20_G1000.h5ad in 9.5s
T05_C20_G10000,T05,20,10000,prepare_run,success,2026-02-16 17:06:50.601773,2026-02-16 17:06:50.601773,0.0,saved T05_C20_G10000.h5ad in 11.14s
T05_C20_G15000,T05,20,15000,prepare_run,success,2026-02-16 17:07:06.675080,2026-02-16 17:07:06.675080,0.0,saved T05_C20_G15000.h5ad in 15.99s
T05_C20_G20000,T05,20,20000,prepare_run,success,2026-02-16 17:07:26.181097,2026-02-16 17:07:26.181097,0.0,saved T05_C20_G20000.h5ad in 19.35s
T05_C20_G500,T05,20,500,prepare_run,success,2026-02-16 17:07:33.780289,2026-02-16 17:07:33.780289,0.0,saved T05_C20_G500.h5ad in 7.5s
T05_C20_G5000,T05,20,5000,prepare_run,success,2026-02-16 17:07:42.923206,2026-02-16 17:07:42.923206,0.0,saved T05_C20_G5000.h5ad in 9.11s
T05_C20_Gall,T05,20,all,prepare_run,success,2026-02-16 17:08:02.575254,2026-02-16 17:08:02.575254,0.0,saved T05_C20_Gall.h5ad in 19.56s
T05_C50_G1000,T05,50,1000,prepare_run,success,2026-02-16 17:08:38.396608,2026-02-16 17:08:38.396608,0.0,saved T05_C50_G1000.h5ad in 30.77s
T05_C50_G10000,T05,50,10000,prepare_run,success,2026-02-16 17:08:56.323109,2026-02-16 17:08:56.323109,0.0,saved T05_C50_G10000.h5ad in 12.63s
T05_C50_G15000,T05,50,15000,prepare_run,success,2026-02-16 17:09:12.209772,2026-02-16 17:09:12.209772,0.0,saved T05_C50_G15000.h5ad in 15.76s
T05_C50_G20000,T05,50,20000,prepare_run,success,2026-02-16 17:09:29.710644,2026-02-16 17:09:29.710644,0.0,saved T05_C50_G20000.h5ad in 17.39s
T05_C50_G500,T05,50,500,prepare_run,success,2026-02-16 17:09:38.898540,2026-02-16 17:09:38.898540,0.0,saved T05_C50_G500.h5ad in 9.12s
T05_C50_G5000,T05,50,5000,prepare_run,success,2026-02-16 17:09:49.586445,2026-02-16 17:09:49.586445,0.0,saved T05_C50_G5000.h5ad in 10.67s
T05_C50_Gall,T05,50,all,prepare_run,success,2026-02-16 17:10:09.063347,2026-02-16 17:10:09.063347,0.0,saved T05_C50_Gall.h5ad in 19.37s
T05_C70_G1000,T05,70,1000,prepare_run,success,2026-02-16 17:10:20.330031,2026-02-16 17:10:20.330031,0.0,saved T05_C70_G1000.h5ad in 11.07s
T05_C70_G10000,T05,70,10000,prepare_run,success,2026-02-16 17:10:39.021886,2026-02-16 17:10:39.021886,0.0,saved T05_C70_G10000.h5ad in 18.6s
T05_C70_G15000,T05,70,15000,prepare_run,success,2026-02-16 17:10:55.987821,2026-02-16 17:10:55.987821,0.0,saved T05_C70_G15000.h5ad in 16.91s
T05_C70_G20000,T05,70,20000,prepare_run,success,2026-02-16 17:11:17.315966,2026-02-16 17:11:17.315966,0.0,saved T05_C70_G20000.h5ad in 21.19s
T05_C70_G500,T05,70,500,prepare_run,success,2026-02-16 17:11:28.271243,2026-02-16 17:11:28.271243,0.0,saved T05_C70_G500.h5ad in 10.82s
T05_C70_G5000,T05,70,5000,prepare_run,success,2026-02-16 17:11:40.842404,2026-02-16 17:11:40.842404,0.0,saved T05_C70_G5000.h5ad in 12.4s
T05_C70_Gall,T05,70,all,prepare_run,success,2026-02-16 17:12:04.874432,2026-02-16 17:12:04.874432,0.0,saved T05_C70_Gall.h5ad in 23.96s
T05_C100_G1000,T05,100,1000,prepare_run,success,2026-02-16 17:12:09.453927,2026-02-16 17:12:09.453927,0.0,saved T05_C100_G1000.h5ad in 4.52s
T05_C100_G10000,T05,100,10000,prepare_run,success,2026-02-16 17:12:18.528793,2026-02-16 17:12:18.528793,0.0,saved T05_C100_G10000.h5ad in 8.96s
T05_C100_G15000,T05,100,15000,prepare_run,success,2026-02-16 17:12:30.083428,2026-02-16 17:12:30.083428,0.0,saved T05_C100_G15000.h5ad in 11.4s
T05_C100_G20000,T05,100,20000,prepare_run,success,2026-02-16 17:12:49.512926,2026-02-16 17:12:49.512926,0.0,saved T05_C100_G20000.h5ad in 19.35s
T05_C100_G500,T05,100,500,prepare_run,success,2026-02-16 17:12:53.381931,2026-02-16 17:12:53.381931,0.0,saved T05_C100_G500.h5ad in 3.76s
T05_C100_G5000,T05,100,5000,prepare_run,success,2026-02-16 17:13:02.122488,2026-02-16 17:13:02.122488,0.0,saved T05_C100_G5000.h5ad in 8.6s
T05_C100_Gall,T05,100,all,prepare_run,success,2026-02-16 17:13:21.728370,2026-02-16 17:13:21.728370,0.0,saved T05_C100_Gall.h5ad in 19.56s
T06_C1_G1000,T06,1,1000,prepare_run,success,2026-02-16 17:13:37.192451,2026-02-16 17:13:37.192451,0.0,saved T06_C1_G1000.h5ad in 7.12s
T06_C1_G10000,T06,1,10000,prepare_run,success,2026-02-16 17:13:46.784067,2026-02-16 17:13:46.784067,0.0,saved T06_C1_G10000.h5ad in 9.53s
T06_C1_G15000,T06,1,15000,prepare_run,success,2026-02-16 17:13:58.260048,2026-02-16 17:13:58.260048,0.0,saved T06_C1_G15000.h5ad in 11.35s
T06_C1_G20000,T06,1,20000,prepare_run,success,2026-02-16 17:14:11.395692,2026-02-16 17:14:11.395692,0.0,saved T06_C1_G20000.h5ad in 13.01s
T06_C1_G500,T06,1,500,prepare_run,success,2026-02-16 17:14:19.007973,2026-02-16 17:14:19.007973,0.0,saved T06_C1_G500.h5ad in 7.53s
T06_C1_G5000,T06,1,5000,prepare_run,success,2026-02-16 17:14:26.612402,2026-02-16 17:14:26.612402,0.0,saved T06_C1_G5000.h5ad in 7.55s
T06_C1_Gall,T06,1,all,prepare_run,success,2026-02-16 17:14:43.665520,2026-02-16 17:14:43.665520,0.0,saved T06_C1_Gall.h5ad in 17.02s
T06_C2_G1000,T06,2,1000,prepare_run,success,2026-02-16 17:14:50.502079,2026-02-16 17:14:50.502079,0.0,saved T06_C2_G1000.h5ad in 6.75s
T06_C2_G10000,T06,2,10000,prepare_run,success,2026-02-16 17:15:02.055516,2026-02-16 17:15:02.055516,0.0,saved T06_C2_G10000.h5ad in 11.49s
T06_C2_G15000,T06,2,15000,prepare_run,success,2026-02-16 17:15:13.703328,2026-02-16 17:15:13.703328,0.0,saved T06_C2_G15000.h5ad in 11.56s
T06_C2_G20000,T06,2,20000,prepare_run,success,2026-02-16 17:15:26.974165,2026-02-16 17:15:26.974165,0.0,saved T06_C2_G20000.h5ad in 13.23s
T06_C2_G500,T06,2,500,prepare_run,success,2026-02-16 17:15:33.791830,2026-02-16 17:15:33.791830,0.0,saved T06_C2_G500.h5ad in 6.8s
T06_C2_G5000,T06,2,5000,prepare_run,success,2026-02-16 17:15:41.918317,2026-02-16 17:15:41.918317,0.0,saved T06_C2_G5000.h5ad in 8.07s
T06_C2_Gall,T06,2,all,prepare_run,success,2026-02-16 17:15:56.574997,2026-02-16 17:15:56.574997,0.0,saved T06_C2_Gall.h5ad in 14.62s
T06_C3_G1000,T06,3,1000,prepare_run,success,2026-02-16 17:16:03.580108,2026-02-16 17:16:03.580108,0.0,saved T06_C3_G1000.h5ad in 6.98s
T06_C3_G10000,T06,3,10000,prepare_run,success,2026-02-16 17:16:13.122867,2026-02-16 17:16:13.122867,0.0,saved T06_C3_G10000.h5ad in 9.47s
T06_C3_G15000,T06,3,15000,prepare_run,success,2026-02-16 17:16:25.594966,2026-02-16 17:16:25.594966,0.0,saved T06_C3_G15000.h5ad in 12.44s
T06_C3_G20000,T06,3,20000,prepare_run,success,2026-02-16 17:16:38.918790,2026-02-16 17:16:38.918790,0.0,saved T06_C3_G20000.h5ad in 13.31s
T06_C3_G500,T06,3,500,prepare_run,success,2026-02-16 17:16:45.735648,2026-02-16 17:16:45.735648,0.0,saved T06_C3_G500.h5ad in 6.76s
T06_C3_G5000,T06,3,5000,prepare_run,success,2026-02-16 17:16:53.848121,2026-02-16 17:16:53.848121,0.0,saved T06_C3_G5000.h5ad in 8.04s
T06_C3_Gall,T06,3,all,prepare_run,success,2026-02-16 17:17:09.836673,2026-02-16 17:17:09.836673,0.0,saved T06_C3_Gall.h5ad in 15.88s
T06_C5_G1000,T06,5,1000,prepare_run,success,2026-02-16 17:17:17.071980,2026-02-16 17:17:17.071980,0.0,saved T06_C5_G1000.h5ad in 7.11s
T06_C5_G10000,T06,5,10000,prepare_run,success,2026-02-16 17:17:27.222154,2026-02-16 17:17:27.222154,0.0,saved T06_C5_G10000.h5ad in 10.06s
T06_C5_G15000,T06,5,15000,prepare_run,success,2026-02-16 17:17:38.989870,2026-02-16 17:17:38.989870,0.0,saved T06_C5_G15000.h5ad in 11.66s
T06_C5_G20000,T06,5,20000,prepare_run,success,2026-02-16 17:17:53.173227,2026-02-16 17:17:53.173227,0.0,saved T06_C5_G20000.h5ad in 14.1s
T06_C5_G500,T06,5,500,prepare_run,success,2026-02-16 17:18:00.535445,2026-02-16 17:18:00.535445,0.0,saved T06_C5_G500.h5ad in 7.3s
T06_C5_G5000,T06,5,5000,prepare_run,success,2026-02-16 17:18:09.071914,2026-02-16 17:18:09.071914,0.0,saved T06_C5_G5000.h5ad in 8.51s
T06_C5_Gall,T06,5,all,prepare_run,success,2026-02-16 17:18:24.209569,2026-02-16 17:18:24.209569,0.0,saved T06_C5_Gall.h5ad in 15.11s
T06_C10_G1000,T06,10,1000,prepare_run,success,2026-02-16 17:18:31.544360,2026-02-16 17:18:31.544360,0.0,saved T06_C10_G1000.h5ad in 7.31s
T06_C10_G10000,T06,10,10000,prepare_run,success,2026-02-16 17:18:42.132280,2026-02-16 17:18:42.132280,0.0,saved T06_C10_G10000.h5ad in 10.56s
T06_C10_G15000,T06,10,15000,prepare_run,success,2026-02-16 17:18:54.458470,2026-02-16 17:18:54.458470,0.0,saved T06_C10_G15000.h5ad in 12.28s
T06_C10_G20000,T06,10,20000,prepare_run,success,2026-02-16 17:19:08.772126,2026-02-16 17:19:08.772126,0.0,saved T06_C10_G20000.h5ad in 14.28s
T06_C10_G500,T06,10,500,prepare_run,success,2026-02-16 17:19:17.782467,2026-02-16 17:19:17.782467,0.0,saved T06_C10_G500.h5ad in 8.9s
T06_C10_G5000,T06,10,5000,prepare_run,success,2026-02-16 17:19:26.058626,2026-02-16 17:19:26.058626,0.0,saved T06_C10_G5000.h5ad in 8.24s
T06_C10_Gall,T06,10,all,prepare_run,success,2026-02-16 17:19:41.549733,2026-02-16 17:19:41.549733,0.0,saved T06_C10_Gall.h5ad in 15.47s
T06_C20_G1000,T06,20,1000,prepare_run,success,2026-02-16 17:19:49.132755,2026-02-16 17:19:49.132755,0.0,saved T06_C20_G1000.h5ad in 7.55s
T06_C20_G10000,T06,20,10000,prepare_run,success,2026-02-16 17:20:01.416678,2026-02-16 17:20:01.416678,0.0,saved T06_C20_G10000.h5ad in 12.22s
T06_C20_G15000,T06,20,15000,prepare_run,failed,2026-02-16 17:21:25.029017,2026-02-16 17:21:25.029017,0.0,"Can't decrement id ref count (unable to close file, errno = 5, error message = 'Input/output error')"
T06_C20_G20000,T06,20,20000,prepare_run,success,2026-02-16 17:21:39.716828,2026-02-16 17:21:39.716828,0.0,saved T06_C20_G20000.h5ad in 14.61s
T06_C20_G500,T06,20,500,prepare_run,success,2026-02-16 17:21:46.735901,2026-02-16 17:21:46.735901,0.0,saved T06_C20_G500.h5ad in 6.98s
T06_C20_G5000,T06,20,5000,prepare_run,success,2026-02-16 17:21:55.290044,2026-02-16 17:21:55.290044,0.0,saved T06_C20_G5000.h5ad in 8.51s
T06_C20_Gall,T06,20,all,prepare_run,success,2026-02-16 17:22:11.437447,2026-02-16 17:22:11.437447,0.0,saved T06_C20_Gall.h5ad in 16.12s
T06_C50_G1000,T06,50,1000,prepare_run,success,2026-02-16 17:22:20.883876,2026-02-16 17:22:20.883876,0.0,saved T06_C50_G1000.h5ad in 9.41s
T06_C50_G10000,T06,50,10000,prepare_run,success,2026-02-16 17:22:35.692728,2026-02-16 17:22:35.692728,0.0,saved T06_C50_G10000.h5ad in 14.76s
T06_C50_G15000,T06,50,15000,prepare_run,success,2026-02-16 17:22:50.879890,2026-02-16 17:22:50.879890,0.0,saved T06_C50_G15000.h5ad in 15.16s
T06_C50_G20000,T06,50,20000,prepare_run,success,2026-02-16 17:23:09.127113,2026-02-16 17:23:09.127113,0.0,saved T06_C50_G20000.h5ad in 18.23s
T06_C50_G500,T06,50,500,prepare_run,success,2026-02-16 17:23:18.046296,2026-02-16 17:23:18.046296,0.0,saved T06_C50_G500.h5ad in 8.87s
T06_C50_G5000,T06,50,5000,prepare_run,success,2026-02-16 17:23:28.859704,2026-02-16 17:23:28.859704,0.0,saved T06_C50_G5000.h5ad in 10.77s
T06_C50_Gall,T06,50,all,prepare_run,success,2026-02-16 17:23:47.952850,2026-02-16 17:23:47.952850,0.0,saved T06_C50_Gall.h5ad in 19.06s
T06_C70_G1000,T06,70,1000,prepare_run,success,2026-02-16 17:23:58.062012,2026-02-16 17:23:58.062012,0.0,saved T06_C70_G1000.h5ad in 10.03s
T06_C70_G10000,T06,70,10000,prepare_run,success,2026-02-16 17:24:11.969367,2026-02-16 17:24:11.969367,0.0,saved T06_C70_G10000.h5ad in 13.81s
T06_C70_G15000,T06,70,15000,prepare_run,success,2026-02-16 17:24:28.457669,2026-02-16 17:24:28.457669,0.0,saved T06_C70_G15000.h5ad in 16.45s
T06_C70_G20000,T06,70,20000,prepare_run,success,2026-02-16 17:24:47.413805,2026-02-16 17:24:47.413805,0.0,saved T06_C70_G20000.h5ad in 18.92s
T06_C70_G500,T06,70,500,prepare_run,success,2026-02-16 17:24:57.515686,2026-02-16 17:24:57.515686,0.0,saved T06_C70_G500.h5ad in 10.08s
T06_C70_G5000,T06,70,5000,prepare_run,success,2026-02-16 17:25:09.176386,2026-02-16 17:25:09.176386,0.0,saved T06_C70_G5000.h5ad in 11.63s
T06_C70_Gall,T06,70,all,prepare_run,success,2026-02-16 17:25:30.745329,2026-02-16 17:25:30.745329,0.0,saved T06_C70_Gall.h5ad in 21.54s
T06_C100_G1000,T06,100,1000,prepare_run,success,2026-02-16 17:25:34.497010,2026-02-16 17:25:34.497010,0.0,saved T06_C100_G1000.h5ad in 3.72s
T06_C100_G10000,T06,100,10000,prepare_run,success,2026-02-16 17:25:42.512311,2026-02-16 17:25:42.512311,0.0,saved T06_C100_G10000.h5ad in 7.99s
T06_C100_G15000,T06,100,15000,prepare_run,success,2026-02-16 17:25:53.910974,2026-02-16 17:25:53.910974,0.0,saved T06_C100_G15000.h5ad in 11.37s
T06_C100_G20000,T06,100,20000,prepare_run,success,2026-02-16 17:26:08.007659,2026-02-16 17:26:08.007659,0.0,saved T06_C100_G20000.h5ad in 14.08s
T06_C100_G500,T06,100,500,prepare_run,success,2026-02-16 17:26:11.480305,2026-02-16 17:26:11.480305,0.0,saved T06_C100_G500.h5ad in 3.45s
T06_C100_G5000,T06,100,5000,prepare_run,success,2026-02-16 17:26:17.048319,2026-02-16 17:26:17.048319,0.0,saved T06_C100_G5000.h5ad in 5.53s
T06_C100_Gall,T06,100,all,prepare_run,success,2026-02-16 17:26:33.768433,2026-02-16 17:26:33.768433,0.0,saved T06_C100_Gall.h5ad in 16.69s
T07_C1_G1000,T07,1,1000,prepare_run,success,2026-02-16 17:26:47.923308,2026-02-16 17:26:47.923308,0.0,saved T07_C1_G1000.h5ad in 6.47s
T07_C1_G10000,T07,1,10000,prepare_run,success,2026-02-16 17:26:57.144389,2026-02-16 17:26:57.144389,0.0,saved T07_C1_G10000.h5ad in 9.17s
T07_C1_G15000,T07,1,15000,prepare_run,success,2026-02-16 17:27:09.112645,2026-02-16 17:27:09.112645,0.0,saved T07_C1_G15000.h5ad in 11.91s
T07_C1_G20000,T07,1,20000,prepare_run,success,2026-02-16 17:27:22.144248,2026-02-16 17:27:22.144248,0.0,saved T07_C1_G20000.h5ad in 13.0s
T07_C1_G500,T07,1,500,prepare_run,success,2026-02-16 17:27:28.965944,2026-02-16 17:27:28.965944,0.0,saved T07_C1_G500.h5ad in 6.78s
T07_C1_G5000,T07,1,5000,prepare_run,success,2026-02-16 17:27:36.804256,2026-02-16 17:27:36.804256,0.0,saved T07_C1_G5000.h5ad in 7.81s
T07_C1_Gall,T07,1,all,prepare_run,success,2026-02-16 17:27:51.595337,2026-02-16 17:27:51.595337,0.0,saved T07_C1_Gall.h5ad in 14.74s
T07_C2_G1000,T07,2,1000,prepare_run,success,2026-02-16 17:27:58.412581,2026-02-16 17:27:58.412581,0.0,saved T07_C2_G1000.h5ad in 6.71s
T07_C2_G10000,T07,2,10000,prepare_run,success,2026-02-16 17:28:08.030665,2026-02-16 17:28:08.030665,0.0,saved T07_C2_G10000.h5ad in 9.58s
T07_C2_G15000,T07,2,15000,prepare_run,success,2026-02-16 17:28:19.282929,2026-02-16 17:28:19.282929,0.0,saved T07_C2_G15000.h5ad in 11.22s
T07_C2_G20000,T07,2,20000,prepare_run,success,2026-02-16 17:28:32.213332,2026-02-16 17:28:32.213332,0.0,saved T07_C2_G20000.h5ad in 12.89s
T07_C2_G500,T07,2,500,prepare_run,success,2026-02-16 17:28:38.965736,2026-02-16 17:28:38.965736,0.0,saved T07_C2_G500.h5ad in 6.72s
T07_C2_G5000,T07,2,5000,prepare_run,success,2026-02-16 17:28:47.092955,2026-02-16 17:28:47.092955,0.0,saved T07_C2_G5000.h5ad in 8.09s
T07_C2_Gall,T07,2,all,prepare_run,success,2026-02-16 17:29:02.005651,2026-02-16 17:29:02.005651,0.0,saved T07_C2_Gall.h5ad in 14.88s
T07_C3_G1000,T07,3,1000,prepare_run,success,2026-02-16 17:29:09.007638,2026-02-16 17:29:09.007638,0.0,saved T07_C3_G1000.h5ad in 6.97s
T07_C3_G10000,T07,3,10000,prepare_run,success,2026-02-16 17:29:18.506940,2026-02-16 17:29:18.506940,0.0,saved T07_C3_G10000.h5ad in 9.47s
T07_C3_G15000,T07,3,15000,prepare_run,success,2026-02-16 17:29:30.686196,2026-02-16 17:29:30.686196,0.0,saved T07_C3_G15000.h5ad in 12.15s
T07_C3_G20000,T07,3,20000,prepare_run,success,2026-02-16 17:29:45.525445,2026-02-16 17:29:45.525445,0.0,saved T07_C3_G20000.h5ad in 14.8s
T07_C3_G500,T07,3,500,prepare_run,success,2026-02-16 17:29:52.407895,2026-02-16 17:29:52.407895,0.0,saved T07_C3_G500.h5ad in 6.86s
T07_C3_G5000,T07,3,5000,prepare_run,success,2026-02-16 17:30:00.697878,2026-02-16 17:30:00.697878,0.0,saved T07_C3_G5000.h5ad in 8.19s
T07_C3_Gall,T07,3,all,prepare_run,success,2026-02-16 17:30:15.489347,2026-02-16 17:30:15.489347,0.0,saved T07_C3_Gall.h5ad in 14.77s
T07_C5_G1000,T07,5,1000,prepare_run,success,2026-02-16 17:30:22.734050,2026-02-16 17:30:22.734050,0.0,saved T07_C5_G1000.h5ad in 7.21s
T07_C5_G10000,T07,5,10000,prepare_run,success,2026-02-16 17:30:32.471784,2026-02-16 17:30:32.471784,0.0,saved T07_C5_G10000.h5ad in 9.71s
T07_C5_G15000,T07,5,15000,prepare_run,success,2026-02-16 17:30:45.031973,2026-02-16 17:30:45.031973,0.0,saved T07_C5_G15000.h5ad in 12.52s
T07_C5_G20000,T07,5,20000,prepare_run,success,2026-02-16 17:31:00.055992,2026-02-16 17:31:00.055992,0.0,saved T07_C5_G20000.h5ad in 14.93s
T07_C5_G500,T07,5,500,prepare_run,success,2026-02-16 17:31:07.046218,2026-02-16 17:31:07.046218,0.0,saved T07_C5_G500.h5ad in 6.89s
T07_C5_G5000,T07,5,5000,prepare_run,success,2026-02-16 17:31:15.217732,2026-02-16 17:31:15.217732,0.0,saved T07_C5_G5000.h5ad in 8.15s
T07_C5_Gall,T07,5,all,prepare_run,success,2026-02-16 17:31:30.572072,2026-02-16 17:31:30.572072,0.0,saved T07_C5_Gall.h5ad in 15.32s
T07_C10_G1000,T07,10,1000,prepare_run,success,2026-02-16 17:31:38.404206,2026-02-16 17:31:38.404206,0.0,saved T07_C10_G1000.h5ad in 7.81s
T07_C10_G10000,T07,10,10000,prepare_run,success,2026-02-16 17:31:49.595532,2026-02-16 17:31:49.595532,0.0,saved T07_C10_G10000.h5ad in 11.01s
T07_C10_G15000,T07,10,15000,prepare_run,success,2026-02-16 17:32:02.100868,2026-02-16 17:32:02.100868,0.0,saved T07_C10_G15000.h5ad in 12.36s
T07_C10_G20000,T07,10,20000,prepare_run,success,2026-02-16 17:32:17.283492,2026-02-16 17:32:17.283492,0.0,saved T07_C10_G20000.h5ad in 15.12s
T07_C10_G500,T07,10,500,prepare_run,success,2026-02-16 17:32:24.670074,2026-02-16 17:32:24.670074,0.0,saved T07_C10_G500.h5ad in 7.34s
T07_C10_G5000,T07,10,5000,prepare_run,success,2026-02-16 17:32:34.896476,2026-02-16 17:32:34.896476,0.0,saved T07_C10_G5000.h5ad in 10.2s
T07_C10_Gall,T07,10,all,prepare_run,success,2026-02-16 17:32:52.188241,2026-02-16 17:32:52.188241,0.0,saved T07_C10_Gall.h5ad in 17.2s
T07_C20_G1000,T07,20,1000,prepare_run,success,2026-02-16 17:33:03.645075,2026-02-16 17:33:03.645075,0.0,saved T07_C20_G1000.h5ad in 11.37s
T07_C20_G10000,T07,20,10000,prepare_run,success,2026-02-16 17:33:20.077921,2026-02-16 17:33:20.077921,0.0,saved T07_C20_G10000.h5ad in 16.4s
T07_C20_G15000,T07,20,15000,prepare_run,success,2026-02-16 17:33:34.312121,2026-02-16 17:33:34.312121,0.0,saved T07_C20_G15000.h5ad in 14.21s
T07_C20_G20000,T07,20,20000,prepare_run,success,2026-02-16 17:33:53.015101,2026-02-16 17:33:53.015101,0.0,saved T07_C20_G20000.h5ad in 18.61s
T07_C20_G500,T07,20,500,prepare_run,success,2026-02-16 17:34:03.003135,2026-02-16 17:34:03.003135,0.0,saved T07_C20_G500.h5ad in 9.92s
T07_C20_G5000,T07,20,5000,prepare_run,success,2026-02-16 17:34:11.714070,2026-02-16 17:34:11.714070,0.0,saved T07_C20_G5000.h5ad in 8.64s
T07_C20_Gall,T07,20,all,prepare_run,success,2026-02-16 17:34:27.709665,2026-02-16 17:34:27.709665,0.0,saved T07_C20_Gall.h5ad in 15.97s
T07_C50_G1000,T07,50,1000,prepare_run,success,2026-02-16 17:34:36.592486,2026-02-16 17:34:36.592486,0.0,saved T07_C50_G1000.h5ad in 8.8s
T07_C50_G10000,T07,50,10000,prepare_run,success,2026-02-16 17:34:48.797437,2026-02-16 17:34:48.797437,0.0,saved T07_C50_G10000.h5ad in 12.1s
T07_C50_G15000,T07,50,15000,prepare_run,success,2026-02-16 17:35:04.925116,2026-02-16 17:35:04.925116,0.0,saved T07_C50_G15000.h5ad in 16.1s
T07_C50_G20000,T07,50,20000,prepare_run,success,2026-02-16 17:35:22.139289,2026-02-16 17:35:22.139289,0.0,saved T07_C50_G20000.h5ad in 17.14s
T07_C50_G500,T07,50,500,prepare_run,success,2026-02-16 17:35:30.698717,2026-02-16 17:35:30.698717,0.0,saved T07_C50_G500.h5ad in 8.52s
T07_C50_G5000,T07,50,5000,prepare_run,success,2026-02-16 17:35:41.171883,2026-02-16 17:35:41.171883,0.0,saved T07_C50_G5000.h5ad in 10.43s
T07_C50_Gall,T07,50,all,prepare_run,success,2026-02-16 17:36:00.458424,2026-02-16 17:36:00.458424,0.0,saved T07_C50_Gall.h5ad in 19.25s
T07_C70_G1000,T07,70,1000,prepare_run,success,2026-02-16 17:36:10.489011,2026-02-16 17:36:10.489011,0.0,saved T07_C70_G1000.h5ad in 9.96s
T07_C70_G10000,T07,70,10000,prepare_run,success,2026-02-16 17:36:24.205271,2026-02-16 17:36:24.205271,0.0,saved T07_C70_G10000.h5ad in 13.59s
T07_C70_G15000,T07,70,15000,prepare_run,success,2026-02-16 17:36:41.241318,2026-02-16 17:36:41.241318,0.0,saved T07_C70_G15000.h5ad in 16.99s
T07_C70_G20000,T07,70,20000,prepare_run,success,2026-02-16 17:37:00.311410,2026-02-16 17:37:00.311410,0.0,saved T07_C70_G20000.h5ad in 19.0s
T07_C70_G500,T07,70,500,prepare_run,success,2026-02-16 17:37:10.353593,2026-02-16 17:37:10.353593,0.0,saved T07_C70_G500.h5ad in 9.99s
T07_C70_G5000,T07,70,5000,prepare_run,success,2026-02-16 17:37:22.770964,2026-02-16 17:37:22.770964,0.0,saved T07_C70_G5000.h5ad in 12.39s
T07_C70_Gall,T07,70,all,prepare_run,success,2026-02-16 17:37:43.601345,2026-02-16 17:37:43.601345,0.0,saved T07_C70_Gall.h5ad in 20.79s
T07_C100_G1000,T07,100,1000,prepare_run,success,2026-02-16 17:37:47.239538,2026-02-16 17:37:47.239538,0.0,saved T07_C100_G1000.h5ad in 3.61s
T07_C100_G10000,T07,100,10000,prepare_run,success,2026-02-16 17:37:55.110952,2026-02-16 17:37:55.110952,0.0,saved T07_C100_G10000.h5ad in 7.83s
T07_C100_G15000,T07,100,15000,prepare_run,success,2026-02-16 17:38:06.443781,2026-02-16 17:38:06.443781,0.0,saved T07_C100_G15000.h5ad in 11.29s
T07_C100_G20000,T07,100,20000,prepare_run,success,2026-02-16 17:38:20.615029,2026-02-16 17:38:20.615029,0.0,saved T07_C100_G20000.h5ad in 14.14s
T07_C100_G500,T07,100,500,prepare_run,success,2026-02-16 17:38:24.223362,2026-02-16 17:38:24.223362,0.0,saved T07_C100_G500.h5ad in 3.55s
T07_C100_G5000,T07,100,5000,prepare_run,success,2026-02-16 17:38:29.900290,2026-02-16 17:38:29.900290,0.0,saved T07_C100_G5000.h5ad in 5.58s
T07_C100_Gall,T07,100,all,prepare_run,success,2026-02-16 17:38:46.668529,2026-02-16 17:38:46.668529,0.0,saved T07_C100_Gall.h5ad in 16.73s
T08_C1_G1000,T08,1,1000,prepare_run,success,2026-02-16 17:38:58.152165,2026-02-16 17:38:58.152165,0.0,saved T08_C1_G1000.h5ad in 6.79s
T08_C1_G10000,T08,1,10000,prepare_run,success,2026-02-16 17:39:07.955102,2026-02-16 17:39:07.955102,0.0,saved T08_C1_G10000.h5ad in 9.77s
T08_C1_G15000,T08,1,15000,prepare_run,success,2026-02-16 17:39:19.335839,2026-02-16 17:39:19.335839,0.0,saved T08_C1_G15000.h5ad in 11.31s
T08_C1_G20000,T08,1,20000,prepare_run,success,2026-02-16 17:39:32.496113,2026-02-16 17:39:32.496113,0.0,saved T08_C1_G20000.h5ad in 13.1s
T08_C1_G500,T08,1,500,prepare_run,success,2026-02-16 17:39:39.306552,2026-02-16 17:39:39.306552,0.0,saved T08_C1_G500.h5ad in 6.76s
T08_C1_G5000,T08,1,5000,prepare_run,success,2026-02-16 17:39:47.505697,2026-02-16 17:39:47.505697,0.0,saved T08_C1_G5000.h5ad in 8.17s
T08_C1_Gall,T08,1,all,prepare_run,success,2026-02-16 17:40:01.928302,2026-02-16 17:40:01.928302,0.0,saved T08_C1_Gall.h5ad in 14.39s
T08_C2_G1000,T08,2,1000,prepare_run,success,2026-02-16 17:40:08.967157,2026-02-16 17:40:08.967157,0.0,saved T08_C2_G1000.h5ad in 6.99s
T08_C2_G10000,T08,2,10000,prepare_run,success,2026-02-16 17:40:18.688146,2026-02-16 17:40:18.688146,0.0,saved T08_C2_G10000.h5ad in 9.7s
T08_C2_G15000,T08,2,15000,prepare_run,success,2026-02-16 17:40:30.424212,2026-02-16 17:40:30.424212,0.0,saved T08_C2_G15000.h5ad in 11.64s
T08_C2_G20000,T08,2,20000,prepare_run,success,2026-02-16 17:40:44.276730,2026-02-16 17:40:44.276730,0.0,saved T08_C2_G20000.h5ad in 13.78s
T08_C2_G500,T08,2,500,prepare_run,success,2026-02-16 17:40:51.257002,2026-02-16 17:40:51.257002,0.0,saved T08_C2_G500.h5ad in 6.9s
T08_C2_G5000,T08,2,5000,prepare_run,success,2026-02-16 17:40:59.506124,2026-02-16 17:40:59.506124,0.0,saved T08_C2_G5000.h5ad in 8.12s
T08_C2_Gall,T08,2,all,prepare_run,success,2026-02-16 17:41:14.935383,2026-02-16 17:41:14.935383,0.0,saved T08_C2_Gall.h5ad in 15.33s
T08_C3_G1000,T08,3,1000,prepare_run,success,2026-02-16 17:41:21.999262,2026-02-16 17:41:21.999262,0.0,saved T08_C3_G1000.h5ad in 6.98s
T08_C3_G10000,T08,3,10000,prepare_run,success,2026-02-16 17:41:32.291754,2026-02-16 17:41:32.291754,0.0,saved T08_C3_G10000.h5ad in 10.24s
T08_C3_G15000,T08,3,15000,prepare_run,success,2026-02-16 17:41:43.987342,2026-02-16 17:41:43.987342,0.0,saved T08_C3_G15000.h5ad in 11.68s
T08_C3_G20000,T08,3,20000,prepare_run,success,2026-02-16 17:41:57.553818,2026-02-16 17:41:57.553818,0.0,saved T08_C3_G20000.h5ad in 13.54s
T08_C3_G500,T08,3,500,prepare_run,success,2026-02-16 17:42:04.518035,2026-02-16 17:42:04.518035,0.0,saved T08_C3_G500.h5ad in 6.91s
T08_C3_G5000,T08,3,5000,prepare_run,success,2026-02-16 17:42:12.826884,2026-02-16 17:42:12.826884,0.0,saved T08_C3_G5000.h5ad in 8.12s
T08_C3_Gall,T08,3,all,prepare_run,success,2026-02-16 17:42:27.840624,2026-02-16 17:42:27.840624,0.0,saved T08_C3_Gall.h5ad in 14.92s
T08_C5_G1000,T08,5,1000,prepare_run,success,2026-02-16 17:42:35.092579,2026-02-16 17:42:35.092579,0.0,saved T08_C5_G1000.h5ad in 7.19s
T08_C5_G10000,T08,5,10000,prepare_run,success,2026-02-16 17:42:45.100475,2026-02-16 17:42:45.100475,0.0,saved T08_C5_G10000.h5ad in 9.96s
T08_C5_G15000,T08,5,15000,prepare_run,success,2026-02-16 17:42:57.450145,2026-02-16 17:42:57.450145,0.0,saved T08_C5_G15000.h5ad in 12.31s
T08_C5_G20000,T08,5,20000,prepare_run,success,2026-02-16 17:43:11.878402,2026-02-16 17:43:11.878402,0.0,saved T08_C5_G20000.h5ad in 14.34s
T08_C5_G500,T08,5,500,prepare_run,success,2026-02-16 17:43:19.202454,2026-02-16 17:43:19.202454,0.0,saved T08_C5_G500.h5ad in 7.3s
T08_C5_G5000,T08,5,5000,prepare_run,success,2026-02-16 17:43:27.569206,2026-02-16 17:43:27.569206,0.0,saved T08_C5_G5000.h5ad in 8.31s
T08_C5_Gall,T08,5,all,prepare_run,success,2026-02-16 17:43:43.012706,2026-02-16 17:43:43.012706,0.0,saved T08_C5_Gall.h5ad in 15.38s
T08_C10_G1000,T08,10,1000,prepare_run,success,2026-02-16 17:43:53.396175,2026-02-16 17:43:53.396175,0.0,saved T08_C10_G1000.h5ad in 10.33s
T08_C10_G10000,T08,10,10000,prepare_run,success,2026-02-16 17:44:03.765380,2026-02-16 17:44:03.765380,0.0,saved T08_C10_G10000.h5ad in 10.26s
T08_C10_G15000,T08,10,15000,prepare_run,success,2026-02-16 17:44:16.643392,2026-02-16 17:44:16.643392,0.0,saved T08_C10_G15000.h5ad in 12.76s
T08_C10_G20000,T08,10,20000,prepare_run,success,2026-02-16 17:44:31.396999,2026-02-16 17:44:31.396999,0.0,saved T08_C10_G20000.h5ad in 14.72s
T08_C10_G500,T08,10,500,prepare_run,success,2026-02-16 17:44:39.304676,2026-02-16 17:44:39.304676,0.0,saved T08_C10_G500.h5ad in 7.88s
T08_C10_G5000,T08,10,5000,prepare_run,success,2026-02-16 17:44:48.760552,2026-02-16 17:44:48.760552,0.0,saved T08_C10_G5000.h5ad in 9.34s
T08_C10_Gall,T08,10,all,prepare_run,success,2026-02-16 17:45:04.947442,2026-02-16 17:45:04.947442,0.0,saved T08_C10_Gall.h5ad in 16.13s
T08_C20_G1000,T08,20,1000,prepare_run,success,2026-02-16 17:45:16.052122,2026-02-16 17:45:16.052122,0.0,saved T08_C20_G1000.h5ad in 11.01s
T08_C20_G10000,T08,20,10000,prepare_run,success,2026-02-16 17:45:29.868850,2026-02-16 17:45:29.868850,0.0,saved T08_C20_G10000.h5ad in 13.76s
T08_C20_G15000,T08,20,15000,prepare_run,success,2026-02-16 17:45:43.360267,2026-02-16 17:45:43.360267,0.0,saved T08_C20_G15000.h5ad in 13.42s
T08_C20_G20000,T08,20,20000,prepare_run,success,2026-02-16 17:46:00.244647,2026-02-16 17:46:00.244647,0.0,saved T08_C20_G20000.h5ad in 16.82s
T08_C20_G500,T08,20,500,prepare_run,success,2026-02-16 17:46:07.759468,2026-02-16 17:46:07.759468,0.0,saved T08_C20_G500.h5ad in 7.44s
T08_C20_G5000,T08,20,5000,prepare_run,success,2026-02-16 17:46:16.825072,2026-02-16 17:46:16.825072,0.0,saved T08_C20_G5000.h5ad in 9.04s
T08_C20_Gall,T08,20,all,prepare_run,success,2026-02-16 17:46:33.414210,2026-02-16 17:46:33.414210,0.0,saved T08_C20_Gall.h5ad in 16.53s
T08_C50_G1000,T08,50,1000,prepare_run,success,2026-02-16 17:46:42.641399,2026-02-16 17:46:42.641399,0.0,saved T08_C50_G1000.h5ad in 9.15s
T08_C50_G10000,T08,50,10000,prepare_run,success,2026-02-16 17:46:55.472175,2026-02-16 17:46:55.472175,0.0,saved T08_C50_G10000.h5ad in 12.81s
T08_C50_G15000,T08,50,15000,prepare_run,success,2026-02-16 17:47:11.150893,2026-02-16 17:47:11.150893,0.0,saved T08_C50_G15000.h5ad in 15.62s
T08_C50_G20000,T08,50,20000,prepare_run,success,2026-02-16 17:47:29.031885,2026-02-16 17:47:29.031885,0.0,saved T08_C50_G20000.h5ad in 17.82s
T08_C50_G500,T08,50,500,prepare_run,success,2026-02-16 17:47:38.143185,2026-02-16 17:47:38.143185,0.0,saved T08_C50_G500.h5ad in 9.06s
T08_C50_G5000,T08,50,5000,prepare_run,success,2026-02-16 17:47:49.035671,2026-02-16 17:47:49.035671,0.0,saved T08_C50_G5000.h5ad in 10.85s
T08_C50_Gall,T08,50,all,prepare_run,success,2026-02-16 17:48:08.878923,2026-02-16 17:48:08.878923,0.0,saved T08_C50_Gall.h5ad in 19.82s
T08_C70_G1000,T08,70,1000,prepare_run,success,2026-02-16 17:48:19.416560,2026-02-16 17:48:19.416560,0.0,saved T08_C70_G1000.h5ad in 10.46s
T08_C70_G10000,T08,70,10000,prepare_run,success,2026-02-16 17:48:33.839803,2026-02-16 17:48:33.839803,0.0,saved T08_C70_G10000.h5ad in 14.39s
T08_C70_G15000,T08,70,15000,prepare_run,success,2026-02-16 17:48:50.743424,2026-02-16 17:48:50.743424,0.0,saved T08_C70_G15000.h5ad in 16.8s
T08_C70_G20000,T08,70,20000,prepare_run,success,2026-02-16 17:49:09.963429,2026-02-16 17:49:09.963429,0.0,saved T08_C70_G20000.h5ad in 19.19s
T08_C70_G500,T08,70,500,prepare_run,success,2026-02-16 17:49:20.363901,2026-02-16 17:49:20.363901,0.0,saved T08_C70_G500.h5ad in 10.36s
T08_C70_G5000,T08,70,5000,prepare_run,success,2026-02-16 17:49:33.778138,2026-02-16 17:49:33.778138,0.0,saved T08_C70_G5000.h5ad in 13.23s
T08_C70_Gall,T08,70,all,prepare_run,success,2026-02-16 17:49:55.136196,2026-02-16 17:49:55.136196,0.0,saved T08_C70_Gall.h5ad in 21.33s
T08_C100_G1000,T08,100,1000,prepare_run,success,2026-02-16 17:49:59.074238,2026-02-16 17:49:59.074238,0.0,saved T08_C100_G1000.h5ad in 3.86s
T08_C100_G10000,T08,100,10000,prepare_run,success,2026-02-16 17:50:06.896106,2026-02-16 17:50:06.896106,0.0,saved T08_C100_G10000.h5ad in 7.8s
T08_C100_G15000,T08,100,15000,prepare_run,success,2026-02-16 17:50:18.042680,2026-02-16 17:50:18.042680,0.0,saved T08_C100_G15000.h5ad in 11.1s
T08_C100_G20000,T08,100,20000,prepare_run,success,2026-02-16 17:50:32.843392,2026-02-16 17:50:32.843392,0.0,saved T08_C100_G20000.h5ad in 14.74s
T08_C100_G500,T08,100,500,prepare_run,success,2026-02-16 17:50:37.699251,2026-02-16 17:50:37.699251,0.0,saved T08_C100_G500.h5ad in 4.8s
T08_C100_G5000,T08,100,5000,prepare_run,success,2026-02-16 17:50:43.489869,2026-02-16 17:50:43.489869,0.0,saved T08_C100_G5000.h5ad in 5.73s
T08_C100_Gall,T08,100,all,prepare_run,success,2026-02-16 17:51:00.180889,2026-02-16 17:51:00.180889,0.0,saved T08_C100_Gall.h5ad in 16.65s
T09_C1_G1000,T09,1,1000,prepare_run,success,2026-02-16 17:51:16.802518,2026-02-16 17:51:16.802518,0.0,saved T09_C1_G1000.h5ad in 6.14s
T09_C1_G10000,T09,1,10000,prepare_run,success,2026-02-16 17:51:25.753687,2026-02-16 17:51:25.753687,0.0,saved T09_C1_G10000.h5ad in 8.81s
T09_C1_G15000,T09,1,15000,prepare_run,success,2026-02-16 17:51:36.926129,2026-02-16 17:51:36.926129,0.0,saved T09_C1_G15000.h5ad in 11.1s
T09_C1_G20000,T09,1,20000,prepare_run,success,2026-02-16 17:51:51.027896,2026-02-16 17:51:51.027896,0.0,saved T09_C1_G20000.h5ad in 14.09s
T09_C1_G500,T09,1,500,prepare_run,success,2026-02-16 17:51:59.522473,2026-02-16 17:51:59.522473,0.0,saved T09_C1_G500.h5ad in 8.48s
T09_C1_G5000,T09,1,5000,prepare_run,success,2026-02-16 17:52:07.871426,2026-02-16 17:52:07.871426,0.0,saved T09_C1_G5000.h5ad in 8.27s
T09_C1_Gall,T09,1,all,prepare_run,success,2026-02-16 17:52:22.766209,2026-02-16 17:52:22.766209,0.0,saved T09_C1_Gall.h5ad in 14.84s
T09_C2_G1000,T09,2,1000,prepare_run,success,2026-02-16 17:52:29.995012,2026-02-16 17:52:29.995012,0.0,saved T09_C2_G1000.h5ad in 7.07s
T09_C2_G10000,T09,2,10000,prepare_run,success,2026-02-16 17:52:39.868576,2026-02-16 17:52:39.868576,0.0,saved T09_C2_G10000.h5ad in 9.84s
T09_C2_G15000,T09,2,15000,prepare_run,success,2026-02-16 17:52:51.418159,2026-02-16 17:52:51.418159,0.0,saved T09_C2_G15000.h5ad in 11.54s
T09_C2_G20000,T09,2,20000,prepare_run,success,2026-02-16 17:53:05.471450,2026-02-16 17:53:05.471450,0.0,saved T09_C2_G20000.h5ad in 14.04s
T09_C2_G500,T09,2,500,prepare_run,success,2026-02-16 17:53:16.730406,2026-02-16 17:53:16.730406,0.0,saved T09_C2_G500.h5ad in 11.24s
T09_C2_G5000,T09,2,5000,prepare_run,success,2026-02-16 17:53:25.368027,2026-02-16 17:53:25.368027,0.0,saved T09_C2_G5000.h5ad in 8.54s
T09_C2_Gall,T09,2,all,prepare_run,success,2026-02-16 17:53:40.552272,2026-02-16 17:53:40.552272,0.0,saved T09_C2_Gall.h5ad in 15.15s
T09_C3_G1000,T09,3,1000,prepare_run,success,2026-02-16 17:53:48.075208,2026-02-16 17:53:48.075208,0.0,saved T09_C3_G1000.h5ad in 7.42s
T09_C3_G10000,T09,3,10000,prepare_run,success,2026-02-16 17:53:58.044827,2026-02-16 17:53:58.044827,0.0,saved T09_C3_G10000.h5ad in 9.94s
T09_C3_G15000,T09,3,15000,prepare_run,success,2026-02-16 17:54:10.286504,2026-02-16 17:54:10.286504,0.0,saved T09_C3_G15000.h5ad in 12.19s
T09_C3_G20000,T09,3,20000,prepare_run,success,2026-02-16 17:54:24.420098,2026-02-16 17:54:24.420098,0.0,saved T09_C3_G20000.h5ad in 13.97s
T09_C3_G500,T09,3,500,prepare_run,success,2026-02-16 17:54:35.188901,2026-02-16 17:54:35.188901,0.0,saved T09_C3_G500.h5ad in 10.68s
T09_C3_G5000,T09,3,5000,prepare_run,success,2026-02-16 17:54:44.235190,2026-02-16 17:54:44.235190,0.0,saved T09_C3_G5000.h5ad in 9.03s
T09_C3_Gall,T09,3,all,prepare_run,success,2026-02-16 17:54:59.400069,2026-02-16 17:54:59.400069,0.0,saved T09_C3_Gall.h5ad in 15.1s
T09_C5_G1000,T09,5,1000,prepare_run,success,2026-02-16 17:55:06.478751,2026-02-16 17:55:06.478751,0.0,saved T09_C5_G1000.h5ad in 7.07s
T09_C5_G10000,T09,5,10000,prepare_run,success,2026-02-16 17:55:16.547569,2026-02-16 17:55:16.547569,0.0,saved T09_C5_G10000.h5ad in 10.06s
T09_C5_G15000,T09,5,15000,prepare_run,success,2026-02-16 17:55:28.479115,2026-02-16 17:55:28.479115,0.0,saved T09_C5_G15000.h5ad in 11.88s
T09_C5_G20000,T09,5,20000,prepare_run,success,2026-02-16 17:55:43.949789,2026-02-16 17:55:43.949789,0.0,saved T09_C5_G20000.h5ad in 15.46s
T09_C5_G500,T09,5,500,prepare_run,success,2026-02-16 17:55:54.278545,2026-02-16 17:55:54.278545,0.0,saved T09_C5_G500.h5ad in 10.31s
T09_C5_G5000,T09,5,5000,prepare_run,success,2026-02-16 17:56:03.525729,2026-02-16 17:56:03.525729,0.0,saved T09_C5_G5000.h5ad in 9.23s
T09_C5_Gall,T09,5,all,prepare_run,success,2026-02-16 17:56:19.052871,2026-02-16 17:56:19.052871,0.0,saved T09_C5_Gall.h5ad in 15.49s
T09_C10_G1000,T09,10,1000,prepare_run,success,2026-02-16 17:56:26.901734,2026-02-16 17:56:26.901734,0.0,saved T09_C10_G1000.h5ad in 7.76s
T09_C10_G10000,T09,10,10000,prepare_run,success,2026-02-16 17:56:37.505305,2026-02-16 17:56:37.505305,0.0,saved T09_C10_G10000.h5ad in 10.51s
T09_C10_G15000,T09,10,15000,prepare_run,success,2026-02-16 17:56:50.882746,2026-02-16 17:56:50.882746,0.0,saved T09_C10_G15000.h5ad in 13.29s
T09_C10_G20000,T09,10,20000,prepare_run,success,2026-02-16 17:57:05.639945,2026-02-16 17:57:05.639945,0.0,saved T09_C10_G20000.h5ad in 14.62s
T09_C10_G500,T09,10,500,prepare_run,success,2026-02-16 17:57:17.989583,2026-02-16 17:57:17.989583,0.0,saved T09_C10_G500.h5ad in 12.3s
T09_C10_G5000,T09,10,5000,prepare_run,success,2026-02-16 17:57:27.458174,2026-02-16 17:57:27.458174,0.0,saved T09_C10_G5000.h5ad in 9.37s
T09_C10_Gall,T09,10,all,prepare_run,success,2026-02-16 17:57:45.445056,2026-02-16 17:57:45.445056,0.0,saved T09_C10_Gall.h5ad in 17.92s
T09_C20_G1000,T09,20,1000,prepare_run,success,2026-02-16 17:57:53.839273,2026-02-16 17:57:53.839273,0.0,saved T09_C20_G1000.h5ad in 8.38s
T09_C20_G10000,T09,20,10000,prepare_run,success,2026-02-16 17:58:05.162097,2026-02-16 17:58:05.162097,0.0,saved T09_C20_G10000.h5ad in 11.3s
T09_C20_G15000,T09,20,15000,prepare_run,success,2026-02-16 17:58:19.732107,2026-02-16 17:58:19.732107,0.0,saved T09_C20_G15000.h5ad in 14.47s
T09_C20_G20000,T09,20,20000,prepare_run,success,2026-02-16 17:58:41.153745,2026-02-16 17:58:41.153745,0.0,saved T09_C20_G20000.h5ad in 21.2s
T09_C20_G500,T09,20,500,prepare_run,success,2026-02-16 17:58:50.166514,2026-02-16 17:58:50.166514,0.0,saved T09_C20_G500.h5ad in 8.85s
T09_C20_G5000,T09,20,5000,prepare_run,success,2026-02-16 17:58:59.893520,2026-02-16 17:58:59.893520,0.0,saved T09_C20_G5000.h5ad in 9.69s
T09_C20_Gall,T09,20,all,prepare_run,success,2026-02-16 17:59:17.322617,2026-02-16 17:59:17.322617,0.0,saved T09_C20_Gall.h5ad in 17.3s
T09_C50_G1000,T09,50,1000,prepare_run,success,2026-02-16 17:59:27.079167,2026-02-16 17:59:27.079167,0.0,saved T09_C50_G1000.h5ad in 9.74s
T09_C50_G10000,T09,50,10000,prepare_run,success,2026-02-16 17:59:40.548020,2026-02-16 17:59:40.548020,0.0,saved T09_C50_G10000.h5ad in 13.46s
T09_C50_G15000,T09,50,15000,prepare_run,success,2026-02-16 18:00:02.393663,2026-02-16 18:00:02.393663,0.0,saved T09_C50_G15000.h5ad in 21.83s
T09_C50_G20000,T09,50,20000,prepare_run,success,2026-02-16 18:00:20.526961,2026-02-16 18:00:20.526961,0.0,saved T09_C50_G20000.h5ad in 18.08s
T09_C50_G500,T09,50,500,prepare_run,success,2026-02-16 18:00:29.313785,2026-02-16 18:00:29.313785,0.0,saved T09_C50_G500.h5ad in 8.76s
T09_C50_G5000,T09,50,5000,prepare_run,success,2026-02-16 18:00:39.826863,2026-02-16 18:00:39.826863,0.0,saved T09_C50_G5000.h5ad in 10.49s
T09_C50_Gall,T09,50,all,prepare_run,success,2026-02-16 18:00:59.804445,2026-02-16 18:00:59.804445,0.0,saved T09_C50_Gall.h5ad in 19.92s
T09_C70_G1000,T09,70,1000,prepare_run,success,2026-02-16 18:01:14.318934,2026-02-16 18:01:14.318934,0.0,saved T09_C70_G1000.h5ad in 14.5s
T09_C70_G10000,T09,70,10000,prepare_run,success,2026-02-16 18:01:28.567701,2026-02-16 18:01:28.567701,0.0,saved T09_C70_G10000.h5ad in 14.15s
T09_C70_G15000,T09,70,15000,prepare_run,success,2026-02-16 18:01:45.474530,2026-02-16 18:01:45.474530,0.0,saved T09_C70_G15000.h5ad in 16.86s
T09_C70_G20000,T09,70,20000,prepare_run,success,2026-02-16 18:02:04.781559,2026-02-16 18:02:04.781559,0.0,saved T09_C70_G20000.h5ad in 19.24s
T09_C70_G500,T09,70,500,prepare_run,success,2026-02-16 18:02:16.060326,2026-02-16 18:02:16.060326,0.0,saved T09_C70_G500.h5ad in 11.2s
T09_C70_G5000,T09,70,5000,prepare_run,success,2026-02-16 18:02:28.912314,2026-02-16 18:02:28.912314,0.0,saved T09_C70_G5000.h5ad in 12.83s
T09_C70_Gall,T09,70,all,prepare_run,success,2026-02-16 18:02:50.627041,2026-02-16 18:02:50.627041,0.0,saved T09_C70_Gall.h5ad in 21.68s
T09_C100_G1000,T09,100,1000,prepare_run,success,2026-02-16 18:02:54.308581,2026-02-16 18:02:54.308581,0.0,saved T09_C100_G1000.h5ad in 3.67s
T09_C100_G10000,T09,100,10000,prepare_run,success,2026-02-16 18:03:02.163096,2026-02-16 18:03:02.163096,0.0,saved T09_C100_G10000.h5ad in 7.85s
T09_C100_G15000,T09,100,15000,prepare_run,success,2026-02-16 18:03:13.162705,2026-02-16 18:03:13.162705,0.0,saved T09_C100_G15000.h5ad in 10.95s
T09_C100_G20000,T09,100,20000,prepare_run,success,2026-02-16 18:03:27.327035,2026-02-16 18:03:27.327035,0.0,saved T09_C100_G20000.h5ad in 14.13s
T09_C100_G500,T09,100,500,prepare_run,success,2026-02-16 18:03:30.774012,2026-02-16 18:03:30.774012,0.0,saved T09_C100_G500.h5ad in 3.44s
T09_C100_G5000,T09,100,5000,prepare_run,success,2026-02-16 18:03:36.417298,2026-02-16 18:03:36.417298,0.0,saved T09_C100_G5000.h5ad in 5.61s
T09_C100_Gall,T09,100,all,prepare_run,success,2026-02-16 18:03:52.758090,2026-02-16 18:03:52.758090,0.0,saved T09_C100_Gall.h5ad in 16.25s
T10_C1_G1000,T10,1,1000,prepare_run,success,2026-02-16 18:04:11.335471,2026-02-16 18:04:11.335471,0.0,saved T10_C1_G1000.h5ad in 6.05s
T10_C1_G10000,T10,1,10000,prepare_run,success,2026-02-16 18:04:19.697834,2026-02-16 18:04:19.697834,0.0,saved T10_C1_G10000.h5ad in 8.32s
T10_C1_G15000,T10,1,15000,prepare_run,success,2026-02-16 18:04:30.535062,2026-02-16 18:04:30.535062,0.0,saved T10_C1_G15000.h5ad in 10.8s
T10_C1_G20000,T10,1,20000,prepare_run,success,2026-02-16 18:04:52.580741,2026-02-16 18:04:52.580741,0.0,saved T10_C1_G20000.h5ad in 21.82s
T10_C1_G500,T10,1,500,prepare_run,success,2026-02-16 18:05:01.209485,2026-02-16 18:05:01.209485,0.0,saved T10_C1_G500.h5ad in 8.56s
T10_C1_G5000,T10,1,5000,prepare_run,success,2026-02-16 18:05:09.665439,2026-02-16 18:05:09.665439,0.0,saved T10_C1_G5000.h5ad in 8.33s
T10_C1_Gall,T10,1,all,prepare_run,success,2026-02-16 18:05:23.474255,2026-02-16 18:05:23.474255,0.0,saved T10_C1_Gall.h5ad in 13.74s
T10_C2_G1000,T10,2,1000,prepare_run,success,2026-02-16 18:05:29.859847,2026-02-16 18:05:29.859847,0.0,saved T10_C2_G1000.h5ad in 6.3s
T10_C2_G10000,T10,2,10000,prepare_run,success,2026-02-16 18:05:40.310903,2026-02-16 18:05:40.310903,0.0,saved T10_C2_G10000.h5ad in 10.41s
T10_C2_G15000,T10,2,15000,prepare_run,success,2026-02-16 18:05:51.325358,2026-02-16 18:05:51.325358,0.0,saved T10_C2_G15000.h5ad in 11.01s
T10_C2_G20000,T10,2,20000,prepare_run,success,2026-02-16 18:06:04.156639,2026-02-16 18:06:04.156639,0.0,saved T10_C2_G20000.h5ad in 12.8s
T10_C2_G500,T10,2,500,prepare_run,success,2026-02-16 18:06:12.868571,2026-02-16 18:06:12.868571,0.0,saved T10_C2_G500.h5ad in 8.58s
T10_C2_G5000,T10,2,5000,prepare_run,success,2026-02-16 18:06:21.734440,2026-02-16 18:06:21.734440,0.0,saved T10_C2_G5000.h5ad in 8.36s
T10_C2_Gall,T10,2,all,prepare_run,success,2026-02-16 18:06:35.919186,2026-02-16 18:06:35.919186,0.0,saved T10_C2_Gall.h5ad in 14.11s
T10_C3_G1000,T10,3,1000,prepare_run,success,2026-02-16 18:06:42.867873,2026-02-16 18:06:42.867873,0.0,saved T10_C3_G1000.h5ad in 6.92s
T10_C3_G10000,T10,3,10000,prepare_run,success,2026-02-16 18:06:53.317163,2026-02-16 18:06:53.317163,0.0,saved T10_C3_G10000.h5ad in 10.43s
T10_C3_G15000,T10,3,15000,prepare_run,success,2026-02-16 18:07:05.338820,2026-02-16 18:07:05.338820,0.0,saved T10_C3_G15000.h5ad in 11.97s
T10_C3_G20000,T10,3,20000,prepare_run,success,2026-02-16 18:07:18.798783,2026-02-16 18:07:18.798783,0.0,saved T10_C3_G20000.h5ad in 13.39s
T10_C3_G500,T10,3,500,prepare_run,success,2026-02-16 18:07:27.362674,2026-02-16 18:07:27.362674,0.0,saved T10_C3_G500.h5ad in 8.55s
T10_C3_G5000,T10,3,5000,prepare_run,success,2026-02-16 18:07:35.871558,2026-02-16 18:07:35.871558,0.0,saved T10_C3_G5000.h5ad in 8.03s
T10_C3_Gall,T10,3,all,prepare_run,success,2026-02-16 18:07:50.615884,2026-02-16 18:07:50.615884,0.0,saved T10_C3_Gall.h5ad in 14.66s
T10_C5_G1000,T10,5,1000,prepare_run,success,2026-02-16 18:07:57.721067,2026-02-16 18:07:57.721067,0.0,saved T10_C5_G1000.h5ad in 7.08s
T10_C5_G10000,T10,5,10000,prepare_run,success,2026-02-16 18:08:07.538797,2026-02-16 18:08:07.538797,0.0,saved T10_C5_G10000.h5ad in 9.79s
T10_C5_G15000,T10,5,15000,prepare_run,success,2026-02-16 18:08:19.233049,2026-02-16 18:08:19.233049,0.0,saved T10_C5_G15000.h5ad in 11.64s
T10_C5_G20000,T10,5,20000,prepare_run,success,2026-02-16 18:08:33.278662,2026-02-16 18:08:33.278662,0.0,saved T10_C5_G20000.h5ad in 13.99s
T10_C5_G500,T10,5,500,prepare_run,success,2026-02-16 18:08:40.168502,2026-02-16 18:08:40.168502,0.0,saved T10_C5_G500.h5ad in 6.87s
T10_C5_G5000,T10,5,5000,prepare_run,success,2026-02-16 18:08:48.451681,2026-02-16 18:08:48.451681,0.0,saved T10_C5_G5000.h5ad in 8.27s
T10_C5_Gall,T10,5,all,prepare_run,success,2026-02-16 18:09:03.355508,2026-02-16 18:09:03.355508,0.0,saved T10_C5_Gall.h5ad in 14.86s
T10_C10_G1000,T10,10,1000,prepare_run,success,2026-02-16 18:09:10.798995,2026-02-16 18:09:10.798995,0.0,saved T10_C10_G1000.h5ad in 7.4s
T10_C10_G10000,T10,10,10000,prepare_run,success,2026-02-16 18:09:21.371812,2026-02-16 18:09:21.371812,0.0,saved T10_C10_G10000.h5ad in 10.5s
T10_C10_G15000,T10,10,15000,prepare_run,success,2026-02-16 18:09:33.948159,2026-02-16 18:09:33.948159,0.0,saved T10_C10_G15000.h5ad in 12.54s
T02_C20_G5000,T02,20,5000,prepare_run,success,2026-02-16 18:15:38.670275,2026-02-16 18:15:38.670275,0.0,saved T02_C20_G5000.h5ad in 12.2s
T03_C5_G10000,T03,5,10000,prepare_run,success,2026-02-16 18:15:54.703621,2026-02-16 18:15:54.703621,0.0,saved T03_C5_G10000.h5ad in 9.53s
T10_C10_G20000,T10,10,20000,prepare_run,success,2026-02-16 18:16:56.578044,2026-02-16 18:16:56.578044,0.0,saved T10_C10_G20000.h5ad in 14.48s
T10_C10_G500,T10,10,500,prepare_run,success,2026-02-16 18:17:03.933150,2026-02-16 18:17:03.933150,0.0,saved T10_C10_G500.h5ad in 7.28s
T10_C10_G5000,T10,10,5000,prepare_run,success,2026-02-16 18:17:12.855654,2026-02-16 18:17:12.855654,0.0,saved T10_C10_G5000.h5ad in 8.84s
T10_C10_Gall,T10,10,all,prepare_run,success,2026-02-16 18:17:28.864551,2026-02-16 18:17:28.864551,0.0,saved T10_C10_Gall.h5ad in 15.94s
T10_C20_G1000,T10,20,1000,prepare_run,success,2026-02-16 18:17:37.186374,2026-02-16 18:17:37.186374,0.0,saved T10_C20_G1000.h5ad in 8.28s
T10_C20_G10000,T10,20,10000,prepare_run,success,2026-02-16 18:17:49.436561,2026-02-16 18:17:49.436561,0.0,saved T10_C20_G10000.h5ad in 12.19s
T10_C20_G15000,T10,20,15000,prepare_run,success,2026-02-16 18:18:03.968284,2026-02-16 18:18:03.968284,0.0,saved T10_C20_G15000.h5ad in 14.48s
T10_C20_G20000,T10,20,20000,prepare_run,success,2026-02-16 18:18:19.839478,2026-02-16 18:18:19.839478,0.0,saved T10_C20_G20000.h5ad in 15.81s
T10_C20_G500,T10,20,500,prepare_run,success,2026-02-16 18:18:27.827091,2026-02-16 18:18:27.827091,0.0,saved T10_C20_G500.h5ad in 7.92s
T10_C20_G5000,T10,20,5000,prepare_run,success,2026-02-16 18:18:37.376428,2026-02-16 18:18:37.376428,0.0,saved T10_C20_G5000.h5ad in 9.47s
T10_C20_Gall,T10,20,all,prepare_run,success,2026-02-16 18:18:55.399071,2026-02-16 18:18:55.399071,0.0,saved T10_C20_Gall.h5ad in 17.98s
T10_C50_G1000,T10,50,1000,prepare_run,success,2026-02-16 18:19:05.436703,2026-02-16 18:19:05.436703,0.0,saved T10_C50_G1000.h5ad in 10.0s
T10_C50_G10000,T10,50,10000,prepare_run,success,2026-02-16 18:19:28.153658,2026-02-16 18:19:28.153658,0.0,saved T10_C50_G10000.h5ad in 22.68s
T10_C50_G15000,T10,50,15000,prepare_run,success,2026-02-16 18:19:44.614894,2026-02-16 18:19:44.614894,0.0,saved T10_C50_G15000.h5ad in 16.37s
T10_C50_G20000,T10,50,20000,prepare_run,success,2026-02-16 18:20:02.937465,2026-02-16 18:20:02.937465,0.0,saved T10_C50_G20000.h5ad in 18.29s
T10_C50_G500,T10,50,500,prepare_run,success,2026-02-16 18:20:12.942004,2026-02-16 18:20:12.942004,0.0,saved T10_C50_G500.h5ad in 9.92s
T10_C50_G5000,T10,50,5000,prepare_run,success,2026-02-16 18:20:24.487693,2026-02-16 18:20:24.487693,0.0,saved T10_C50_G5000.h5ad in 11.48s
T10_C50_Gall,T10,50,all,prepare_run,success,2026-02-16 18:20:44.199525,2026-02-16 18:20:44.199525,0.0,saved T10_C50_Gall.h5ad in 19.64s
T10_C70_G1000,T10,70,1000,prepare_run,success,2026-02-16 18:20:55.152074,2026-02-16 18:20:55.152074,0.0,saved T10_C70_G1000.h5ad in 10.88s
T10_C70_G10000,T10,70,10000,prepare_run,success,2026-02-16 18:21:09.614247,2026-02-16 18:21:09.614247,0.0,saved T10_C70_G10000.h5ad in 14.44s
T10_C70_G15000,T10,70,15000,prepare_run,success,2026-02-16 18:21:26.816435,2026-02-16 18:21:26.816435,0.0,saved T10_C70_G15000.h5ad in 17.18s
T10_C70_G20000,T10,70,20000,prepare_run,success,2026-02-16 18:21:46.460423,2026-02-16 18:21:46.460423,0.0,saved T10_C70_G20000.h5ad in 19.61s
T10_C70_G500,T10,70,500,prepare_run,success,2026-02-16 18:21:57.445316,2026-02-16 18:21:57.445316,0.0,saved T10_C70_G500.h5ad in 10.94s
T10_C70_G5000,T10,70,5000,prepare_run,success,2026-02-16 18:22:10.369701,2026-02-16 18:22:10.369701,0.0,saved T10_C70_G5000.h5ad in 12.87s
T10_C70_Gall,T10,70,all,prepare_run,success,2026-02-16 18:22:32.290864,2026-02-16 18:22:32.290864,0.0,saved T10_C70_Gall.h5ad in 21.88s
T10_C100_G1000,T10,100,1000,prepare_run,success,2026-02-16 18:22:36.196055,2026-02-16 18:22:36.196055,0.0,saved T10_C100_G1000.h5ad in 3.79s
T10_C100_G10000,T10,100,10000,prepare_run,success,2026-02-16 18:22:44.476674,2026-02-16 18:22:44.476674,0.0,saved T10_C100_G10000.h5ad in 8.24s
T10_C100_G15000,T10,100,15000,prepare_run,success,2026-02-16 18:22:56.316720,2026-02-16 18:22:56.316720,0.0,saved T10_C100_G15000.h5ad in 11.81s
T10_C100_G20000,T10,100,20000,prepare_run,success,2026-02-16 18:23:11.219470,2026-02-16 18:23:11.219470,0.0,saved T10_C100_G20000.h5ad in 14.87s
T10_C100_G500,T10,100,500,prepare_run,success,2026-02-16 18:23:15.138832,2026-02-16 18:23:15.138832,0.0,saved T10_C100_G500.h5ad in 3.89s
T10_C100_G5000,T10,100,5000,prepare_run,success,2026-02-16 18:23:21.228293,2026-02-16 18:23:21.228293,0.0,saved T10_C100_G5000.h5ad in 6.06s
T10_C100_Gall,T10,100,all,prepare_run,success,2026-02-16 18:23:38.948255,2026-02-16 18:23:38.948255,0.0,saved T10_C100_Gall.h5ad in 17.69s
T01_C1_G1000,T01,1,1000,infercnv,success,2026-02-16 18:59:51.328649,2026-02-16 18:59:51.328649,41.0,output=T01_C1_G1000_CNVinf.h5ad
T01_C1_G10000,T01,1,10000,infercnv,success,2026-02-16 19:04:20.395386,2026-02-16 19:04:20.395386,269.0,output=T01_C1_G10000_CNVinf.h5ad
T01_C1_G15000,T01,1,15000,infercnv,success,2026-02-16 19:12:39.649119,2026-02-16 19:12:39.649119,498.76,output=T01_C1_G15000_CNVinf.h5ad
T01_C1_G20000,T01,1,20000,infercnv,success,2026-02-16 19:27:00.110173,2026-02-16 19:27:00.110173,860.41,output=T01_C1_G20000_CNVinf.h5ad
T01_C1_G500,T01,1,500,infercnv,success,2026-02-16 19:27:40.980990,2026-02-16 19:27:40.980990,40.82,output=T01_C1_G500_CNVinf.h5ad
T01_C1_G5000,T01,1,5000,infercnv,success,2026-02-16 19:29:20.500450,2026-02-16 19:29:20.500450,99.49,output=T01_C1_G5000_CNVinf.h5ad
T01_C1_Gall,T01,1,all,infercnv,success,2026-02-16 19:52:23.122359,2026-02-16 19:52:23.122359,1382.58,output=T01_C1_Gall_CNVinf.h5ad
T01_C2_G1000,T01,2,1000,infercnv,success,2026-02-16 19:53:00.566294,2026-02-16 19:53:00.566294,37.41,output=T01_C2_G1000_CNVinf.h5ad
T01_C2_G10000,T01,2,10000,infercnv,success,2026-02-16 19:57:14.499920,2026-02-16 19:57:14.499920,253.87,output=T01_C2_G10000_CNVinf.h5ad
T01_C2_G15000,T01,2,15000,infercnv,success,2026-02-16 20:05:27.390759,2026-02-16 20:05:27.390759,492.82,output=T01_C2_G15000_CNVinf.h5ad
T01_C2_G20000,T01,2,20000,infercnv,success,2026-02-16 20:19:58.068681,2026-02-16 20:19:58.068681,870.63,output=T01_C2_G20000_CNVinf.h5ad
T01_C2_G500,T01,2,500,infercnv,success,2026-02-16 20:20:15.353902,2026-02-16 20:20:15.353902,17.26,output=T01_C2_G500_CNVinf.h5ad
T01_C2_G5000,T01,2,5000,infercnv,success,2026-02-16 20:21:53.726931,2026-02-16 20:21:53.726931,98.33,output=T01_C2_G5000_CNVinf.h5ad
T01_C2_Gall,T01,2,all,infercnv,success,2026-02-16 20:44:47.187350,2026-02-16 20:44:47.187350,1373.44,output=T01_C2_Gall_CNVinf.h5ad
T01_C3_G1000,T01,3,1000,infercnv,success,2026-02-16 20:45:19.593905,2026-02-16 20:45:19.593905,32.36,output=T01_C3_G1000_CNVinf.h5ad
T01_C3_G10000,T01,3,10000,infercnv,success,2026-02-16 20:49:36.367321,2026-02-16 20:49:36.367321,256.74,output=T01_C3_G10000_CNVinf.h5ad
T01_C3_G15000,T01,3,15000,infercnv,success,2026-02-16 20:57:47.422747,2026-02-16 20:57:47.422747,489.7,output=T01_C3_G15000_CNVinf.h5ad
T01_C3_G20000,T01,3,20000,infercnv,success,2026-02-16 21:11:47.137169,2026-02-16 21:11:47.137169,839.66,output=T01_C3_G20000_CNVinf.h5ad
T01_C3_G500,T01,3,500,infercnv,success,2026-02-16 21:12:08.662573,2026-02-16 21:12:08.662573,21.5,output=T01_C3_G500_CNVinf.h5ad
T01_C3_G5000,T01,3,5000,infercnv,success,2026-02-16 21:13:48.264255,2026-02-16 21:13:48.264255,99.57,output=T01_C3_G5000_CNVinf.h5ad
T01_C3_Gall,T01,3,all,infercnv,success,2026-02-16 21:36:42.432491,2026-02-16 21:36:42.432491,1374.1,output=T01_C3_Gall_CNVinf.h5ad
T01_C5_G1000,T01,5,1000,infercnv,success,2026-02-16 21:37:11.956549,2026-02-16 21:37:11.956549,29.49,output=T01_C5_G1000_CNVinf.h5ad
T01_C5_G10000,T01,5,10000,infercnv,success,2026-02-16 21:41:22.792734,2026-02-16 21:41:22.792734,250.8,output=T01_C5_G10000_CNVinf.h5ad
T01_C5_G15000,T01,5,15000,infercnv,success,2026-02-16 21:49:25.432071,2026-02-16 21:49:25.432071,482.59,output=T01_C5_G15000_CNVinf.h5ad
T01_C5_G20000,T01,5,20000,infercnv,success,2026-02-16 22:03:18.673830,2026-02-16 22:03:18.673830,833.19,output=T01_C5_G20000_CNVinf.h5ad
T01_C5_G500,T01,5,500,infercnv,success,2026-02-16 22:03:44.108852,2026-02-16 22:03:44.108852,25.38,output=T01_C5_G500_CNVinf.h5ad
T01_C5_G5000,T01,5,5000,infercnv,success,2026-02-16 22:05:19.054892,2026-02-16 22:05:19.054892,94.91,output=T01_C5_G5000_CNVinf.h5ad
T01_C5_Gall,T01,5,all,infercnv,success,2026-02-16 22:27:55.433878,2026-02-16 22:27:55.433878,1356.27,output=T01_C5_Gall_CNVinf.h5ad
T01_C10_G1000,T01,10,1000,infercnv,success,2026-02-16 22:28:27.381964,2026-02-16 22:28:27.381964,31.86,output=T01_C10_G1000_CNVinf.h5ad
T01_C10_G10000,T01,10,10000,infercnv,success,2026-02-16 22:32:36.503803,2026-02-16 22:32:36.503803,249.1,output=T01_C10_G10000_CNVinf.h5ad
T01_C10_G15000,T01,10,15000,infercnv,success,2026-02-16 22:40:43.145442,2026-02-16 22:40:43.145442,486.55,output=T01_C10_G15000_CNVinf.h5ad
T01_C10_G20000,T01,10,20000,infercnv,success,2026-02-16 22:54:36.510813,2026-02-16 22:54:36.510813,833.3,output=T01_C10_G20000_CNVinf.h5ad
T01_C10_G500,T01,10,500,infercnv,success,2026-02-16 22:54:55.799213,2026-02-16 22:54:55.799213,19.26,output=T01_C10_G500_CNVinf.h5ad
T01_C10_G5000,T01,10,5000,infercnv,success,2026-02-16 22:56:31.726447,2026-02-16 22:56:31.726447,95.91,output=T01_C10_G5000_CNVinf.h5ad
T01_C10_Gall,T01,10,all,infercnv,success,2026-02-16 23:19:11.979140,2026-02-16 23:19:11.979140,1360.2,output=T01_C10_Gall_CNVinf.h5ad
T01_C20_G1000,T01,20,1000,infercnv,success,2026-02-16 23:19:46.839837,2026-02-16 23:19:46.839837,34.8,output=T01_C20_G1000_CNVinf.h5ad
T01_C20_G10000,T01,20,10000,infercnv,success,2026-02-16 23:23:53.926165,2026-02-16 23:23:53.926165,247.05,output=T01_C20_G10000_CNVinf.h5ad
T01_C20_G15000,T01,20,15000,infercnv,success,2026-02-16 23:31:57.182939,2026-02-16 23:31:57.182939,483.22,output=T01_C20_G15000_CNVinf.h5ad
T01_C20_G20000,T01,20,20000,infercnv,success,2026-02-16 23:45:59.163850,2026-02-16 23:45:59.163850,841.95,output=T01_C20_G20000_CNVinf.h5ad
T01_C20_G500,T01,20,500,infercnv,success,2026-02-16 23:46:18.558832,2026-02-16 23:46:18.558832,19.35,output=T01_C20_G500_CNVinf.h5ad
T01_C20_G5000,T01,20,5000,infercnv,success,2026-02-16 23:47:57.159688,2026-02-16 23:47:57.159688,98.56,output=T01_C20_G5000_CNVinf.h5ad
T01_C20_Gall,T01,20,all,infercnv,success,2026-02-17 00:10:34.097962,2026-02-17 00:10:34.097962,1356.88,output=T01_C20_Gall_CNVinf.h5ad
T01_C50_G1000,T01,50,1000,infercnv,success,2026-02-17 00:11:01.697411,2026-02-17 00:11:01.697411,27.55,output=T01_C50_G1000_CNVinf.h5ad
T01_C50_G10000,T01,50,10000,infercnv,success,2026-02-17 00:15:10.243213,2026-02-17 00:15:10.243213,248.47,output=T01_C50_G10000_CNVinf.h5ad
T01_C50_G15000,T01,50,15000,infercnv,success,2026-02-17 00:23:11.090482,2026-02-17 00:23:11.090482,480.81,output=T01_C50_G15000_CNVinf.h5ad
T01_C50_G20000,T01,50,20000,infercnv,success,2026-02-17 00:37:16.382489,2026-02-17 00:37:16.382489,845.24,output=T01_C50_G20000_CNVinf.h5ad
T01_C50_G500,T01,50,500,infercnv,success,2026-02-17 00:37:38.721854,2026-02-17 00:37:38.721854,22.31,output=T01_C50_G500_CNVinf.h5ad
T01_C50_G5000,T01,50,5000,infercnv,success,2026-02-17 00:39:21.312620,2026-02-17 00:39:21.312620,102.52,output=T01_C50_G5000_CNVinf.h5ad
T01_C50_Gall,T01,50,all,infercnv,success,2026-02-17 01:02:20.495469,2026-02-17 01:02:20.495469,1379.15,output=T01_C50_Gall_CNVinf.h5ad
T01_C70_G1000,T01,70,1000,infercnv,success,2026-02-17 01:02:51.213055,2026-02-17 01:02:51.213055,30.64,output=T01_C70_G1000_CNVinf.h5ad
T01_C70_G10000,T01,70,10000,infercnv,success,2026-02-17 01:07:06.933854,2026-02-17 01:07:06.933854,255.64,output=T01_C70_G10000_CNVinf.h5ad
T01_C1_G1000,T01,1,1000,infercnv,success,2026-02-17 07:56:01.867907,2026-02-17 07:56:01.867907,0.0,already exists
T01_C1_G1000,T01,1,1000,infercnv,success,2026-02-17 07:56:37.244137,2026-02-17 07:56:37.244137,0.0,already exists
T01_C1_G10000,T01,1,10000,infercnv,success,2026-02-17 07:56:45.615297,2026-02-17 07:56:45.615297,0.0,already exists
T01_C1_G15000,T01,1,15000,infercnv,success,2026-02-17 07:56:56.735179,2026-02-17 07:56:56.735179,0.0,already exists
T01_C1_G20000,T01,1,20000,infercnv,success,2026-02-17 07:57:10.427509,2026-02-17 07:57:10.427509,0.0,already exists
T01_C1_G500,T01,1,500,infercnv,success,2026-02-17 07:57:13.788177,2026-02-17 07:57:13.788177,0.0,already exists
T01_C1_G5000,T01,1,5000,infercnv,success,2026-02-17 07:57:19.649707,2026-02-17 07:57:19.649707,0.0,already exists
T01_C1_Gall,T01,1,all,infercnv,success,2026-02-17 07:57:37.299046,2026-02-17 07:57:37.299046,0.0,already exists
T01_C2_G1000,T01,2,1000,infercnv,success,2026-02-17 07:57:40.782884,2026-02-17 07:57:40.782884,0.0,already exists
T01_C2_G10000,T01,2,10000,infercnv,success,2026-02-17 07:57:49.916389,2026-02-17 07:57:49.916389,0.0,already exists
T01_C2_G15000,T01,2,15000,infercnv,success,2026-02-17 07:58:01.088810,2026-02-17 07:58:01.088810,0.0,already exists
T01_C2_G20000,T01,2,20000,infercnv,success,2026-02-17 07:58:14.669994,2026-02-17 07:58:14.669994,0.0,already exists
T01_C2_G500,T01,2,500,infercnv,success,2026-02-17 07:58:17.752031,2026-02-17 07:58:17.752031,0.0,already exists
T01_C2_G5000,T01,2,5000,infercnv,success,2026-02-17 07:58:23.980756,2026-02-17 07:58:23.980756,0.0,already exists
T01_C1_G1000,T01,1,1000,infercnv,success,2026-02-17 08:06:19.973073,2026-02-17 08:06:19.973073,0.0,already exists
T01_C1_G10000,T01,1,10000,infercnv,success,2026-02-17 08:06:30.976032,2026-02-17 08:06:30.976032,0.0,already exists
T01_C1_G15000,T01,1,15000,infercnv,success,2026-02-17 08:06:43.233680,2026-02-17 08:06:43.233680,0.0,already exists
T01_C1_G20000,T01,1,20000,infercnv,success,2026-02-17 08:06:59.059417,2026-02-17 08:06:59.059417,0.0,already exists
T01_C1_G500,T01,1,500,infercnv,success,2026-02-17 08:07:03.865740,2026-02-17 08:07:03.865740,0.0,already exists
T01_C1_G5000,T01,1,5000,infercnv,success,2026-02-17 08:07:10.752856,2026-02-17 08:07:10.752856,0.0,already exists
T01_C1_Gall,T01,1,all,infercnv,success,2026-02-17 08:07:30.353237,2026-02-17 08:07:30.353237,0.0,already exists
T01_C2_G1000,T01,2,1000,infercnv,success,2026-02-17 08:07:34.712025,2026-02-17 08:07:34.712025,0.0,already exists
T01_C2_G10000,T01,2,10000,infercnv,success,2026-02-17 08:07:45.142567,2026-02-17 08:07:45.142567,0.0,already exists
T01_C2_G15000,T01,2,15000,infercnv,success,2026-02-17 08:07:57.458320,2026-02-17 08:07:57.458320,0.0,already exists
T01_C2_G20000,T01,2,20000,infercnv,success,2026-02-17 08:08:12.287493,2026-02-17 08:08:12.287493,0.0,already exists
T01_C2_G500,T01,2,500,infercnv,success,2026-02-17 08:08:15.789544,2026-02-17 08:08:15.789544,0.0,already exists
T01_C2_G5000,T01,2,5000,infercnv,success,2026-02-17 08:08:22.632466,2026-02-17 08:08:22.632466,0.0,already exists
T01_C2_Gall,T01,2,all,infercnv,success,2026-02-17 08:08:40.208348,2026-02-17 08:08:40.208348,0.0,already exists
T01_C3_G1000,T01,3,1000,infercnv,success,2026-02-17 08:08:43.962542,2026-02-17 08:08:43.962542,0.0,already exists
T01_C3_G10000,T01,3,10000,infercnv,success,2026-02-17 08:08:54.108557,2026-02-17 08:08:54.108557,0.0,already exists
T01_C3_G15000,T01,3,15000,infercnv,success,2026-02-17 08:09:07.100439,2026-02-17 08:09:07.100439,0.0,already exists
T01_C3_G20000,T01,3,20000,infercnv,success,2026-02-17 08:09:22.061236,2026-02-17 08:09:22.061236,0.0,already exists
T01_C3_G500,T01,3,500,infercnv,success,2026-02-17 08:09:26.105281,2026-02-17 08:09:26.105281,0.0,already exists
T01_C3_G5000,T01,3,5000,infercnv,success,2026-02-17 08:09:32.311853,2026-02-17 08:09:32.311853,0.0,already exists
T01_C3_Gall,T01,3,all,infercnv,success,2026-02-17 08:09:49.018275,2026-02-17 08:09:49.018275,0.0,already exists
T01_C5_G1000,T01,5,1000,infercnv,success,2026-02-17 08:09:52.796505,2026-02-17 08:09:52.796505,0.0,already exists
T01_C5_G10000,T01,5,10000,infercnv,success,2026-02-17 08:10:04.329756,2026-02-17 08:10:04.329756,0.0,already exists
T01_C5_G15000,T01,5,15000,infercnv,success,2026-02-17 08:10:19.011994,2026-02-17 08:10:19.011994,0.0,already exists
T01_C5_G20000,T01,5,20000,infercnv,success,2026-02-17 08:10:34.088449,2026-02-17 08:10:34.088449,0.0,already exists
T01_C5_G500,T01,5,500,infercnv,success,2026-02-17 08:10:37.646088,2026-02-17 08:10:37.646088,0.0,already exists
T01_C5_G5000,T01,5,5000,infercnv,success,2026-02-17 08:10:42.648069,2026-02-17 08:10:42.648069,0.0,already exists
T01_C5_Gall,T01,5,all,infercnv,success,2026-02-17 08:11:00.209891,2026-02-17 08:11:00.209891,0.0,already exists
T01_C10_G1000,T01,10,1000,infercnv,success,2026-02-17 08:11:03.935987,2026-02-17 08:11:03.935987,0.0,already exists
T01_C10_G10000,T01,10,10000,infercnv,success,2026-02-17 08:11:14.850778,2026-02-17 08:11:14.850778,0.0,already exists
T01_C10_G15000,T01,10,15000,infercnv,success,2026-02-17 08:11:28.126840,2026-02-17 08:11:28.126840,0.0,already exists
T01_C10_G20000,T01,10,20000,infercnv,success,2026-02-17 08:11:42.006949,2026-02-17 08:11:42.006949,0.0,already exists
T01_C10_G500,T01,10,500,infercnv,success,2026-02-17 08:11:45.939848,2026-02-17 08:11:45.939848,0.0,already exists
T01_C10_G5000,T01,10,5000,infercnv,success,2026-02-17 08:11:53.246090,2026-02-17 08:11:53.246090,0.0,already exists
T01_C10_Gall,T01,10,all,infercnv,success,2026-02-17 08:12:12.233233,2026-02-17 08:12:12.233233,0.0,already exists
T01_C20_G1000,T01,20,1000,infercnv,success,2026-02-17 08:12:15.405497,2026-02-17 08:12:15.405497,0.0,already exists
T01_C20_G10000,T01,20,10000,infercnv,success,2026-02-17 08:12:22.981247,2026-02-17 08:12:22.981247,0.0,already exists
T01_C20_G15000,T01,20,15000,infercnv,success,2026-02-17 08:12:36.888003,2026-02-17 08:12:36.888003,0.0,already exists
T01_C20_G20000,T01,20,20000,infercnv,success,2026-02-17 08:12:52.113629,2026-02-17 08:12:52.113629,0.0,already exists
T01_C20_G500,T01,20,500,infercnv,success,2026-02-17 08:12:56.145922,2026-02-17 08:12:56.145922,0.0,already exists
T01_C20_G5000,T01,20,5000,infercnv,success,2026-02-17 08:13:03.185476,2026-02-17 08:13:03.185476,0.0,already exists
T01_C20_Gall,T01,20,all,infercnv,success,2026-02-17 08:13:20.682934,2026-02-17 08:13:20.682934,0.0,already exists
T01_C50_G1000,T01,50,1000,infercnv,success,2026-02-17 08:13:24.097285,2026-02-17 08:13:24.097285,0.0,already exists
T01_C50_G10000,T01,50,10000,infercnv,success,2026-02-17 08:13:33.896026,2026-02-17 08:13:33.896026,0.0,already exists
T01_C50_G15000,T01,50,15000,infercnv,success,2026-02-17 08:13:45.521843,2026-02-17 08:13:45.521843,0.0,already exists
T01_C50_G20000,T01,50,20000,infercnv,success,2026-02-17 08:13:59.028629,2026-02-17 08:13:59.028629,0.0,already exists
T01_C50_G500,T01,50,500,infercnv,success,2026-02-17 08:14:02.185643,2026-02-17 08:14:02.185643,0.0,already exists
T01_C50_G5000,T01,50,5000,infercnv,success,2026-02-17 08:14:08.143835,2026-02-17 08:14:08.143835,0.0,already exists
T01_C50_Gall,T01,50,all,infercnv,success,2026-02-17 08:14:35.020919,2026-02-17 08:14:35.020919,0.0,already exists
T01_C70_G1000,T01,70,1000,infercnv,success,2026-02-17 08:14:39.189269,2026-02-17 08:14:39.189269,0.0,already exists
T01_C70_G10000,T01,70,10000,infercnv,success,2026-02-17 08:14:48.718334,2026-02-17 08:14:48.718334,0.0,already exists
T01_C70_G15000,T01,70,15000,infercnv,success,2026-02-17 08:23:16.225005,2026-02-17 08:23:16.225005,507.49,output=T01_C70_G15000_CNVinf.h5ad
T01_C1_G1000,T01,1,1000,infercnv,success,2026-02-17 08:26:22.970336,2026-02-17 08:26:22.970336,0.0,already exists
T01_C1_G10000,T01,1,10000,infercnv,success,2026-02-17 08:26:31.256391,2026-02-17 08:26:31.256391,0.0,already exists
T01_C1_G15000,T01,1,15000,infercnv,success,2026-02-17 08:26:44.646416,2026-02-17 08:26:44.646416,0.0,already exists
T01_C1_G20000,T01,1,20000,infercnv,success,2026-02-17 08:27:00.750489,2026-02-17 08:27:00.750489,0.0,already exists
T01_C1_G500,T01,1,500,infercnv,success,2026-02-17 08:27:05.224641,2026-02-17 08:27:05.224641,0.0,already exists
T01_C1_G5000,T01,1,5000,infercnv,success,2026-02-17 08:27:11.204448,2026-02-17 08:27:11.204448,0.0,already exists
T01_C1_Gall,T01,1,all,infercnv,success,2026-02-17 08:27:29.077127,2026-02-17 08:27:29.077127,0.0,already exists
T01_C2_G1000,T01,2,1000,infercnv,success,2026-02-17 08:27:32.869908,2026-02-17 08:27:32.869908,0.0,already exists
T01_C2_G10000,T01,2,10000,infercnv,success,2026-02-17 08:27:43.190791,2026-02-17 08:27:43.190791,0.0,already exists
T01_C2_G15000,T01,2,15000,infercnv,success,2026-02-17 08:27:54.811343,2026-02-17 08:27:54.811343,0.0,already exists
T01_C2_G20000,T01,2,20000,infercnv,success,2026-02-17 08:28:09.148624,2026-02-17 08:28:09.148624,0.0,already exists
T01_C2_G500,T01,2,500,infercnv,success,2026-02-17 08:28:12.596285,2026-02-17 08:28:12.596285,0.0,already exists
T01_C2_G5000,T01,2,5000,infercnv,success,2026-02-17 08:28:19.742015,2026-02-17 08:28:19.742015,0.0,already exists
T01_C2_Gall,T01,2,all,infercnv,success,2026-02-17 08:28:37.604733,2026-02-17 08:28:37.604733,0.0,already exists
T01_C3_G1000,T01,3,1000,infercnv,success,2026-02-17 08:28:41.431816,2026-02-17 08:28:41.431816,0.0,already exists
T01_C3_G10000,T01,3,10000,infercnv,success,2026-02-17 08:28:51.079190,2026-02-17 08:28:51.079190,0.0,already exists
T01_C3_G15000,T01,3,15000,infercnv,success,2026-02-17 08:29:06.021925,2026-02-17 08:29:06.021925,0.0,already exists
T01_C3_G20000,T01,3,20000,infercnv,success,2026-02-17 08:29:22.510157,2026-02-17 08:29:22.510157,0.0,already exists
T01_C3_G500,T01,3,500,infercnv,success,2026-02-17 08:29:26.912077,2026-02-17 08:29:26.912077,0.0,already exists
T01_C3_G5000,T01,3,5000,infercnv,success,2026-02-17 08:29:33.133325,2026-02-17 08:29:33.133325,0.0,already exists
T01_C3_Gall,T01,3,all,infercnv,success,2026-02-17 08:29:51.369866,2026-02-17 08:29:51.369866,0.0,already exists
T01_C5_G1000,T01,5,1000,infercnv,success,2026-02-17 08:29:55.410678,2026-02-17 08:29:55.410678,0.0,already exists
T01_C5_G10000,T01,5,10000,infercnv,success,2026-02-17 08:30:06.807303,2026-02-17 08:30:06.807303,0.0,already exists
T01_C5_G15000,T01,5,15000,infercnv,success,2026-02-17 08:30:20.825865,2026-02-17 08:30:20.825865,0.0,already exists
T01_C5_G20000,T01,5,20000,infercnv,success,2026-02-17 08:30:37.040466,2026-02-17 08:30:37.040466,0.0,already exists
T01_C5_G500,T01,5,500,infercnv,success,2026-02-17 08:30:41.845505,2026-02-17 08:30:41.845505,0.0,already exists
T01_C5_G5000,T01,5,5000,infercnv,success,2026-02-17 08:30:49.416857,2026-02-17 08:30:49.416857,0.0,already exists
T01_C5_Gall,T01,5,all,infercnv,success,2026-02-17 08:31:09.048160,2026-02-17 08:31:09.048160,0.0,already exists
T01_C10_G1000,T01,10,1000,infercnv,success,2026-02-17 08:31:14.018845,2026-02-17 08:31:14.018845,0.0,already exists
T01_C10_G10000,T01,10,10000,infercnv,success,2026-02-17 08:31:24.842254,2026-02-17 08:31:24.842254,0.0,already exists
T01_C10_G15000,T01,10,15000,infercnv,success,2026-02-17 08:31:38.888801,2026-02-17 08:31:38.888801,0.0,already exists
T01_C10_G20000,T01,10,20000,infercnv,success,2026-02-17 08:31:57.678656,2026-02-17 08:31:57.678656,0.0,already exists
T01_C10_G500,T01,10,500,infercnv,success,2026-02-17 08:32:02.827911,2026-02-17 08:32:02.827911,0.0,already exists
T01_C10_G5000,T01,10,5000,infercnv,success,2026-02-17 08:32:11.176809,2026-02-17 08:32:11.176809,0.0,already exists
T01_C10_Gall,T01,10,all,infercnv,success,2026-02-17 08:32:30.620575,2026-02-17 08:32:30.620575,0.0,already exists
T01_C20_G1000,T01,20,1000,infercnv,success,2026-02-17 08:32:35.171675,2026-02-17 08:32:35.171675,0.0,already exists
T01_C20_G10000,T01,20,10000,infercnv,success,2026-02-17 08:32:43.967122,2026-02-17 08:32:43.967122,0.0,already exists
T01_C20_G15000,T01,20,15000,infercnv,success,2026-02-17 08:33:01.469739,2026-02-17 08:33:01.469739,0.0,already exists
T01_C1_G1000,T01,1,1000,infercnv,success,2026-02-17 08:35:44.577569,2026-02-17 08:35:44.577569,0.0,already exists
T01_C1_G10000,T01,1,10000,infercnv,success,2026-02-17 08:35:54.852518,2026-02-17 08:35:54.852518,0.0,already exists
T01_C70_G20000,T01,70,20000,infercnv,success,2026-02-17 08:56:01.558233,2026-02-17 08:56:01.558233,912.11,output=T01_C70_G20000_CNVinf.h5ad
T01_C70_G500,T01,70,500,infercnv,success,2026-02-17 08:56:24.363303,2026-02-17 08:56:24.363303,22.74,output=T01_C70_G500_CNVinf.h5ad
T01_C70_G5000,T01,70,5000,infercnv,success,2026-02-17 08:58:10.624190,2026-02-17 08:58:10.624190,105.8,output=T01_C70_G5000_CNVinf.h5ad
T01_C70_Gall,T01,70,all,infercnv,success,2026-02-17 09:31:28.311189,2026-02-17 09:31:28.311189,1439.12,output=T01_C70_Gall_CNVinf.h5ad
T01_C100_G1000,T01,100,1000,infercnv,success,2026-02-17 09:31:53.460350,2026-02-17 09:31:53.460350,25.1,output=T01_C100_G1000_CNVinf.h5ad
T01_C100_G10000,T01,100,10000,infercnv,success,2026-02-17 09:36:10.213013,2026-02-17 09:36:10.213013,256.71,output=T01_C100_G10000_CNVinf.h5ad
T01_C100_G15000,T01,100,15000,infercnv,success,2026-02-17 09:44:45.302833,2026-02-17 09:44:45.302833,514.97,output=T01_C100_G15000_CNVinf.h5ad
T01_C100_G20000,T01,100,20000,infercnv,success,2026-02-17 09:58:55.836911,2026-02-17 09:58:55.836911,850.49,output=T01_C100_G20000_CNVinf.h5ad
T01_C100_G500,T01,100,500,infercnv,success,2026-02-17 09:59:13.788646,2026-02-17 09:59:13.788646,17.88,output=T01_C100_G500_CNVinf.h5ad
T01_C100_G5000,T01,100,5000,infercnv,success,2026-02-17 10:00:55.295580,2026-02-17 10:00:55.295580,101.33,output=T01_C100_G5000_CNVinf.h5ad
T01_C100_Gall,T01,100,all,infercnv,success,2026-02-17 10:23:49.887235,2026-02-17 10:23:49.887235,1374.47,output=T01_C100_Gall_CNVinf.h5ad
T02_C1_G1000,T02,1,1000,infercnv,success,2026-02-17 10:24:29.356518,2026-02-17 10:24:29.356518,39.27,output=T02_C1_G1000_CNVinf.h5ad
T02_C1_G10000,T02,1,10000,infercnv,success,2026-02-17 10:28:40.735357,2026-02-17 10:28:40.735357,251.19,output=T02_C1_G10000_CNVinf.h5ad
T02_C1_G15000,T02,1,15000,infercnv,success,2026-02-17 10:36:35.380644,2026-02-17 10:36:35.380644,474.6,output=T02_C1_G15000_CNVinf.h5ad
T02_C1_G20000,T02,1,20000,infercnv,success,2026-02-17 10:50:29.331573,2026-02-17 10:50:29.331573,833.87,output=T02_C1_G20000_CNVinf.h5ad
T02_C1_G500,T02,1,500,infercnv,success,2026-02-17 10:51:03.440124,2026-02-17 10:51:03.440124,34.04,output=T02_C1_G500_CNVinf.h5ad
T02_C1_G5000,T02,1,5000,infercnv,success,2026-02-17 10:52:43.663672,2026-02-17 10:52:43.663672,100.16,output=T02_C1_G5000_CNVinf.h5ad
T02_C1_Gall,T02,1,all,infercnv,success,2026-02-17 11:16:29.556023,2026-02-17 11:16:29.556023,1425.85,output=T02_C1_Gall_CNVinf.h5ad
T02_C2_G1000,T02,2,1000,infercnv,success,2026-02-17 11:17:07.034220,2026-02-17 11:17:07.034220,37.32,output=T02_C2_G1000_CNVinf.h5ad
T02_C2_G10000,T02,2,10000,infercnv,success,2026-02-17 11:21:40.596888,2026-02-17 11:21:40.596888,273.38,output=T02_C2_G10000_CNVinf.h5ad
T02_C2_G15000,T02,2,15000,infercnv,success,2026-02-17 11:31:19.586001,2026-02-17 11:31:19.586001,578.93,output=T02_C2_G15000_CNVinf.h5ad
T02_C2_G20000,T02,2,20000,infercnv,success,2026-02-17 11:48:45.028041,2026-02-17 11:48:45.028041,1035.9,output=T02_C2_G20000_CNVinf.h5ad
T02_C2_G500,T02,2,500,infercnv,success,2026-02-17 11:49:22.578866,2026-02-17 11:49:22.578866,37.47,output=T02_C2_G500_CNVinf.h5ad
T02_C2_G5000,T02,2,5000,infercnv,success,2026-02-17 11:51:20.405854,2026-02-17 11:51:20.405854,117.71,output=T02_C2_G5000_CNVinf.h5ad
T02_C2_Gall,T02,2,all,infercnv,success,2026-02-17 12:17:43.659751,2026-02-17 12:17:43.659751,1583.18,output=T02_C2_Gall_CNVinf.h5ad
T02_C3_G1000,T02,3,1000,infercnv,success,2026-02-17 12:18:10.723749,2026-02-17 12:18:10.723749,27.01,output=T02_C3_G1000_CNVinf.h5ad
T02_C3_G10000,T02,3,10000,infercnv,success,2026-02-17 12:22:33.811538,2026-02-17 12:22:33.811538,263.04,output=T02_C3_G10000_CNVinf.h5ad
T02_C3_G15000,T02,3,15000,infercnv,success,2026-02-17 12:31:30.930052,2026-02-17 12:31:30.930052,537.04,output=T02_C3_G15000_CNVinf.h5ad
T02_C3_G20000,T02,3,20000,infercnv,success,2026-02-17 12:47:07.660438,2026-02-17 12:47:07.660438,936.58,output=T02_C3_G20000_CNVinf.h5ad
T02_C3_G500,T02,3,500,infercnv,success,2026-02-17 12:47:29.863353,2026-02-17 12:47:29.863353,22.14,output=T02_C3_G500_CNVinf.h5ad
T02_C3_G5000,T02,3,5000,infercnv,success,2026-02-17 12:49:13.682250,2026-02-17 12:49:13.682250,103.73,output=T02_C3_G5000_CNVinf.h5ad
T02_C3_Gall,T02,3,all,infercnv,success,2026-02-17 13:13:27.133032,2026-02-17 13:13:27.133032,1453.37,output=T02_C3_Gall_CNVinf.h5ad
T02_C5_G1000,T02,5,1000,infercnv,success,2026-02-17 13:13:54.427329,2026-02-17 13:13:54.427329,27.23,output=T02_C5_G1000_CNVinf.h5ad
T02_C5_G10000,T02,5,10000,infercnv,success,2026-02-17 13:18:21.828720,2026-02-17 13:18:21.828720,267.33,output=T02_C5_G10000_CNVinf.h5ad
T02_C5_G15000,T02,5,15000,infercnv,success,2026-02-17 13:27:28.465724,2026-02-17 13:27:28.465724,546.47,output=T02_C5_G15000_CNVinf.h5ad
T02_C5_G20000,T02,5,20000,infercnv,success,2026-02-17 13:42:13.026147,2026-02-17 13:42:13.026147,884.41,output=T02_C5_G20000_CNVinf.h5ad
T02_C5_G500,T02,5,500,infercnv,success,2026-02-17 13:42:50.152126,2026-02-17 13:42:50.152126,26.27,output=T02_C5_G500_CNVinf.h5ad
T02_C5_G5000,T02,5,5000,infercnv,success,2026-02-17 13:44:28.310918,2026-02-17 13:44:28.310918,98.05,output=T02_C5_G5000_CNVinf.h5ad
T02_C5_Gall,T02,5,all,infercnv,success,2026-02-17 14:07:37.812103,2026-02-17 14:07:37.812103,1389.31,output=T02_C5_Gall_CNVinf.h5ad
T02_C10_G1000,T02,10,1000,infercnv,success,2026-02-17 14:08:15.820570,2026-02-17 14:08:15.820570,37.91,output=T02_C10_G1000_CNVinf.h5ad
T02_C10_G10000,T02,10,10000,infercnv,success,2026-02-17 14:12:47.478125,2026-02-17 14:12:47.478125,271.56,output=T02_C10_G10000_CNVinf.h5ad
T02_C10_G15000,T02,10,15000,infercnv,success,2026-02-17 14:20:56.512040,2026-02-17 14:20:56.512040,488.9,output=T02_C10_G15000_CNVinf.h5ad
T02_C10_G20000,T02,10,20000,infercnv,success,2026-02-17 14:36:03.680932,2026-02-17 14:36:03.680932,907.01,output=T02_C10_G20000_CNVinf.h5ad
T02_C10_G500,T02,10,500,infercnv,success,2026-02-17 14:36:27.388729,2026-02-17 14:36:27.388729,23.54,output=T02_C10_G500_CNVinf.h5ad
T02_C10_G5000,T02,10,5000,infercnv,success,2026-02-17 14:38:07.548599,2026-02-17 14:38:07.548599,99.87,output=T02_C10_G5000_CNVinf.h5ad
T02_C10_Gall,T02,10,all,infercnv,success,2026-02-17 15:01:02.587530,2026-02-17 15:01:02.587530,1374.98,output=T02_C10_Gall_CNVinf.h5ad
T02_C20_G1000,T02,20,1000,infercnv,success,2026-02-17 15:01:34.041274,2026-02-17 15:01:34.041274,31.38,output=T02_C20_G1000_CNVinf.h5ad
T02_C20_G10000,T02,20,10000,infercnv,success,2026-02-17 15:05:48.553553,2026-02-17 15:05:48.553553,254.42,output=T02_C20_G10000_CNVinf.h5ad
T02_C20_G15000,T02,20,15000,infercnv,success,2026-02-17 15:13:56.326161,2026-02-17 15:13:56.326161,487.64,output=T02_C20_G15000_CNVinf.h5ad
T02_C20_G20000,T02,20,20000,infercnv,success,2026-02-17 15:27:59.117635,2026-02-17 15:27:59.117635,842.73,output=T02_C20_G20000_CNVinf.h5ad
T02_C20_G500,T02,20,500,infercnv,success,2026-02-17 15:28:22.055122,2026-02-17 15:28:22.055122,22.63,output=T02_C20_G500_CNVinf.h5ad
T02_C20_G5000,T02,20,5000,infercnv,success,2026-02-17 15:30:05.191543,2026-02-17 15:30:05.191543,102.94,output=T02_C20_G5000_CNVinf.h5ad
T02_C20_Gall,T02,20,all,infercnv,success,2026-02-17 15:53:14.559801,2026-02-17 15:53:14.559801,1389.13,output=T02_C20_Gall_CNVinf.h5ad
T02_C50_G1000,T02,50,1000,infercnv,success,2026-02-17 15:53:40.943868,2026-02-17 15:53:40.943868,26.31,output=T02_C50_G1000_CNVinf.h5ad
T02_C50_G10000,T02,50,10000,infercnv,success,2026-02-17 15:57:55.391849,2026-02-17 15:57:55.391849,254.22,output=T02_C50_G10000_CNVinf.h5ad
T02_C50_G15000,T02,50,15000,infercnv,success,2026-02-17 16:06:08.137294,2026-02-17 16:06:08.137294,492.64,output=T02_C50_G15000_CNVinf.h5ad
T02_C50_G20000,T02,50,20000,infercnv,success,2026-02-17 16:20:29.082768,2026-02-17 16:20:29.082768,860.9,output=T02_C50_G20000_CNVinf.h5ad
T02_C50_G500,T02,50,500,infercnv,success,2026-02-17 16:20:49.438618,2026-02-17 16:20:49.438618,20.3,output=T02_C50_G500_CNVinf.h5ad
T02_C50_G5000,T02,50,5000,infercnv,success,2026-02-17 16:22:37.534219,2026-02-17 16:22:37.534219,108.02,output=T02_C50_G5000_CNVinf.h5ad
T02_C50_Gall,T02,50,all,infercnv,success,2026-02-17 16:46:03.738288,2026-02-17 16:46:03.738288,1406.15,output=T02_C50_Gall_CNVinf.h5ad
T02_C70_G1000,T02,70,1000,infercnv,success,2026-02-17 16:46:32.896026,2026-02-17 16:46:32.896026,28.98,output=T02_C70_G1000_CNVinf.h5ad
T02_C70_G10000,T02,70,10000,infercnv,success,2026-02-17 16:50:58.353193,2026-02-17 16:50:58.353193,265.3,output=T02_C70_G10000_CNVinf.h5ad
T02_C70_G15000,T02,70,15000,infercnv,success,2026-02-17 16:59:34.016833,2026-02-17 16:59:34.016833,515.6,output=T02_C70_G15000_CNVinf.h5ad
T02_C70_G20000,T02,70,20000,infercnv,failed,2026-02-17 21:09:55.571202,2026-02-17 21:09:55.571202,820.64,"Could not reach 4 clusters after 100 resolution adjustments (last resolution=0.5499999999999998, last_n_clusters=5)."
T02_C70_G500,T02,70,500,infercnv,success,2026-02-17 21:10:12.817913,2026-02-17 21:10:12.817913,17.11,output=T02_C70_G500_CNVinf.h5ad
T02_C70_G5000,T02,70,5000,infercnv,success,2026-02-17 21:11:45.041119,2026-02-17 21:11:45.041119,92.16,output=T02_C70_G5000_CNVinf.h5ad
T02_C70_Gall,T02,70,all,infercnv,success,2026-02-17 21:35:35.663938,2026-02-17 21:35:35.663938,1430.49,output=T02_C70_Gall_CNVinf.h5ad
T02_C100_G1000,T02,100,1000,infercnv,success,2026-02-17 21:36:14.651136,2026-02-17 21:36:14.651136,38.95,output=T02_C100_G1000_CNVinf.h5ad
T02_C100_G10000,T02,100,10000,infercnv,success,2026-02-17 21:40:11.581418,2026-02-17 21:40:11.581418,236.91,output=T02_C100_G10000_CNVinf.h5ad
T02_C100_G15000,T02,100,15000,infercnv,failed,2026-02-17 21:49:02.287456,2026-02-17 21:49:02.287456,530.5,[Errno 5] Input/output error: '/home/augusta/storage3/augusta/insituCNV/InSituCNV/Evaluate_technical_constrains/results/plots/infercnv/cnv_umap_T02_C100_G15000.pdf'
T02_C100_G20000,T02,100,20000,infercnv,success,2026-02-17 22:04:23.309638,2026-02-17 22:04:23.309638,920.96,output=T02_C100_G20000_CNVinf.h5ad
T02_C100_G500,T02,100,500,infercnv,success,2026-02-17 22:05:16.871382,2026-02-17 22:05:16.871382,17.92,output=T02_C100_G500_CNVinf.h5ad
T02_C100_G5000,T02,100,5000,infercnv,success,2026-02-17 22:07:18.869868,2026-02-17 22:07:18.869868,121.89,output=T02_C100_G5000_CNVinf.h5ad
T02_C100_Gall,T02,100,all,infercnv,success,2026-02-17 22:30:37.516635,2026-02-17 22:30:37.516635,1398.57,output=T02_C100_Gall_CNVinf.h5ad
T03_C1_G1000,T03,1,1000,infercnv,success,2026-02-17 22:31:19.630245,2026-02-17 22:31:19.630245,42.05,output=T03_C1_G1000_CNVinf.h5ad
T03_C1_G10000,T03,1,10000,infercnv,success,2026-02-17 22:35:46.041460,2026-02-17 22:35:46.041460,266.38,output=T03_C1_G10000_CNVinf.h5ad
T03_C1_G15000,T03,1,15000,infercnv,success,2026-02-17 22:44:17.548408,2026-02-17 22:44:17.548408,511.48,output=T03_C1_G15000_CNVinf.h5ad
T03_C1_G20000,T03,1,20000,infercnv,success,2026-02-17 22:59:16.179290,2026-02-17 22:59:16.179290,898.3,output=T03_C1_G20000_CNVinf.h5ad
T03_C1_G500,T03,1,500,infercnv,success,2026-02-17 22:59:54.459547,2026-02-17 22:59:54.459547,38.25,output=T03_C1_G500_CNVinf.h5ad
T03_C1_G5000,T03,1,5000,infercnv,success,2026-02-17 23:01:32.992213,2026-02-17 23:01:32.992213,98.45,output=T03_C1_G5000_CNVinf.h5ad
T03_C1_Gall,T03,1,all,infercnv,success,2026-02-17 23:24:59.423989,2026-02-17 23:24:59.423989,1406.37,output=T03_C1_Gall_CNVinf.h5ad
T03_C2_G1000,T03,2,1000,infercnv,success,2026-02-17 23:25:39.584737,2026-02-17 23:25:39.584737,40.1,output=T03_C2_G1000_CNVinf.h5ad
T03_C2_G10000,T03,2,10000,infercnv,success,2026-02-17 23:29:59.378469,2026-02-17 23:29:59.378469,259.76,output=T03_C2_G10000_CNVinf.h5ad
T03_C2_G15000,T03,2,15000,infercnv,success,2026-02-17 23:38:36.041474,2026-02-17 23:38:36.041474,516.46,output=T03_C2_G15000_CNVinf.h5ad
T03_C2_G20000,T03,2,20000,infercnv,success,2026-02-17 23:52:31.815252,2026-02-17 23:52:31.815252,835.75,output=T03_C2_G20000_CNVinf.h5ad
T03_C2_G500,T03,2,500,infercnv,success,2026-02-17 23:52:53.153791,2026-02-17 23:52:53.153791,21.3,output=T03_C2_G500_CNVinf.h5ad
T03_C2_G5000,T03,2,5000,infercnv,success,2026-02-17 23:54:27.843252,2026-02-17 23:54:27.843252,94.63,output=T03_C2_G5000_CNVinf.h5ad
T03_C2_Gall,T03,2,all,infercnv,success,2026-02-18 00:16:49.700160,2026-02-18 00:16:49.700160,1341.73,output=T03_C2_Gall_CNVinf.h5ad
T03_C3_G1000,T03,3,1000,infercnv,success,2026-02-18 00:17:23.018064,2026-02-18 00:17:23.018064,33.29,output=T03_C3_G1000_CNVinf.h5ad
T03_C3_G10000,T03,3,10000,infercnv,success,2026-02-18 00:21:28.643771,2026-02-18 00:21:28.643771,245.53,output=T03_C3_G10000_CNVinf.h5ad
T03_C3_G15000,T03,3,15000,infercnv,success,2026-02-18 00:29:21.862994,2026-02-18 00:29:21.862994,473.14,output=T03_C3_G15000_CNVinf.h5ad
T03_C3_G20000,T03,3,20000,infercnv,success,2026-02-18 00:43:58.644908,2026-02-18 00:43:58.644908,876.7,output=T03_C3_G20000_CNVinf.h5ad
T03_C3_G500,T03,3,500,infercnv,success,2026-02-18 00:44:27.516384,2026-02-18 00:44:27.516384,28.77,output=T03_C3_G500_CNVinf.h5ad
T03_C3_G5000,T03,3,5000,infercnv,success,2026-02-18 00:46:01.554898,2026-02-18 00:46:01.554898,94.02,output=T03_C3_G5000_CNVinf.h5ad
T03_C3_Gall,T03,3,all,infercnv,success,2026-02-18 01:10:45.378336,2026-02-18 01:10:45.378336,1483.71,output=T03_C3_Gall_CNVinf.h5ad
T03_C5_G1000,T03,5,1000,infercnv,success,2026-02-18 01:11:14.797657,2026-02-18 01:11:14.797657,29.35,output=T03_C5_G1000_CNVinf.h5ad
T03_C5_G10000,T03,5,10000,infercnv,success,2026-02-18 01:15:23.059549,2026-02-18 01:15:23.059549,248.19,output=T03_C5_G10000_CNVinf.h5ad
T03_C5_G15000,T03,5,15000,infercnv,success,2026-02-18 01:23:17.107321,2026-02-18 01:23:17.107321,473.99,output=T03_C5_G15000_CNVinf.h5ad
T03_C5_G20000,T03,5,20000,infercnv,success,2026-02-18 01:38:02.800580,2026-02-18 01:38:02.800580,885.55,output=T03_C5_G20000_CNVinf.h5ad
T03_C5_G500,T03,5,500,infercnv,success,2026-02-18 01:38:37.558249,2026-02-18 01:38:37.558249,18.76,output=T03_C5_G500_CNVinf.h5ad
T03_C5_G5000,T03,5,5000,infercnv,success,2026-02-18 01:40:12.375761,2026-02-18 01:40:12.375761,94.78,output=T03_C5_G5000_CNVinf.h5ad
T03_C5_Gall,T03,5,all,infercnv,success,2026-02-18 02:03:00.424974,2026-02-18 02:03:00.424974,1368.03,output=T03_C5_Gall_CNVinf.h5ad
T03_C10_G1000,T03,10,1000,infercnv,success,2026-02-18 02:03:35.031796,2026-02-18 02:03:35.031796,34.46,output=T03_C10_G1000_CNVinf.h5ad
T03_C10_G10000,T03,10,10000,infercnv,success,2026-02-18 02:08:04.094236,2026-02-18 02:08:04.094236,264.13,output=T03_C10_G10000_CNVinf.h5ad
T03_C10_G15000,T03,10,15000,infercnv,success,2026-02-18 02:16:48.575863,2026-02-18 02:16:48.575863,524.32,output=T03_C10_G15000_CNVinf.h5ad
T03_C10_G20000,T03,10,20000,infercnv,success,2026-02-18 02:30:50.320922,2026-02-18 02:30:50.320922,841.67,output=T03_C10_G20000_CNVinf.h5ad
T03_C10_G500,T03,10,500,infercnv,success,2026-02-18 02:31:09.995957,2026-02-18 02:31:09.995957,19.63,output=T03_C10_G500_CNVinf.h5ad
T03_C10_G5000,T03,10,5000,infercnv,success,2026-02-18 02:32:48.774786,2026-02-18 02:32:48.774786,98.7,output=T03_C10_G5000_CNVinf.h5ad
T03_C10_Gall,T03,10,all,infercnv,success,2026-02-18 02:55:08.850084,2026-02-18 02:55:08.850084,1340.04,output=T03_C10_Gall_CNVinf.h5ad
T03_C20_G1000,T03,20,1000,infercnv,success,2026-02-18 02:55:36.952852,2026-02-18 02:55:36.952852,28.04,output=T03_C20_G1000_CNVinf.h5ad
T02_C70_G20000,T02,70,20000,infercnv,failed,2026-02-18 09:27:10.081613,2026-02-18 09:27:10.081613,894.01,"Could not reach 4 clusters after 100 resolution adjustments (last resolution=0.5499999999999998, last_n_clusters=5)."
T02_C100_G15000,T02,100,15000,infercnv,success,2026-02-18 09:27:38.356832,2026-02-18 09:27:38.356832,0.0,already exists
T03_C20_G10000,T03,20,10000,infercnv,success,2026-02-18 09:32:21.202121,2026-02-18 09:32:21.202121,282.55,output=T03_C20_G10000_CNVinf.h5ad
T03_C20_G15000,T03,20,15000,infercnv,success,2026-02-18 09:41:05.399364,2026-02-18 09:41:05.399364,523.67,output=T03_C20_G15000_CNVinf.h5ad
T03_C20_G20000,T03,20,20000,infercnv,success,2026-02-18 09:55:59.696570,2026-02-18 09:55:59.696570,894.15,output=T03_C20_G20000_CNVinf.h5ad
T03_C20_G500,T03,20,500,infercnv,success,2026-02-18 09:56:18.526353,2026-02-18 09:56:18.526353,18.78,output=T03_C20_G500_CNVinf.h5ad
T03_C20_G5000,T03,20,5000,infercnv,success,2026-02-18 09:58:10.411833,2026-02-18 09:58:10.411833,111.8,output=T03_C20_G5000_CNVinf.h5ad
T03_C20_Gall,T03,20,all,infercnv,success,2026-02-18 10:21:24.202559,2026-02-18 10:21:24.202559,1393.71,output=T03_C20_Gall_CNVinf.h5ad
T03_C50_G1000,T03,50,1000,infercnv,success,2026-02-18 10:21:59.675258,2026-02-18 10:21:59.675258,35.42,output=T03_C50_G1000_CNVinf.h5ad
T03_C50_G10000,T03,50,10000,infercnv,success,2026-02-18 10:26:31.947809,2026-02-18 10:26:31.947809,272.22,output=T03_C50_G10000_CNVinf.h5ad
T03_C50_G15000,T03,50,15000,infercnv,success,2026-02-18 10:35:13.996761,2026-02-18 10:35:13.996761,521.97,output=T03_C50_G15000_CNVinf.h5ad
T03_C50_G20000,T03,50,20000,infercnv,success,2026-02-18 10:49:50.925053,2026-02-18 10:49:50.925053,876.41,output=T03_C50_G20000_CNVinf.h5ad
T03_C50_G500,T03,50,500,infercnv,success,2026-02-18 10:50:11.897,2026-02-18 10:50:11.897,20.92,output=T03_C50_G500_CNVinf.h5ad
T03_C50_G5000,T03,50,5000,infercnv,success,2026-02-18 10:51:51.144579,2026-02-18 10:51:51.144579,99.2,output=T03_C50_G5000_CNVinf.h5ad
T03_C50_Gall,T03,50,all,infercnv,success,2026-02-18 11:18:25.327156,2026-02-18 11:18:25.327156,1594.13,output=T03_C50_Gall_CNVinf.h5ad
T03_C70_G1000,T03,70,1000,infercnv,success,2026-02-18 11:20:11.526408,2026-02-18 11:20:11.526408,98.35,output=T03_C70_G1000_CNVinf.h5ad
T03_C70_G10000,T03,70,10000,infercnv,success,2026-02-18 11:25:27.578677,2026-02-18 11:25:27.578677,316.0,output=T03_C70_G10000_CNVinf.h5ad
T03_C70_G15000,T03,70,15000,infercnv,success,2026-02-18 11:34:29.764916,2026-02-18 11:34:29.764916,542.11,output=T03_C70_G15000_CNVinf.h5ad
T03_C70_G20000,T03,70,20000,infercnv,success,2026-02-18 11:49:11.055431,2026-02-18 11:49:11.055431,880.4,output=T03_C70_G20000_CNVinf.h5ad
T03_C70_G500,T03,70,500,infercnv,success,2026-02-18 11:49:36.007462,2026-02-18 11:49:36.007462,24.91,output=T03_C70_G500_CNVinf.h5ad
T03_C70_G5000,T03,70,5000,infercnv,success,2026-02-18 11:51:16.543548,2026-02-18 11:51:16.543548,100.47,output=T03_C70_G5000_CNVinf.h5ad
T03_C70_Gall,T03,70,all,infercnv,success,2026-02-18 12:15:03.560110,2026-02-18 12:15:03.560110,1426.92,output=T03_C70_Gall_CNVinf.h5ad
T03_C100_G1000,T03,100,1000,infercnv,success,2026-02-18 12:15:30.228173,2026-02-18 12:15:30.228173,26.62,output=T03_C100_G1000_CNVinf.h5ad
T03_C100_G10000,T03,100,10000,infercnv,success,2026-02-18 12:19:55.153988,2026-02-18 12:19:55.153988,264.81,output=T03_C100_G10000_CNVinf.h5ad
T03_C100_G15000,T03,100,15000,infercnv,success,2026-02-18 12:28:15.764594,2026-02-18 12:28:15.764594,500.49,output=T03_C100_G15000_CNVinf.h5ad
T03_C100_G20000,T03,100,20000,infercnv,success,2026-02-18 12:43:28.128126,2026-02-18 12:43:28.128126,912.33,output=T03_C100_G20000_CNVinf.h5ad
T03_C100_G500,T03,100,500,infercnv,success,2026-02-18 12:43:49.628009,2026-02-18 12:43:49.628009,21.39,output=T03_C100_G500_CNVinf.h5ad
T03_C100_G5000,T03,100,5000,infercnv,success,2026-02-18 12:45:30.405524,2026-02-18 12:45:30.405524,100.7,output=T03_C100_G5000_CNVinf.h5ad
T03_C100_Gall,T03,100,all,infercnv,success,2026-02-18 13:09:00.047494,2026-02-18 13:09:00.047494,1409.54,output=T03_C100_Gall_CNVinf.h5ad
T04_C1_G1000,T04,1,1000,infercnv,success,2026-02-18 13:09:36.006902,2026-02-18 13:09:36.006902,35.93,output=T04_C1_G1000_CNVinf.h5ad
T04_C1_G10000,T04,1,10000,infercnv,success,2026-02-18 13:13:55.608303,2026-02-18 13:13:55.608303,259.54,output=T04_C1_G10000_CNVinf.h5ad
T04_C1_G15000,T04,1,15000,infercnv,success,2026-02-18 13:22:15.044290,2026-02-18 13:22:15.044290,499.41,output=T04_C1_G15000_CNVinf.h5ad
T04_C1_G20000,T04,1,20000,infercnv,success,2026-02-18 13:36:32.161347,2026-02-18 13:36:32.161347,857.07,output=T04_C1_G20000_CNVinf.h5ad
T04_C1_G500,T04,1,500,infercnv,success,2026-02-18 13:37:06.711906,2026-02-18 13:37:06.711906,34.51,output=T04_C1_G500_CNVinf.h5ad
T04_C1_G5000,T04,1,5000,infercnv,success,2026-02-18 13:38:52.038869,2026-02-18 13:38:52.038869,105.14,output=T04_C1_G5000_CNVinf.h5ad
T04_C1_Gall,T04,1,all,infercnv,success,2026-02-18 14:02:04.054057,2026-02-18 14:02:04.054057,1391.9,output=T04_C1_Gall_CNVinf.h5ad
T04_C2_G1000,T04,2,1000,infercnv,success,2026-02-18 14:02:43.418770,2026-02-18 14:02:43.418770,39.3,output=T04_C2_G1000_CNVinf.h5ad
T04_C2_G10000,T04,2,10000,infercnv,success,2026-02-18 14:07:04.644271,2026-02-18 14:07:04.644271,261.17,output=T04_C2_G10000_CNVinf.h5ad
T04_C2_G15000,T04,2,15000,infercnv,success,2026-02-18 14:15:41.061654,2026-02-18 14:15:41.061654,516.38,output=T04_C2_G15000_CNVinf.h5ad
T04_C2_G20000,T04,2,20000,infercnv,success,2026-02-18 14:30:13.561731,2026-02-18 14:30:13.561731,872.45,output=T04_C2_G20000_CNVinf.h5ad
T04_C2_G500,T04,2,500,infercnv,success,2026-02-18 14:30:33.131999,2026-02-18 14:30:33.131999,19.54,output=T04_C2_G500_CNVinf.h5ad
T04_C2_G5000,T04,2,5000,infercnv,success,2026-02-18 14:32:13.374861,2026-02-18 14:32:13.374861,100.2,output=T04_C2_G5000_CNVinf.h5ad
T04_C2_Gall,T04,2,all,infercnv,success,2026-02-18 14:56:12.117160,2026-02-18 14:56:12.117160,1438.7,output=T04_C2_Gall_CNVinf.h5ad
T04_C3_G1000,T04,3,1000,infercnv,success,2026-02-18 14:56:40.122130,2026-02-18 14:56:40.122130,27.94,output=T04_C3_G1000_CNVinf.h5ad
T04_C3_G10000,T04,3,10000,infercnv,success,2026-02-18 15:01:02.434119,2026-02-18 15:01:02.434119,262.25,output=T04_C3_G10000_CNVinf.h5ad
T04_C3_G15000,T04,3,15000,infercnv,success,2026-02-18 15:09:42.460438,2026-02-18 15:09:42.460438,519.96,output=T04_C3_G15000_CNVinf.h5ad
T04_C3_G20000,T04,3,20000,infercnv,success,2026-02-18 15:24:38.846151,2026-02-18 15:24:38.846151,896.32,output=T04_C3_G20000_CNVinf.h5ad
T04_C3_G500,T04,3,500,infercnv,success,2026-02-18 15:25:00.311403,2026-02-18 15:25:00.311403,21.42,output=T04_C3_G500_CNVinf.h5ad
T04_C3_G5000,T04,3,5000,infercnv,success,2026-02-18 15:26:43.921216,2026-02-18 15:26:43.921216,103.58,output=T04_C3_G5000_CNVinf.h5ad
T04_C3_Gall,T04,3,all,infercnv,success,2026-02-18 15:51:06.578981,2026-02-18 15:51:06.578981,1462.6,output=T04_C3_Gall_CNVinf.h5ad
T04_C5_G1000,T04,5,1000,infercnv,success,2026-02-18 15:51:35.061171,2026-02-18 15:51:35.061171,28.46,output=T04_C5_G1000_CNVinf.h5ad
T04_C5_G10000,T04,5,10000,infercnv,success,2026-02-18 15:56:01.650979,2026-02-18 15:56:01.650979,266.57,output=T04_C5_G10000_CNVinf.h5ad
T04_C5_G15000,T04,5,15000,infercnv,success,2026-02-18 16:04:45.913385,2026-02-18 16:04:45.913385,523.96,output=T04_C5_G15000_CNVinf.h5ad
T04_C5_G20000,T04,5,20000,infercnv,success,2026-02-18 16:19:46.440043,2026-02-18 16:19:46.440043,900.16,output=T04_C5_G20000_CNVinf.h5ad
T04_C5_G500,T04,5,500,infercnv,success,2026-02-18 16:20:12.813933,2026-02-18 16:20:12.813933,26.27,output=T04_C5_G500_CNVinf.h5ad
T04_C5_G5000,T04,5,5000,infercnv,success,2026-02-18 16:21:55.972338,2026-02-18 16:21:55.972338,103.04,output=T04_C5_G5000_CNVinf.h5ad
T02_C70_G20000,T02,70,20000,infercnv,failed,2026-02-18 17:13:26.726375,2026-02-18 17:13:26.726375,875.61,"Could not reach 4 clusters after 100 resolution adjustments (last resolution=0.5499999999999998, last_n_clusters=5)."
T04_C5_Gall,T04,5,all,infercnv,success,2026-02-18 17:37:47.514814,2026-02-18 17:37:47.514814,1460.71,output=T04_C5_Gall_CNVinf.h5ad
T04_C10_G1000,T04,10,1000,infercnv,success,2026-02-18 17:38:18.756645,2026-02-18 17:38:18.756645,31.17,output=T04_C10_G1000_CNVinf.h5ad
T04_C10_G10000,T04,10,10000,infercnv,success,2026-02-18 17:43:22.047193,2026-02-18 17:43:22.047193,303.23,output=T04_C10_G10000_CNVinf.h5ad
T04_C10_G15000,T04,10,15000,infercnv,success,2026-02-18 17:52:08.220321,2026-02-18 17:52:08.220321,526.14,output=T04_C10_G15000_CNVinf.h5ad
T04_C10_G20000,T04,10,20000,infercnv,success,2026-02-18 18:07:34.011886,2026-02-18 18:07:34.011886,925.71,output=T04_C10_G20000_CNVinf.h5ad
T04_C10_G500,T04,10,500,infercnv,success,2026-02-18 18:07:56.914069,2026-02-18 18:07:56.914069,22.79,output=T04_C10_G500_CNVinf.h5ad
T04_C10_G5000,T04,10,5000,infercnv,failed,2026-02-18 18:10:22.368739,2026-02-18 18:10:22.368739,145.37,"Could not reach 4 clusters after 100 resolution adjustments (last resolution=0.7, last_n_clusters=3)."
T04_C10_Gall,T04,10,all,infercnv,success,2026-02-18 18:35:33.823347,2026-02-18 18:35:33.823347,1511.33,output=T04_C10_Gall_CNVinf.h5ad
T04_C20_G1000,T04,20,1000,infercnv,success,2026-02-18 18:36:01.610445,2026-02-18 18:36:01.610445,27.65,output=T04_C20_G1000_CNVinf.h5ad
T04_C20_G10000,T04,20,10000,infercnv,success,2026-02-18 18:40:15.531640,2026-02-18 18:40:15.531640,253.87,output=T04_C20_G10000_CNVinf.h5ad
T04_C20_G15000,T04,20,15000,infercnv,success,2026-02-18 18:48:18.888674,2026-02-18 18:48:18.888674,483.32,output=T04_C20_G15000_CNVinf.h5ad
T04_C20_G20000,T04,20,20000,infercnv,success,2026-02-18 19:02:15.912080,2026-02-18 19:02:15.912080,836.96,output=T04_C20_G20000_CNVinf.h5ad
T04_C20_G500,T04,20,500,infercnv,success,2026-02-18 19:02:35.302192,2026-02-18 19:02:35.302192,19.26,output=T04_C20_G500_CNVinf.h5ad
T04_C20_G5000,T04,20,5000,infercnv,success,2026-02-18 19:04:09.329031,2026-02-18 19:04:09.329031,93.96,output=T04_C20_G5000_CNVinf.h5ad
T04_C20_Gall,T04,20,all,infercnv,success,2026-02-18 19:28:12.266230,2026-02-18 19:28:12.266230,1442.82,output=T04_C20_Gall_CNVinf.h5ad
T04_C50_G1000,T04,50,1000,infercnv,success,2026-02-18 19:28:36.416800,2026-02-18 19:28:36.416800,24.09,output=T04_C50_G1000_CNVinf.h5ad
T04_C50_G10000,T04,50,10000,infercnv,success,2026-02-18 19:32:39.048769,2026-02-18 19:32:39.048769,242.58,output=T04_C50_G10000_CNVinf.h5ad
T04_C50_G15000,T04,50,15000,infercnv,success,2026-02-18 19:40:41.235505,2026-02-18 19:40:41.235505,482.11,output=T04_C50_G15000_CNVinf.h5ad
T04_C50_G20000,T04,50,20000,infercnv,success,2026-02-18 19:54:54.984989,2026-02-18 19:54:54.984989,853.71,output=T04_C50_G20000_CNVinf.h5ad
T04_C50_G500,T04,50,500,infercnv,success,2026-02-18 19:55:13.344902,2026-02-18 19:55:13.344902,18.33,output=T04_C50_G500_CNVinf.h5ad
T04_C50_G5000,T04,50,5000,infercnv,success,2026-02-18 19:56:47.904788,2026-02-18 19:56:47.904788,94.51,output=T04_C50_G5000_CNVinf.h5ad
T04_C50_Gall,T04,50,all,infercnv,success,2026-02-18 20:19:09.283196,2026-02-18 20:19:09.283196,1341.31,output=T04_C50_Gall_CNVinf.h5ad
T04_C70_G1000,T04,70,1000,infercnv,success,2026-02-18 20:19:34.614697,2026-02-18 20:19:34.614697,25.25,output=T04_C70_G1000_CNVinf.h5ad
T04_C70_G10000,T04,70,10000,infercnv,success,2026-02-18 20:23:36.596377,2026-02-18 20:23:36.596377,241.92,output=T04_C70_G10000_CNVinf.h5ad
T04_C70_G15000,T04,70,15000,infercnv,success,2026-02-18 20:31:45.672078,2026-02-18 20:31:45.672078,489.02,output=T04_C70_G15000_CNVinf.h5ad
T04_C70_G20000,T04,70,20000,infercnv,success,2026-02-18 20:45:42.144790,2026-02-18 20:45:42.144790,836.44,output=T04_C70_G20000_CNVinf.h5ad
T04_C70_G500,T04,70,500,infercnv,success,2026-02-18 20:46:00.303810,2026-02-18 20:46:00.303810,18.1,output=T04_C70_G500_CNVinf.h5ad
T04_C70_G5000,T04,70,5000,infercnv,success,2026-02-18 20:47:33.715469,2026-02-18 20:47:33.715469,93.36,output=T04_C70_G5000_CNVinf.h5ad
T04_C70_Gall,T04,70,all,infercnv,success,2026-02-18 21:09:58.014337,2026-02-18 21:09:58.014337,1344.25,output=T04_C70_Gall_CNVinf.h5ad
T04_C100_G1000,T04,100,1000,infercnv,success,2026-02-18 21:10:22.840651,2026-02-18 21:10:22.840651,24.72,output=T04_C100_G1000_CNVinf.h5ad
T04_C100_G10000,T04,100,10000,infercnv,success,2026-02-18 21:14:28.350222,2026-02-18 21:14:28.350222,245.46,output=T04_C100_G10000_CNVinf.h5ad
T04_C100_G15000,T04,100,15000,infercnv,success,2026-02-18 21:22:22.490015,2026-02-18 21:22:22.490015,474.11,output=T04_C100_G15000_CNVinf.h5ad
T04_C100_G20000,T04,100,20000,infercnv,success,2026-02-18 21:36:06.196937,2026-02-18 21:36:06.196937,823.59,output=T04_C100_G20000_CNVinf.h5ad
T04_C100_G500,T04,100,500,infercnv,success,2026-02-18 21:36:26.427989,2026-02-18 21:36:26.427989,20.11,output=T04_C100_G500_CNVinf.h5ad
T04_C100_G5000,T04,100,5000,infercnv,success,2026-02-18 21:38:00.563078,2026-02-18 21:38:00.563078,94.01,output=T04_C100_G5000_CNVinf.h5ad
T04_C100_Gall,T04,100,all,infercnv,success,2026-02-18 22:03:16.225148,2026-02-18 22:03:16.225148,1515.46,output=T04_C100_Gall_CNVinf.h5ad
T05_C1_G1000,T05,1,1000,infercnv,success,2026-02-18 22:03:50.959338,2026-02-18 22:03:50.959338,34.6,output=T05_C1_G1000_CNVinf.h5ad
T05_C1_G10000,T05,1,10000,infercnv,success,2026-02-18 22:07:50.517122,2026-02-18 22:07:50.517122,239.5,output=T05_C1_G10000_CNVinf.h5ad
T05_C1_G15000,T05,1,15000,infercnv,success,2026-02-18 22:15:37.369632,2026-02-18 22:15:37.369632,466.77,output=T05_C1_G15000_CNVinf.h5ad
T05_C1_G20000,T05,1,20000,infercnv,success,2026-02-18 22:29:54.666189,2026-02-18 22:29:54.666189,857.22,output=T05_C1_G20000_CNVinf.h5ad
T05_C1_G500,T05,1,500,infercnv,success,2026-02-18 22:30:20.595565,2026-02-18 22:30:20.595565,25.82,output=T05_C1_G500_CNVinf.h5ad
T05_C1_G5000,T05,1,5000,infercnv,success,2026-02-18 22:31:58.792669,2026-02-18 22:31:58.792669,98.13,output=T05_C1_G5000_CNVinf.h5ad
T05_C1_Gall,T05,1,all,infercnv,success,2026-02-18 22:55:53.511008,2026-02-18 22:55:53.511008,1434.63,output=T05_C1_Gall_CNVinf.h5ad
T05_C2_G1000,T05,2,1000,infercnv,success,2026-02-18 22:56:20.757368,2026-02-18 22:56:20.757368,27.16,output=T05_C2_G1000_CNVinf.h5ad
T05_C2_G10000,T05,2,10000,infercnv,success,2026-02-18 23:00:23.438043,2026-02-18 23:00:23.438043,242.6,output=T05_C2_G10000_CNVinf.h5ad
T05_C2_G15000,T05,2,15000,infercnv,success,2026-02-18 23:08:59.466036,2026-02-18 23:08:59.466036,515.89,output=T05_C2_G15000_CNVinf.h5ad
T05_C2_G20000,T05,2,20000,infercnv,success,2026-02-18 23:24:57.828608,2026-02-18 23:24:57.828608,957.54,output=T05_C2_G20000_CNVinf.h5ad
T05_C2_G500,T05,2,500,infercnv,success,2026-02-18 23:25:20.582299,2026-02-18 23:25:20.582299,22.59,output=T05_C2_G500_CNVinf.h5ad
T05_C2_G5000,T05,2,5000,infercnv,success,2026-02-18 23:26:56.912839,2026-02-18 23:26:56.912839,96.25,output=T05_C2_G5000_CNVinf.h5ad
T05_C2_Gall,T05,2,all,infercnv,success,2026-02-18 23:50:21.194719,2026-02-18 23:50:21.194719,1404.15,output=T05_C2_Gall_CNVinf.h5ad
T05_C3_G1000,T05,3,1000,infercnv,success,2026-02-18 23:50:55.892752,2026-02-18 23:50:55.892752,34.57,output=T05_C3_G1000_CNVinf.h5ad
T05_C3_G10000,T05,3,10000,infercnv,success,2026-02-18 23:55:07.268663,2026-02-18 23:55:07.268663,251.27,output=T05_C3_G10000_CNVinf.h5ad
T05_C3_G15000,T05,3,15000,infercnv,success,2026-02-19 00:03:43.529053,2026-02-19 00:03:43.529053,516.09,output=T05_C3_G15000_CNVinf.h5ad
T05_C3_G20000,T05,3,20000,infercnv,success,2026-02-19 00:19:17.060448,2026-02-19 00:19:17.060448,925.11,output=T05_C3_G20000_CNVinf.h5ad
T05_C3_G500,T05,3,500,infercnv,success,2026-02-19 00:19:40.002696,2026-02-19 00:19:40.002696,22.88,output=T05_C3_G500_CNVinf.h5ad
T05_C3_G5000,T05,3,5000,infercnv,success,2026-02-19 00:21:12.042411,2026-02-19 00:21:12.042411,91.98,output=T05_C3_G5000_CNVinf.h5ad
T05_C3_Gall,T05,3,all,infercnv,success,2026-02-19 00:43:55.868146,2026-02-19 00:43:55.868146,1363.73,output=T05_C3_Gall_CNVinf.h5ad
T05_C5_G1000,T05,5,1000,infercnv,success,2026-02-19 00:44:34.669982,2026-02-19 00:44:34.669982,38.68,output=T05_C5_G1000_CNVinf.h5ad
T05_C5_G10000,T05,5,10000,infercnv,success,2026-02-19 00:48:37.659534,2026-02-19 00:48:37.659534,242.89,output=T05_C5_G10000_CNVinf.h5ad
T05_C5_G15000,T05,5,15000,infercnv,success,2026-02-19 00:56:26.856104,2026-02-19 00:56:26.856104,469.11,output=T05_C5_G15000_CNVinf.h5ad
T05_C5_G20000,T05,5,20000,infercnv,success,2026-02-19 01:10:45.773947,2026-02-19 01:10:45.773947,858.84,output=T05_C5_G20000_CNVinf.h5ad
T05_C5_G500,T05,5,500,infercnv,success,2026-02-19 01:11:04.976918,2026-02-19 01:11:04.976918,19.11,output=T05_C5_G500_CNVinf.h5ad
T05_C5_G5000,T05,5,5000,infercnv,success,2026-02-19 01:12:53.152336,2026-02-19 01:12:53.152336,108.09,output=T05_C5_G5000_CNVinf.h5ad
T05_C5_Gall,T05,5,all,infercnv,success,2026-02-19 01:37:52.569767,2026-02-19 01:37:52.569767,1499.31,output=T05_C5_Gall_CNVinf.h5ad
T05_C10_G1000,T05,10,1000,infercnv,success,2026-02-19 01:38:22.087727,2026-02-19 01:38:22.087727,29.43,output=T05_C10_G1000_CNVinf.h5ad
T05_C10_G10000,T05,10,10000,infercnv,success,2026-02-19 01:42:24.910375,2026-02-19 01:42:24.910375,242.77,output=T05_C10_G10000_CNVinf.h5ad
T05_C10_G15000,T05,10,15000,infercnv,success,2026-02-19 01:50:31.604061,2026-02-19 01:50:31.604061,486.62,output=T05_C10_G15000_CNVinf.h5ad
T05_C10_G20000,T05,10,20000,infercnv,success,2026-02-19 02:05:22.831260,2026-02-19 02:05:22.831260,891.17,output=T05_C10_G20000_CNVinf.h5ad
T05_C10_G500,T05,10,500,infercnv,success,2026-02-19 02:05:53.295423,2026-02-19 02:05:53.295423,30.42,output=T05_C10_G500_CNVinf.h5ad
T05_C10_G5000,T05,10,5000,infercnv,success,2026-02-19 02:07:33.897773,2026-02-19 02:07:33.897773,100.54,output=T05_C10_G5000_CNVinf.h5ad
T05_C10_Gall,T05,10,all,infercnv,success,2026-02-19 02:31:13.956377,2026-02-19 02:31:13.956377,1419.98,output=T05_C10_Gall_CNVinf.h5ad
T05_C20_G1000,T05,20,1000,infercnv,success,2026-02-19 02:31:42.327974,2026-02-19 02:31:42.327974,28.18,output=T05_C20_G1000_CNVinf.h5ad
T05_C20_G10000,T05,20,10000,infercnv,success,2026-02-19 02:36:09.454438,2026-02-19 02:36:09.454438,267.0,output=T05_C20_G10000_CNVinf.h5ad
T05_C20_G15000,T05,20,15000,infercnv,success,2026-02-19 02:44:43.957032,2026-02-19 02:44:43.957032,514.44,output=T05_C20_G15000_CNVinf.h5ad
T05_C20_G20000,T05,20,20000,infercnv,success,2026-02-19 02:59:46.299511,2026-02-19 02:59:46.299511,901.99,output=T05_C20_G20000_CNVinf.h5ad
T05_C20_G500,T05,20,500,infercnv,success,2026-02-19 03:00:14.087612,2026-02-19 03:00:14.087612,27.56,output=T05_C20_G500_CNVinf.h5ad
T05_C20_G5000,T05,20,5000,infercnv,success,2026-02-19 03:01:52.866601,2026-02-19 03:01:52.866601,98.66,output=T05_C20_G5000_CNVinf.h5ad
T05_C20_Gall,T05,20,all,infercnv,success,2026-02-19 03:25:13.174204,2026-02-19 03:25:13.174204,1400.06,output=T05_C20_Gall_CNVinf.h5ad
T05_C50_G1000,T05,50,1000,infercnv,success,2026-02-19 03:25:41.023733,2026-02-19 03:25:41.023733,27.66,output=T05_C50_G1000_CNVinf.h5ad
T05_C50_G10000,T05,50,10000,infercnv,success,2026-02-19 03:29:59.389828,2026-02-19 03:29:59.389828,258.22,output=T05_C50_G10000_CNVinf.h5ad
T05_C50_G15000,T05,50,15000,infercnv,success,2026-02-19 03:38:28.118568,2026-02-19 03:38:28.118568,508.56,output=T05_C50_G15000_CNVinf.h5ad
T05_C50_G20000,T05,50,20000,infercnv,success,2026-02-19 03:53:16.966434,2026-02-19 03:53:16.966434,888.72,output=T05_C50_G20000_CNVinf.h5ad
T05_C50_G500,T05,50,500,infercnv,success,2026-02-19 03:53:41.301866,2026-02-19 03:53:41.301866,24.11,output=T05_C50_G500_CNVinf.h5ad
T05_C50_G5000,T05,50,5000,infercnv,success,2026-02-19 03:55:19.878642,2026-02-19 03:55:19.878642,98.52,output=T05_C50_G5000_CNVinf.h5ad
T05_C50_Gall,T05,50,all,infercnv,success,2026-02-19 04:19:37.247402,2026-02-19 04:19:37.247402,1457.33,output=T05_C50_Gall_CNVinf.h5ad
T05_C70_G1000,T05,70,1000,infercnv,success,2026-02-19 04:20:07.723806,2026-02-19 04:20:07.723806,30.38,output=T05_C70_G1000_CNVinf.h5ad
T05_C70_G10000,T05,70,10000,infercnv,success,2026-02-19 04:24:40.920719,2026-02-19 04:24:40.920719,272.97,output=T05_C70_G10000_CNVinf.h5ad
T05_C70_G15000,T05,70,15000,infercnv,success,2026-02-19 04:32:59.477383,2026-02-19 04:32:59.477383,498.48,output=T05_C70_G15000_CNVinf.h5ad
T05_C70_G20000,T05,70,20000,infercnv,success,2026-02-19 04:47:37.087030,2026-02-19 04:47:37.087030,877.48,output=T05_C70_G20000_CNVinf.h5ad
T05_C70_G500,T05,70,500,infercnv,success,2026-02-19 04:48:00.790606,2026-02-19 04:48:00.790606,23.59,output=T05_C70_G500_CNVinf.h5ad
T05_C70_G5000,T05,70,5000,infercnv,success,2026-02-19 04:49:39.632747,2026-02-19 04:49:39.632747,98.76,output=T05_C70_G5000_CNVinf.h5ad
T05_C70_Gall,T05,70,all,infercnv,success,2026-02-19 05:14:10.854443,2026-02-19 05:14:10.854443,1470.89,output=T05_C70_Gall_CNVinf.h5ad
T05_C100_G1000,T05,100,1000,infercnv,success,2026-02-19 05:14:37.906141,2026-02-19 05:14:37.906141,26.94,output=T05_C100_G1000_CNVinf.h5ad
T05_C100_G10000,T05,100,10000,infercnv,success,2026-02-19 05:19:00.733843,2026-02-19 05:19:00.733843,262.64,output=T05_C100_G10000_CNVinf.h5ad
T05_C100_G15000,T05,100,15000,infercnv,success,2026-02-19 05:27:36.435069,2026-02-19 05:27:36.435069,515.64,output=T05_C100_G15000_CNVinf.h5ad
T05_C100_G20000,T05,100,20000,infercnv,success,2026-02-19 05:43:16.087991,2026-02-19 05:43:16.087991,939.54,output=T05_C100_G20000_CNVinf.h5ad
T05_C100_G500,T05,100,500,infercnv,success,2026-02-19 05:43:41.015384,2026-02-19 05:43:41.015384,24.65,output=T05_C100_G500_CNVinf.h5ad
T05_C100_G5000,T05,100,5000,infercnv,success,2026-02-19 05:45:25.210310,2026-02-19 05:45:25.210310,104.17,output=T05_C100_G5000_CNVinf.h5ad
T05_C100_Gall,T05,100,all,infercnv,success,2026-02-19 06:09:43.335841,2026-02-19 06:09:43.335841,1458.05,output=T05_C100_Gall_CNVinf.h5ad
T06_C1_G1000,T06,1,1000,infercnv,success,2026-02-19 06:10:21.776037,2026-02-19 06:10:21.776037,38.33,output=T06_C1_G1000_CNVinf.h5ad
T06_C1_G10000,T06,1,10000,infercnv,success,2026-02-19 06:14:50.820347,2026-02-19 06:14:50.820347,268.96,output=T06_C1_G10000_CNVinf.h5ad
T06_C1_G15000,T06,1,15000,infercnv,success,2026-02-19 06:23:38.230683,2026-02-19 06:23:38.230683,527.31,output=T06_C1_G15000_CNVinf.h5ad
T06_C1_G20000,T06,1,20000,infercnv,success,2026-02-19 06:38:36.503861,2026-02-19 06:38:36.503861,898.13,output=T06_C1_G20000_CNVinf.h5ad
T06_C1_G500,T06,1,500,infercnv,success,2026-02-19 06:39:15.737259,2026-02-19 06:39:15.737259,38.93,output=T06_C1_G500_CNVinf.h5ad
T06_C1_G5000,T06,1,5000,infercnv,success,2026-02-19 06:40:59.067436,2026-02-19 06:40:59.067436,103.06,output=T06_C1_G5000_CNVinf.h5ad
T06_C1_Gall,T06,1,all,infercnv,success,2026-02-19 07:04:26.562938,2026-02-19 07:04:26.562938,1407.44,output=T06_C1_Gall_CNVinf.h5ad
T06_C2_G1000,T06,2,1000,infercnv,success,2026-02-19 07:05:11.035861,2026-02-19 07:05:11.035861,44.43,output=T06_C2_G1000_CNVinf.h5ad
T06_C2_G10000,T06,2,10000,infercnv,success,2026-02-19 07:09:38.383660,2026-02-19 07:09:38.383660,267.32,output=T06_C2_G10000_CNVinf.h5ad
T06_C2_G15000,T06,2,15000,infercnv,success,2026-02-19 07:17:55.567854,2026-02-19 07:17:55.567854,497.14,output=T06_C2_G15000_CNVinf.h5ad
T06_C2_G20000,T06,2,20000,infercnv,success,2026-02-19 07:32:28.404920,2026-02-19 07:32:28.404920,872.81,output=T06_C2_G20000_CNVinf.h5ad
T06_C2_G500,T06,2,500,infercnv,success,2026-02-19 07:33:06.072137,2026-02-19 07:33:06.072137,37.63,output=T06_C2_G500_CNVinf.h5ad
T06_C2_G5000,T06,2,5000,infercnv,success,2026-02-19 07:34:42.070200,2026-02-19 07:34:42.070200,95.97,output=T06_C2_G5000_CNVinf.h5ad
T06_C2_Gall,T06,2,all,infercnv,success,2026-02-19 07:58:38.666919,2026-02-19 07:58:38.666919,1436.45,output=T06_C2_Gall_CNVinf.h5ad
T06_C3_G1000,T06,3,1000,infercnv,success,2026-02-19 07:59:15.379555,2026-02-19 07:59:15.379555,36.69,output=T06_C3_G1000_CNVinf.h5ad
T06_C3_G10000,T06,3,10000,infercnv,success,2026-02-19 08:03:35.566131,2026-02-19 08:03:35.566131,260.15,output=T06_C3_G10000_CNVinf.h5ad
T06_C3_G15000,T06,3,15000,infercnv,success,2026-02-19 08:11:56.137151,2026-02-19 08:11:56.137151,500.53,output=T06_C3_G15000_CNVinf.h5ad
T06_C3_G20000,T06,3,20000,infercnv,success,2026-02-19 08:26:36.177230,2026-02-19 08:26:36.177230,879.98,output=T06_C3_G20000_CNVinf.h5ad
T06_C3_G500,T06,3,500,infercnv,success,2026-02-19 08:26:58.682700,2026-02-19 08:26:58.682700,22.42,output=T06_C3_G500_CNVinf.h5ad
T06_C3_G5000,T06,3,5000,infercnv,success,2026-02-19 08:28:41.398471,2026-02-19 08:28:41.398471,102.63,output=T06_C3_G5000_CNVinf.h5ad
T06_C3_Gall,T06,3,all,infercnv,success,2026-02-19 08:53:21.712329,2026-02-19 08:53:21.712329,1480.21,output=T06_C3_Gall_CNVinf.h5ad
T06_C5_G1000,T06,5,1000,infercnv,success,2026-02-19 08:53:49.396296,2026-02-19 08:53:49.396296,27.63,output=T06_C5_G1000_CNVinf.h5ad
T06_C5_G10000,T06,5,10000,infercnv,success,2026-02-19 08:58:49.204248,2026-02-19 08:58:49.204248,299.76,output=T06_C5_G10000_CNVinf.h5ad
T06_C5_G15000,T06,5,15000,infercnv,success,2026-02-19 09:09:54.039527,2026-02-19 09:09:54.039527,664.73,output=T06_C5_G15000_CNVinf.h5ad
T02_C70_G20000,T02,70,20000,infercnv,failed,2026-02-19 09:22:53.298747,2026-02-19 09:22:53.298747,1088.23,"Could not reach 4 clusters after 100 resolution adjustments (last resolution=0.5499999999999998, last_n_clusters=5)."
T04_C10_G5000,T04,10,5000,infercnv,failed,2026-02-19 09:25:44.944213,2026-02-19 09:25:44.944213,171.46,"Could not reach 4 clusters after 100 resolution adjustments (last resolution=0.7, last_n_clusters=3)."
T06_C5_G15000,T06,5,15000,infercnv,success,2026-02-19 09:25:45.102385,2026-02-19 09:25:45.102385,0.0,already exists
T06_C5_G20000,T06,5,20000,infercnv,success,2026-02-19 09:30:14.099246,2026-02-19 09:30:14.099246,1219.95,output=T06_C5_G20000_CNVinf.h5ad
T06_C5_G500,T06,5,500,infercnv,success,2026-02-19 09:30:42.372391,2026-02-19 09:30:42.372391,28.21,output=T06_C5_G500_CNVinf.h5ad
T06_C5_G5000,T06,5,5000,infercnv,success,2026-02-19 09:32:43.963782,2026-02-19 09:32:43.963782,121.54,output=T06_C5_G5000_CNVinf.h5ad
T06_C5_G20000,T06,5,20000,infercnv,success,2026-02-19 09:44:39.752481,2026-02-19 09:44:39.752481,1134.61,output=T06_C5_G20000_CNVinf.h5ad
T06_C5_G500,T06,5,500,infercnv,success,2026-02-19 09:44:40.056799,2026-02-19 09:44:40.056799,0.0,already exists
T06_C5_G5000,T06,5,5000,infercnv,success,2026-02-19 09:44:40.268965,2026-02-19 09:44:40.268965,0.0,already exists
T06_C5_Gall,T06,5,all,infercnv,success,2026-02-19 10:03:53.805913,2026-02-19 10:03:53.805913,1869.8,output=T06_C5_Gall_CNVinf.h5ad
T06_C10_G1000,T06,10,1000,infercnv,failed,2026-02-19 10:05:21.056079,2026-02-19 10:05:21.056079,87.09,"Could not reach 4 clusters after 100 resolution adjustments (last resolution=0.5499999999999998, last_n_clusters=3)."
T06_C10_G10000,T06,10,10000,infercnv,success,2026-02-19 10:11:14.759445,2026-02-19 10:11:14.759445,353.64,output=T06_C10_G10000_CNVinf.h5ad
T06_C5_Gall,T06,5,all,infercnv,success,2026-02-19 10:13:58.109001,2026-02-19 10:13:58.109001,1757.8,output=T06_C5_Gall_CNVinf.h5ad
T06_C10_G1000,T06,10,1000,infercnv,failed,2026-02-19 10:15:23.420416,2026-02-19 10:15:23.420416,85.2,"Could not reach 4 clusters after 100 resolution adjustments (last resolution=0.5499999999999998, last_n_clusters=3)."
T06_C10_G10000,T06,10,10000,infercnv,success,2026-02-19 10:15:23.597889,2026-02-19 10:15:23.597889,0.0,already exists
T06_C10_G15000,T06,10,15000,infercnv,success,2026-02-19 10:22:39.977530,2026-02-19 10:22:39.977530,685.05,output=T06_C10_G15000_CNVinf.h5ad
T06_C10_G15000,T06,10,15000,infercnv,success,2026-02-19 10:26:17.890289,2026-02-19 10:26:17.890289,654.24,output=T06_C10_G15000_CNVinf.h5ad
T06_C10_G20000,T06,10,20000,infercnv,success,2026-02-19 10:42:26.657498,2026-02-19 10:42:26.657498,1186.55,output=T06_C10_G20000_CNVinf.h5ad
T06_C10_G500,T06,10,500,infercnv,success,2026-02-19 10:43:04.097617,2026-02-19 10:43:04.097617,37.39,output=T06_C10_G500_CNVinf.h5ad
T06_C10_G20000,T06,10,20000,infercnv,success,2026-02-19 10:44:55.699398,2026-02-19 10:44:55.699398,1117.7,output=T06_C10_G20000_CNVinf.h5ad
T06_C10_G500,T06,10,500,infercnv,success,2026-02-19 10:44:55.767532,2026-02-19 10:44:55.767532,0.0,already exists
T06_C10_G5000,T06,10,5000,infercnv,success,2026-02-19 10:45:22.425526,2026-02-19 10:45:22.425526,138.17,output=T06_C10_G5000_CNVinf.h5ad
T06_C10_G5000,T06,10,5000,infercnv,success,2026-02-19 10:47:07.384858,2026-02-19 10:47:07.384858,131.59,output=T06_C10_G5000_CNVinf.h5ad
T06_C10_Gall,T06,10,all,infercnv,success,2026-02-19 11:16:10.267372,2026-02-19 11:16:10.267372,1847.77,output=T06_C10_Gall_CNVinf.h5ad
T06_C20_G1000,T06,20,1000,infercnv,success,2026-02-19 11:16:57.661654,2026-02-19 11:16:57.661654,47.15,output=T06_C20_G1000_CNVinf.h5ad
T06_C10_Gall,T06,10,all,infercnv,success,2026-02-19 11:20:10.086282,2026-02-19 11:20:10.086282,1982.63,output=T06_C10_Gall_CNVinf.h5ad
T06_C20_G1000,T06,20,1000,infercnv,success,2026-02-19 11:20:10.291969,2026-02-19 11:20:10.291969,0.0,already exists
T06_C20_G10000,T06,20,10000,infercnv,success,2026-02-19 11:22:25.481588,2026-02-19 11:22:25.481588,327.67,output=T06_C20_G10000_CNVinf.h5ad
T06_C20_G15000,T06,20,15000,infercnv,failed,2026-02-19 11:22:28.664141,2026-02-19 11:22:28.664141,3.13,Can't synchronously read data (filter returned failure during read)
T06_C20_G10000,T06,20,10000,infercnv,success,2026-02-19 11:25:58.278757,2026-02-19 11:25:58.278757,347.93,output=T06_C20_G10000_CNVinf.h5ad
T06_C20_G15000,T06,20,15000,infercnv,failed,2026-02-19 11:26:02.660972,2026-02-19 11:26:02.660972,4.34,Can't synchronously read data (filter returned failure during read)
T06_C20_G20000,T06,20,20000,infercnv,success,2026-02-19 11:43:00.385933,2026-02-19 11:43:00.385933,1231.66,output=T06_C20_G20000_CNVinf.h5ad
T06_C20_G500,T06,20,500,infercnv,success,2026-02-19 11:43:28.193133,2026-02-19 11:43:28.193133,27.73,output=T06_C20_G500_CNVinf.h5ad
T06_C20_G5000,T06,20,5000,infercnv,success,2026-02-19 11:45:40.093196,2026-02-19 11:45:40.093196,131.7,output=T06_C20_G5000_CNVinf.h5ad
T06_C20_G20000,T06,20,20000,infercnv,success,2026-02-19 11:46:35.406085,2026-02-19 11:46:35.406085,1232.7,output=T06_C20_G20000_CNVinf.h5ad
T06_C20_G500,T06,20,500,infercnv,success,2026-02-19 11:46:35.556047,2026-02-19 11:46:35.556047,0.0,already exists
T06_C20_G5000,T06,20,5000,infercnv,success,2026-02-19 11:46:35.635012,2026-02-19 11:46:35.635012,0.0,already exists
T06_C20_Gall,T06,20,all,infercnv,success,2026-02-19 12:18:46.802048,2026-02-19 12:18:46.802048,1986.52,output=T06_C20_Gall_CNVinf.h5ad
T06_C20_Gall,T06,20,all,infercnv,success,2026-02-19 12:19:23.814488,2026-02-19 12:19:23.814488,1968.12,output=T06_C20_Gall_CNVinf.h5ad
T06_C50_G1000,T06,50,1000,infercnv,success,2026-02-19 12:19:35.408727,2026-02-19 12:19:35.408727,48.51,output=T06_C50_G1000_CNVinf.h5ad
T06_C50_G1000,T06,50,1000,infercnv,success,2026-02-19 12:20:15.096430,2026-02-19 12:20:15.096430,51.21,output=T06_C50_G1000_CNVinf.h5ad
T06_C50_G10000,T06,50,10000,infercnv,success,2026-02-19 12:26:36.472327,2026-02-19 12:26:36.472327,381.26,output=T06_C50_G10000_CNVinf.h5ad
T06_C50_G10000,T06,50,10000,infercnv,success,2026-02-19 12:26:47.560056,2026-02-19 12:26:47.560056,432.09,output=T06_C50_G10000_CNVinf.h5ad
T06_C50_G15000,T06,50,15000,infercnv,success,2026-02-19 12:39:39.248987,2026-02-19 12:39:39.248987,782.65,output=T06_C50_G15000_CNVinf.h5ad
T06_C50_G15000,T06,50,15000,infercnv,success,2026-02-19 12:40:27.446591,2026-02-19 12:40:27.446591,819.81,output=T06_C50_G15000_CNVinf.h5ad
T06_C50_G20000,T06,50,20000,infercnv,failed,2026-02-19 13:01:24.149285,2026-02-19 13:01:24.149285,1256.62,"[Errno 11] Unable to synchronously create file (unable to lock file, errno = 11, error message = 'Resource temporarily unavailable')"
T06_C50_G20000,T06,50,20000,infercnv,failed,2026-02-19 13:01:24.870817,2026-02-19 13:01:24.870817,1305.5,"[Errno 13] Can't synchronously write data (file write failed: time = Thu Feb 19 13:01:24 2026
, filename = '/home/augusta/storage3/augusta/insituCNV/InSituCNV/Evaluate_technical_constrains/data/runs/T06_C50_G20000_CNVinf.h5ad', file descriptor = 79, errno = 13, error message = 'Permission denied', buf = 0x56418e3bf4a0, total write size = 18286, bytes this sub-write = 18286, offset = 104458749)"
T06_C50_G500,T06,50,500,infercnv,success,2026-02-19 13:01:49.249868,2026-02-19 13:01:49.249868,24.34,output=T06_C50_G500_CNVinf.h5ad
T06_C50_G500,T06,50,500,infercnv,success,2026-02-19 13:01:55.158223,2026-02-19 13:01:55.158223,30.91,output=T06_C50_G500_CNVinf.h5ad
T06_C50_G5000,T06,50,5000,infercnv,success,2026-02-19 13:03:53.724934,2026-02-19 13:03:53.724934,124.33,output=T06_C50_G5000_CNVinf.h5ad
T06_C50_G5000,T06,50,5000,infercnv,success,2026-02-19 13:04:12.194079,2026-02-19 13:04:12.194079,136.97,output=T06_C50_G5000_CNVinf.h5ad
T06_C50_Gall,T06,50,all,infercnv,failed,2026-02-19 13:36:55.609692,2026-02-19 13:36:55.609692,1981.84,Unable to synchronously open file (file signature not found)
T06_C70_G1000,T06,70,1000,infercnv,success,2026-02-19 13:37:31.965517,2026-02-19 13:37:31.965517,36.23,output=T06_C70_G1000_CNVinf.h5ad
T06_C50_Gall,T06,50,all,infercnv,success,2026-02-19 13:37:38.102250,2026-02-19 13:37:38.102250,2005.81,output=T06_C50_Gall_CNVinf.h5ad
T06_C70_G1000,T06,70,1000,infercnv,success,2026-02-19 13:37:38.272338,2026-02-19 13:37:38.272338,0.0,already exists
T06_C70_G10000,T06,70,10000,infercnv,success,2026-02-19 13:42:58.120130,2026-02-19 13:42:58.120130,326.1,output=T06_C70_G10000_CNVinf.h5ad
T06_C70_G10000,T06,70,10000,infercnv,success,2026-02-19 13:43:22.073051,2026-02-19 13:43:22.073051,343.73,output=T06_C70_G10000_CNVinf.h5ad
T06_C70_G15000,T06,70,15000,infercnv,success,2026-02-19 13:53:41.406124,2026-02-19 13:53:41.406124,643.23,output=T06_C70_G15000_CNVinf.h5ad
T06_C70_G15000,T06,70,15000,infercnv,success,2026-02-19 13:55:05.227513,2026-02-19 13:55:05.227513,703.05,output=T06_C70_G15000_CNVinf.h5ad
T06_C70_G20000,T06,70,20000,infercnv,success,2026-02-19 14:11:47.905963,2026-02-19 14:11:47.905963,1086.4,output=T06_C70_G20000_CNVinf.h5ad
T06_C70_G500,T06,70,500,infercnv,success,2026-02-19 14:12:16.763701,2026-02-19 14:12:16.763701,28.77,output=T06_C70_G500_CNVinf.h5ad
T06_C70_G20000,T06,70,20000,infercnv,success,2026-02-19 14:14:35.177126,2026-02-19 14:14:35.177126,1169.82,output=T06_C70_G20000_CNVinf.h5ad
T06_C70_G500,T06,70,500,infercnv,success,2026-02-19 14:14:35.292845,2026-02-19 14:14:35.292845,0.0,already exists
T06_C70_G5000,T06,70,5000,infercnv,success,2026-02-19 14:14:35.354546,2026-02-19 14:14:35.354546,0.0,already exists
T06_C70_G5000,T06,70,5000,infercnv,success,2026-02-19 14:14:45.731622,2026-02-19 14:14:45.731622,148.89,output=T06_C70_G5000_CNVinf.h5ad
T06_C70_Gall,T06,70,all,infercnv,failed,2026-02-19 14:16:30.180518,2026-02-19 14:16:30.180518,114.79,A process in the process pool was terminated abruptly while the future was running or pending.
T06_C100_G1000,T06,100,1000,infercnv,success,2026-02-19 14:17:16.477984,2026-02-19 14:17:16.477984,46.14,output=T06_C100_G1000_CNVinf.h5ad
T06_C100_G10000,T06,100,10000,infercnv,success,2026-02-19 14:22:56.025945,2026-02-19 14:22:56.025945,339.42,output=T06_C100_G10000_CNVinf.h5ad
T06_C100_G15000,T06,100,15000,infercnv,success,2026-02-19 14:33:21.671378,2026-02-19 14:33:21.671378,625.55,output=T06_C100_G15000_CNVinf.h5ad
T06_C70_Gall,T06,70,all,infercnv,failed,2026-02-19 14:43:51.840965,2026-02-19 14:43:51.840965,1746.0,"Could not reach 4 clusters after 100 resolution adjustments (last resolution=0.1999999999999995, last_n_clusters=5)."
T06_C100_G1000,T06,100,1000,infercnv,success,2026-02-19 14:43:51.937317,2026-02-19 14:43:51.937317,0.0,already exists
T06_C100_G10000,T06,100,10000,infercnv,success,2026-02-19 14:43:51.958221,2026-02-19 14:43:51.958221,0.0,already exists
T06_C100_G15000,T06,100,15000,infercnv,success,2026-02-19 14:43:51.988300,2026-02-19 14:43:51.988300,0.0,already exists
T06_C100_G20000,T06,100,20000,infercnv,success,2026-02-19 14:52:16.396703,2026-02-19 14:52:16.396703,1134.64,output=T06_C100_G20000_CNVinf.h5ad
T06_C100_G500,T06,100,500,infercnv,success,2026-02-19 14:52:47.966607,2026-02-19 14:52:47.966607,30.65,output=T06_C100_G500_CNVinf.h5ad
T06_C100_G5000,T06,100,5000,infercnv,success,2026-02-19 14:55:08.191181,2026-02-19 14:55:08.191181,140.18,output=T06_C100_G5000_CNVinf.h5ad
T06_C100_G20000,T06,100,20000,infercnv,success,2026-02-19 15:02:53.993704,2026-02-19 15:02:53.993704,1141.98,output=T06_C100_G20000_CNVinf.h5ad
T06_C100_G500,T06,100,500,infercnv,success,2026-02-19 15:02:54.028807,2026-02-19 15:02:54.028807,0.0,already exists
T06_C100_G5000,T06,100,5000,infercnv,success,2026-02-19 15:02:54.038525,2026-02-19 15:02:54.038525,0.0,already exists
T06_C100_Gall,T06,100,all,infercnv,success,2026-02-19 15:24:10.007219,2026-02-19 15:24:10.007219,1741.72,output=T06_C100_Gall_CNVinf.h5ad
T07_C1_G1000,T07,1,1000,infercnv,success,2026-02-19 15:24:58.927369,2026-02-19 15:24:58.927369,48.83,output=T07_C1_G1000_CNVinf.h5ad
T07_C1_G10000,T07,1,10000,infercnv,success,2026-02-19 15:30:58.720270,2026-02-19 15:30:58.720270,359.73,output=T07_C1_G10000_CNVinf.h5ad
T06_C100_Gall,T06,100,all,infercnv,success,2026-02-19 15:31:02.839110,2026-02-19 15:31:02.839110,1688.79,output=T06_C100_Gall_CNVinf.h5ad
T07_C1_G1000,T07,1,1000,infercnv,success,2026-02-19 15:31:02.935159,2026-02-19 15:31:02.935159,0.0,already exists
T07_C1_G10000,T07,1,10000,infercnv,success,2026-02-19 15:31:03.005896,2026-02-19 15:31:03.005896,0.0,already exists
T07_C1_G15000,T07,1,15000,infercnv,success,2026-02-19 15:42:47.502722,2026-02-19 15:42:47.502722,708.73,output=T07_C1_G15000_CNVinf.h5ad
T07_C1_G15000,T07,1,15000,infercnv,success,2026-02-19 15:43:33.744074,2026-02-19 15:43:33.744074,750.73,output=T07_C1_G15000_CNVinf.h5ad
T07_C1_G20000,T07,1,20000,infercnv,failed,2026-02-19 16:01:55.811657,2026-02-19 16:01:55.811657,1148.25,"[Errno 11] Unable to synchronously create file (unable to lock file, errno = 11, error message = 'Resource temporarily unavailable')"
T07_C1_G20000,T07,1,20000,infercnv,failed,2026-02-19 16:01:56.665492,2026-02-19 16:01:56.665492,1102.86,"[Errno 13] Can't synchronously write data (file write failed: time = Thu Feb 19 16:01:55 2026
, filename = '/home/augusta/storage3/augusta/insituCNV/InSituCNV/Evaluate_technical_constrains/data/runs/T07_C1_G20000_CNVinf.h5ad', file descriptor = 79, errno = 13, error message = 'Permission denied', buf = 0x56416a5efc20, total write size = 10519, bytes this sub-write = 10519, offset = 108937591)"
T07_C1_G500,T07,1,500,infercnv,success,2026-02-19 16:02:26.856189,2026-02-19 16:02:26.856189,30.14,output=T07_C1_G500_CNVinf.h5ad
T07_C1_G500,T07,1,500,infercnv,success,2026-02-19 16:02:31.563378,2026-02-19 16:02:31.563378,35.7,output=T07_C1_G500_CNVinf.h5ad
T07_C1_G5000,T07,1,5000,infercnv,failed,2026-02-19 16:04:27.514319,2026-02-19 16:04:27.514319,120.56,"[Errno 11] Unable to synchronously create file (unable to lock file, errno = 11, error message = 'Resource temporarily unavailable')"
T07_C1_G5000,T07,1,5000,infercnv,failed,2026-02-19 16:04:31.680886,2026-02-19 16:04:31.680886,120.07,Can't synchronously read data (filter returned failure during read)
T07_C1_Gall,T07,1,all,infercnv,success,2026-02-19 16:34:04.000173,2026-02-19 16:34:04.000173,1772.28,output=T07_C1_Gall_CNVinf.h5ad
T07_C2_G1000,T07,2,1000,infercnv,success,2026-02-19 16:34:52.609467,2026-02-19 16:34:52.609467,48.55,output=T07_C2_G1000_CNVinf.h5ad
T07_C1_Gall,T07,1,all,infercnv,success,2026-02-19 16:34:54.734178,2026-02-19 16:34:54.734178,1827.14,output=T07_C1_Gall_CNVinf.h5ad
T07_C2_G1000,T07,2,1000,infercnv,success,2026-02-19 16:34:54.805711,2026-02-19 16:34:54.805711,0.0,already exists
T07_C2_G10000,T07,2,10000,infercnv,success,2026-02-19 16:40:43.784774,2026-02-19 16:40:43.784774,351.1,output=T07_C2_G10000_CNVinf.h5ad
T07_C2_G10000,T07,2,10000,infercnv,success,2026-02-19 16:40:55.023986,2026-02-19 16:40:55.023986,360.2,output=T07_C2_G10000_CNVinf.h5ad
T07_C2_G15000,T07,2,15000,infercnv,success,2026-02-19 16:52:13.904565,2026-02-19 16:52:13.904565,689.94,output=T07_C2_G15000_CNVinf.h5ad
T07_C2_G15000,T07,2,15000,infercnv,success,2026-02-19 16:52:32.032438,2026-02-19 16:52:32.032438,696.94,output=T07_C2_G15000_CNVinf.h5ad
T07_C2_G20000,T07,2,20000,infercnv,success,2026-02-19 17:10:04.210095,2026-02-19 17:10:04.210095,1052.04,output=T07_C2_G20000_CNVinf.h5ad
T07_C2_G500,T07,2,500,infercnv,success,2026-02-19 17:10:38.742482,2026-02-19 17:10:38.742482,34.43,output=T07_C2_G500_CNVinf.h5ad
T07_C2_G20000,T07,2,20000,infercnv,success,2026-02-19 17:11:32.246416,2026-02-19 17:11:32.246416,1158.29,output=T07_C2_G20000_CNVinf.h5ad
T07_C2_G500,T07,2,500,infercnv,success,2026-02-19 17:11:32.375125,2026-02-19 17:11:32.375125,0.0,already exists
T07_C2_G5000,T07,2,5000,infercnv,success,2026-02-19 17:13:50.736378,2026-02-19 17:13:50.736378,191.9,output=T07_C2_G5000_CNVinf.h5ad
T07_C2_G5000,T07,2,5000,infercnv,success,2026-02-19 17:14:17.514676,2026-02-19 17:14:17.514676,165.11,output=T07_C2_G5000_CNVinf.h5ad
T07_C2_Gall,T07,2,all,infercnv,success,2026-02-19 17:42:03.248506,2026-02-19 17:42:03.248506,1692.46,output=T07_C2_Gall_CNVinf.h5ad
T07_C3_G1000,T07,3,1000,infercnv,success,2026-02-19 17:42:52.586748,2026-02-19 17:42:52.586748,49.21,output=T07_C3_G1000_CNVinf.h5ad
T07_C2_Gall,T07,2,all,infercnv,success,2026-02-19 17:46:11.181300,2026-02-19 17:46:11.181300,1913.61,output=T07_C2_Gall_CNVinf.h5ad
T07_C3_G1000,T07,3,1000,infercnv,success,2026-02-19 17:46:11.240417,2026-02-19 17:46:11.240417,0.0,already exists
T07_C3_G10000,T07,3,10000,infercnv,success,2026-02-19 17:48:06.071779,2026-02-19 17:48:06.071779,313.4,output=T07_C3_G10000_CNVinf.h5ad
T07_C3_G10000,T07,3,10000,infercnv,success,2026-02-19 17:52:00.078713,2026-02-19 17:52:00.078713,348.82,output=T07_C3_G10000_CNVinf.h5ad
T07_C3_G15000,T07,3,15000,infercnv,success,2026-02-19 17:59:58.043505,2026-02-19 17:59:58.043505,711.91,output=T07_C3_G15000_CNVinf.h5ad
T07_C3_G15000,T07,3,15000,infercnv,success,2026-02-19 18:03:36.957718,2026-02-19 18:03:36.957718,696.78,output=T07_C3_G15000_CNVinf.h5ad
T07_C3_G20000,T07,3,20000,infercnv,success,2026-02-19 18:19:33.532217,2026-02-19 18:19:33.532217,1175.38,output=T07_C3_G20000_CNVinf.h5ad
T07_C3_G500,T07,3,500,infercnv,success,2026-02-19 18:20:03.680555,2026-02-19 18:20:03.680555,30.12,output=T07_C3_G500_CNVinf.h5ad
T07_C3_G5000,T07,3,5000,infercnv,success,2026-02-19 18:21:59.285665,2026-02-19 18:21:59.285665,115.49,output=T07_C3_G5000_CNVinf.h5ad
T07_C3_G20000,T07,3,20000,infercnv,success,2026-02-19 18:23:06.106200,2026-02-19 18:23:06.106200,1169.09,output=T07_C3_G20000_CNVinf.h5ad
T07_C3_G500,T07,3,500,infercnv,success,2026-02-19 18:23:06.271012,2026-02-19 18:23:06.271012,0.0,already exists
T07_C3_G5000,T07,3,5000,infercnv,success,2026-02-19 18:23:06.334398,2026-02-19 18:23:06.334398,0.0,already exists
T07_C3_Gall,T07,3,all,infercnv,success,2026-02-19 18:50:47.648805,2026-02-19 18:50:47.648805,1728.3,output=T07_C3_Gall_CNVinf.h5ad
T07_C5_G1000,T07,5,1000,infercnv,success,2026-02-19 18:51:25.431691,2026-02-19 18:51:25.431691,37.73,output=T07_C5_G1000_CNVinf.h5ad
T07_C3_Gall,T07,3,all,infercnv,success,2026-02-19 18:54:22.532035,2026-02-19 18:54:22.532035,1876.14,output=T07_C3_Gall_CNVinf.h5ad
T07_C5_G1000,T07,5,1000,infercnv,success,2026-02-19 18:54:23.011979,2026-02-19 18:54:23.011979,0.0,already exists
T07_C5_G10000,T07,5,10000,infercnv,success,2026-02-19 18:56:21.362685,2026-02-19 18:56:21.362685,295.66,output=T07_C5_G10000_CNVinf.h5ad
T07_C5_G10000,T07,5,10000,infercnv,success,2026-02-19 19:00:29.291632,2026-02-19 19:00:29.291632,366.17,output=T07_C5_G10000_CNVinf.h5ad
T07_C5_G15000,T07,5,15000,infercnv,success,2026-02-19 19:05:40.160426,2026-02-19 19:05:40.160426,558.66,output=T07_C5_G15000_CNVinf.h5ad
T07_C5_G15000,T07,5,15000,infercnv,success,2026-02-19 19:10:29.800632,2026-02-19 19:10:29.800632,600.44,output=T07_C5_G15000_CNVinf.h5ad
T07_C5_G20000,T07,5,20000,infercnv,success,2026-02-19 19:24:00.394582,2026-02-19 19:24:00.394582,1100.19,output=T07_C5_G20000_CNVinf.h5ad
T07_C5_G500,T07,5,500,infercnv,success,2026-02-19 19:24:36.317675,2026-02-19 19:24:36.317675,35.66,output=T07_C5_G500_CNVinf.h5ad
T07_C5_G5000,T07,5,5000,infercnv,success,2026-02-19 19:26:45.364649,2026-02-19 19:26:45.364649,128.81,output=T07_C5_G5000_CNVinf.h5ad
T07_C5_G20000,T07,5,20000,infercnv,success,2026-02-19 19:29:42.770143,2026-02-19 19:29:42.770143,1152.87,output=T07_C5_G20000_CNVinf.h5ad
T07_C5_G500,T07,5,500,infercnv,success,2026-02-19 19:29:42.885112,2026-02-19 19:29:42.885112,0.0,already exists
T07_C5_G5000,T07,5,5000,infercnv,success,2026-02-19 19:29:42.963366,2026-02-19 19:29:42.963366,0.0,already exists
T07_C5_Gall,T07,5,all,infercnv,success,2026-02-19 19:57:00.876104,2026-02-19 19:57:00.876104,1815.48,output=T07_C5_Gall_CNVinf.h5ad
T07_C10_G1000,T07,10,1000,infercnv,success,2026-02-19 19:57:35.262416,2026-02-19 19:57:35.262416,34.29,output=T07_C10_G1000_CNVinf.h5ad
T07_C5_Gall,T07,5,all,infercnv,success,2026-02-19 19:58:05.642913,2026-02-19 19:58:05.642913,1702.62,output=T07_C5_Gall_CNVinf.h5ad
T07_C10_G1000,T07,10,1000,infercnv,success,2026-02-19 19:58:06.028127,2026-02-19 19:58:06.028127,0.0,already exists
T07_C10_G10000,T07,10,10000,infercnv,success,2026-02-19 20:04:16.980172,2026-02-19 20:04:16.980172,370.93,output=T07_C10_G10000_CNVinf.h5ad
T07_C10_G10000,T07,10,10000,infercnv,success,2026-02-19 20:04:32.362352,2026-02-19 20:04:32.362352,416.95,output=T07_C10_G10000_CNVinf.h5ad
T07_C10_G15000,T07,10,15000,infercnv,success,2026-02-19 20:17:19.480282,2026-02-19 20:17:19.480282,782.44,output=T07_C10_G15000_CNVinf.h5ad
T07_C10_G15000,T07,10,15000,infercnv,success,2026-02-19 20:17:41.511379,2026-02-19 20:17:41.511379,788.96,output=T07_C10_G15000_CNVinf.h5ad
T07_C10_G20000,T07,10,20000,infercnv,success,2026-02-19 20:34:47.202715,2026-02-19 20:34:47.202715,1047.46,output=T07_C10_G20000_CNVinf.h5ad
T07_C10_G500,T07,10,500,infercnv,success,2026-02-19 20:35:15.505140,2026-02-19 20:35:15.505140,28.2,output=T07_C10_G500_CNVinf.h5ad
T07_C10_G20000,T07,10,20000,infercnv,success,2026-02-19 20:35:53.308067,2026-02-19 20:35:53.308067,1091.7,output=T07_C10_G20000_CNVinf.h5ad
T07_C10_G500,T07,10,500,infercnv,success,2026-02-19 20:35:53.422381,2026-02-19 20:35:53.422381,0.0,already exists
T07_C10_G5000,T07,10,5000,infercnv,success,2026-02-19 20:37:41.251326,2026-02-19 20:37:41.251326,145.62,output=T07_C10_G5000_CNVinf.h5ad
T07_C10_G5000,T07,10,5000,infercnv,success,2026-02-19 20:38:21.229874,2026-02-19 20:38:21.229874,147.75,output=T07_C10_G5000_CNVinf.h5ad
T07_C10_Gall,T07,10,all,infercnv,success,2026-02-19 21:06:33.407909,2026-02-19 21:06:33.407909,1731.99,output=T07_C10_Gall_CNVinf.h5ad
T07_C20_G1000,T07,20,1000,infercnv,success,2026-02-19 21:07:31.039922,2026-02-19 21:07:31.039922,57.51,output=T07_C20_G1000_CNVinf.h5ad
T07_C10_Gall,T07,10,all,infercnv,success,2026-02-19 21:09:44.408791,2026-02-19 21:09:44.408791,1883.02,output=T07_C10_Gall_CNVinf.h5ad
T07_C20_G1000,T07,20,1000,infercnv,success,2026-02-19 21:09:44.559102,2026-02-19 21:09:44.559102,0.0,already exists
T07_C20_G10000,T07,20,10000,infercnv,success,2026-02-19 21:13:49.054729,2026-02-19 21:13:49.054729,377.94,output=T07_C20_G10000_CNVinf.h5ad
T07_C20_G10000,T07,20,10000,infercnv,success,2026-02-19 21:16:07.335722,2026-02-19 21:16:07.335722,382.73,output=T07_C20_G10000_CNVinf.h5ad
T07_C20_G15000,T07,20,15000,infercnv,success,2026-02-19 21:25:52.673060,2026-02-19 21:25:52.673060,723.5,output=T07_C20_G15000_CNVinf.h5ad
T07_C20_G15000,T07,20,15000,infercnv,success,2026-02-19 21:28:58.914989,2026-02-19 21:28:58.914989,771.45,output=T07_C20_G15000_CNVinf.h5ad
T07_C20_G20000,T07,20,20000,infercnv,success,2026-02-19 21:43:27.052593,2026-02-19 21:43:27.052593,1054.21,output=T07_C20_G20000_CNVinf.h5ad
T07_C20_G500,T07,20,500,infercnv,success,2026-02-19 21:43:59.599123,2026-02-19 21:43:59.599123,32.46,output=T07_C20_G500_CNVinf.h5ad
T07_C20_G5000,T07,20,5000,infercnv,success,2026-02-19 21:46:09.048637,2026-02-19 21:46:09.048637,129.4,output=T07_C20_G5000_CNVinf.h5ad
T07_C20_G20000,T07,20,20000,infercnv,success,2026-02-19 21:47:16.137756,2026-02-19 21:47:16.137756,1097.11,output=T07_C20_G20000_CNVinf.h5ad
T07_C20_G500,T07,20,500,infercnv,success,2026-02-19 21:47:16.411398,2026-02-19 21:47:16.411398,0.0,already exists
T07_C20_G5000,T07,20,5000,infercnv,success,2026-02-19 21:47:16.485618,2026-02-19 21:47:16.485618,0.0,already exists
T07_C20_Gall,T07,20,all,infercnv,success,2026-02-19 22:16:57.536585,2026-02-19 22:16:57.536585,1781.0,output=T07_C20_Gall_CNVinf.h5ad
T07_C50_G1000,T07,50,1000,infercnv,success,2026-02-19 22:17:34.072231,2026-02-19 22:17:34.072231,36.48,output=T07_C50_G1000_CNVinf.h5ad
T07_C20_Gall,T07,20,all,infercnv,success,2026-02-19 22:18:08.567485,2026-02-19 22:18:08.567485,1919.45,output=T07_C20_Gall_CNVinf.h5ad
T07_C50_G1000,T07,50,1000,infercnv,success,2026-02-19 22:18:08.615303,2026-02-19 22:18:08.615303,0.0,already exists
T07_C50_G10000,T07,50,10000,infercnv,success,2026-02-19 22:22:28.429877,2026-02-19 22:22:28.429877,294.32,output=T07_C50_G10000_CNVinf.h5ad
T07_C50_G10000,T07,50,10000,infercnv,success,2026-02-19 22:24:26.706034,2026-02-19 22:24:26.706034,378.07,output=T07_C50_G10000_CNVinf.h5ad
T07_C50_G15000,T07,50,15000,infercnv,success,2026-02-19 22:34:11.619582,2026-02-19 22:34:11.619582,703.11,output=T07_C50_G15000_CNVinf.h5ad
T07_C50_G15000,T07,50,15000,infercnv,success,2026-02-19 22:35:14.985339,2026-02-19 22:35:14.985339,648.18,output=T07_C50_G15000_CNVinf.h5ad
T07_C50_G20000,T07,50,20000,infercnv,success,2026-02-19 22:52:22.309922,2026-02-19 22:52:22.309922,1090.34,output=T07_C50_G20000_CNVinf.h5ad
T07_C50_G500,T07,50,500,infercnv,success,2026-02-19 22:52:47.137506,2026-02-19 22:52:47.137506,24.76,output=T07_C50_G500_CNVinf.h5ad
T07_C50_G5000,T07,50,5000,infercnv,success,2026-02-19 22:54:39.643668,2026-02-19 22:54:39.643668,112.39,output=T07_C50_G5000_CNVinf.h5ad
T07_C50_G20000,T07,50,20000,infercnv,success,2026-02-19 22:55:26.441716,2026-02-19 22:55:26.441716,1211.35,output=T07_C50_G20000_CNVinf.h5ad
T07_C50_G500,T07,50,500,infercnv,success,2026-02-19 22:55:26.595829,2026-02-19 22:55:26.595829,0.0,already exists
T07_C50_G5000,T07,50,5000,infercnv,success,2026-02-19 22:55:26.701542,2026-02-19 22:55:26.701542,0.0,already exists
T07_C50_Gall,T07,50,all,infercnv,success,2026-02-19 23:23:32.313304,2026-02-19 23:23:32.313304,1732.57,output=T07_C50_Gall_CNVinf.h5ad
T07_C70_G1000,T07,70,1000,infercnv,success,2026-02-19 23:24:08.554888,2026-02-19 23:24:08.554888,36.06,output=T07_C70_G1000_CNVinf.h5ad
T07_C50_Gall,T07,50,all,infercnv,success,2026-02-19 23:26:42.345944,2026-02-19 23:26:42.345944,1875.56,output=T07_C50_Gall_CNVinf.h5ad
T07_C70_G1000,T07,70,1000,infercnv,success,2026-02-19 23:26:42.486839,2026-02-19 23:26:42.486839,0.0,already exists
T07_C70_G10000,T07,70,10000,infercnv,success,2026-02-19 23:30:36.229437,2026-02-19 23:30:36.229437,387.59,output=T07_C70_G10000_CNVinf.h5ad
T07_C70_G10000,T07,70,10000,infercnv,success,2026-02-19 23:31:55.578098,2026-02-19 23:31:55.578098,313.06,output=T07_C70_G10000_CNVinf.h5ad
T07_C70_G15000,T07,70,15000,infercnv,success,2026-02-19 23:42:42.694823,2026-02-19 23:42:42.694823,726.39,output=T07_C70_G15000_CNVinf.h5ad
T07_C70_G15000,T07,70,15000,infercnv,success,2026-02-19 23:43:39.870967,2026-02-19 23:43:39.870967,704.22,output=T07_C70_G15000_CNVinf.h5ad
T07_C70_G20000,T07,70,20000,infercnv,success,2026-02-20 00:02:02.256868,2026-02-20 00:02:02.256868,1102.08,output=T07_C70_G20000_CNVinf.h5ad
T07_C70_G500,T07,70,500,infercnv,success,2026-02-20 00:02:34.980272,2026-02-20 00:02:34.980272,32.65,output=T07_C70_G500_CNVinf.h5ad
T07_C70_G20000,T07,70,20000,infercnv,success,2026-02-20 00:02:42.532202,2026-02-20 00:02:42.532202,1199.53,output=T07_C70_G20000_CNVinf.h5ad
T07_C70_G500,T07,70,500,infercnv,success,2026-02-20 00:02:43.004989,2026-02-20 00:02:43.004989,0.0,already exists
T07_C70_G5000,T07,70,5000,infercnv,failed,2026-02-20 00:04:59.627827,2026-02-20 00:04:59.627827,144.39,Can't synchronously read data (filter returned failure during read)
T07_C70_G5000,T07,70,5000,infercnv,success,2026-02-20 00:05:11.757334,2026-02-20 00:05:11.757334,148.63,output=T07_C70_G5000_CNVinf.h5ad
T07_C70_Gall,T07,70,all,infercnv,failed,2026-02-20 00:07:39.656027,2026-02-20 00:07:39.656027,159.98,A process in the process pool was terminated abruptly while the future was running or pending.
T07_C100_G1000,T07,100,1000,infercnv,success,2026-02-20 00:08:18.631736,2026-02-20 00:08:18.631736,38.59,output=T07_C100_G1000_CNVinf.h5ad
T07_C100_G10000,T07,100,10000,infercnv,success,2026-02-20 00:13:44.968499,2026-02-20 00:13:44.968499,326.22,output=T07_C100_G10000_CNVinf.h5ad
T07_C100_G15000,T07,100,15000,infercnv,success,2026-02-20 00:23:49.489954,2026-02-20 00:23:49.489954,604.38,output=T07_C100_G15000_CNVinf.h5ad
T07_C70_Gall,T07,70,all,infercnv,success,2026-02-20 00:35:35.899486,2026-02-20 00:35:35.899486,1823.96,output=T07_C70_Gall_CNVinf.h5ad
T07_C100_G1000,T07,100,1000,infercnv,success,2026-02-20 00:35:36.379863,2026-02-20 00:35:36.379863,0.0,already exists
T07_C100_G10000,T07,100,10000,infercnv,success,2026-02-20 00:35:36.436880,2026-02-20 00:35:36.436880,0.0,already exists
T07_C100_G15000,T07,100,15000,infercnv,success,2026-02-20 00:35:36.770324,2026-02-20 00:35:36.770324,0.0,already exists
T07_C100_G20000,T07,100,20000,infercnv,success,2026-02-20 00:43:36.253698,2026-02-20 00:43:36.253698,1186.59,output=T07_C100_G20000_CNVinf.h5ad
T07_C100_G500,T07,100,500,infercnv,success,2026-02-20 00:44:07.918713,2026-02-20 00:44:07.918713,31.45,output=T07_C100_G500_CNVinf.h5ad
T07_C100_G5000,T07,100,5000,infercnv,success,2026-02-20 00:46:11.057981,2026-02-20 00:46:11.057981,122.97,output=T07_C100_G5000_CNVinf.h5ad
T07_C100_G20000,T07,100,20000,infercnv,success,2026-02-20 00:55:10.692498,2026-02-20 00:55:10.692498,1173.86,output=T07_C100_G20000_CNVinf.h5ad
T07_C100_G500,T07,100,500,infercnv,success,2026-02-20 00:55:10.829815,2026-02-20 00:55:10.829815,0.0,already exists
T07_C100_G5000,T07,100,5000,infercnv,success,2026-02-20 00:55:10.942567,2026-02-20 00:55:10.942567,0.0,already exists
T07_C100_Gall,T07,100,all,infercnv,success,2026-02-20 01:17:25.540083,2026-02-20 01:17:25.540083,1874.33,output=T07_C100_Gall_CNVinf.h5ad
T08_C1_G1000,T08,1,1000,infercnv,success,2026-02-20 01:18:08.427850,2026-02-20 01:18:08.427850,42.83,output=T08_C1_G1000_CNVinf.h5ad
T08_C1_G10000,T08,1,10000,infercnv,success,2026-02-20 01:23:40.305452,2026-02-20 01:23:40.305452,331.65,output=T08_C1_G10000_CNVinf.h5ad
T07_C100_Gall,T07,100,all,infercnv,success,2026-02-20 01:27:38.377101,2026-02-20 01:27:38.377101,1947.26,output=T07_C100_Gall_CNVinf.h5ad
T08_C1_G1000,T08,1,1000,infercnv,success,2026-02-20 01:27:38.521298,2026-02-20 01:27:38.521298,0.0,already exists
T08_C1_G10000,T08,1,10000,infercnv,success,2026-02-20 01:27:38.579711,2026-02-20 01:27:38.579711,0.0,already exists
T08_C1_G15000,T08,1,15000,infercnv,success,2026-02-20 01:35:39.793971,2026-02-20 01:35:39.793971,719.39,output=T08_C1_G15000_CNVinf.h5ad
T08_C1_G15000,T08,1,15000,infercnv,success,2026-02-20 01:37:15.675372,2026-02-20 01:37:15.675372,577.06,output=T08_C1_G15000_CNVinf.h5ad
T08_C1_G20000,T08,1,20000,infercnv,success,2026-02-20 01:55:54.684113,2026-02-20 01:55:54.684113,1214.77,output=T08_C1_G20000_CNVinf.h5ad
T08_C1_G500,T08,1,500,infercnv,success,2026-02-20 01:56:46.878479,2026-02-20 01:56:46.878479,51.73,output=T08_C1_G500_CNVinf.h5ad
T08_C1_G20000,T08,1,20000,infercnv,success,2026-02-20 01:58:58.173251,2026-02-20 01:58:58.173251,1302.41,output=T08_C1_G20000_CNVinf.h5ad
T08_C1_G500,T08,1,500,infercnv,success,2026-02-20 01:58:58.616358,2026-02-20 01:58:58.616358,0.0,already exists
T08_C1_G5000,T08,1,5000,infercnv,success,2026-02-20 01:59:20.776525,2026-02-20 01:59:20.776525,153.72,output=T08_C1_G5000_CNVinf.h5ad
T08_C1_G5000,T08,1,5000,infercnv,success,2026-02-20 02:01:20.550298,2026-02-20 02:01:20.550298,141.92,output=T08_C1_G5000_CNVinf.h5ad
T08_C1_Gall,T08,1,all,infercnv,success,2026-02-20 02:33:23.760066,2026-02-20 02:33:23.760066,2042.79,output=T08_C1_Gall_CNVinf.h5ad
T08_C2_G1000,T08,2,1000,infercnv,success,2026-02-20 02:34:04.591434,2026-02-20 02:34:04.591434,40.73,output=T08_C2_G1000_CNVinf.h5ad
T08_C1_Gall,T08,1,all,infercnv,success,2026-02-20 02:35:17.166391,2026-02-20 02:35:17.166391,2036.58,output=T08_C1_Gall_CNVinf.h5ad
T08_C2_G1000,T08,2,1000,infercnv,success,2026-02-20 02:35:17.594165,2026-02-20 02:35:17.594165,0.0,already exists
T08_C2_G10000,T08,2,10000,infercnv,success,2026-02-20 02:40:03.050800,2026-02-20 02:40:03.050800,285.31,output=T08_C2_G10000_CNVinf.h5ad
T08_C2_G10000,T08,2,10000,infercnv,success,2026-02-20 02:40:42.672590,2026-02-20 02:40:42.672590,398.06,output=T08_C2_G10000_CNVinf.h5ad
T08_C2_G15000,T08,2,15000,infercnv,success,2026-02-20 02:51:06.651716,2026-02-20 02:51:06.651716,623.85,output=T08_C2_G15000_CNVinf.h5ad
T08_C2_G15000,T08,2,15000,infercnv,success,2026-02-20 02:51:23.459721,2026-02-20 02:51:23.459721,680.21,output=T08_C2_G15000_CNVinf.h5ad
T08_C2_G20000,T08,2,20000,infercnv,success,2026-02-20 03:09:37.562848,2026-02-20 03:09:37.562848,1094.02,output=T08_C2_G20000_CNVinf.h5ad
T08_C2_G500,T08,2,500,infercnv,success,2026-02-20 03:10:16.101332,2026-02-20 03:10:16.101332,38.47,output=T08_C2_G500_CNVinf.h5ad
T08_C2_G20000,T08,2,20000,infercnv,success,2026-02-20 03:10:47.369101,2026-02-20 03:10:47.369101,1180.6,output=T08_C2_G20000_CNVinf.h5ad
T08_C2_G500,T08,2,500,infercnv,success,2026-02-20 03:10:47.615892,2026-02-20 03:10:47.615892,0.0,already exists
T08_C2_G5000,T08,2,5000,infercnv,success,2026-02-20 03:12:26.501100,2026-02-20 03:12:26.501100,130.23,output=T08_C2_G5000_CNVinf.h5ad
T08_C2_G5000,T08,2,5000,infercnv,success,2026-02-20 03:13:08.558953,2026-02-20 03:13:08.558953,140.92,output=T08_C2_G5000_CNVinf.h5ad
T08_C2_Gall,T08,2,all,infercnv,success,2026-02-20 03:43:52.188104,2026-02-20 03:43:52.188104,1885.55,output=T08_C2_Gall_CNVinf.h5ad
T08_C3_G1000,T08,3,1000,infercnv,success,2026-02-20 03:44:24.671329,2026-02-20 03:44:24.671329,32.35,output=T08_C3_G1000_CNVinf.h5ad
T08_C2_Gall,T08,2,all,infercnv,success,2026-02-20 03:44:32.100334,2026-02-20 03:44:32.100334,1883.4,output=T08_C2_Gall_CNVinf.h5ad
T08_C3_G1000,T08,3,1000,infercnv,success,2026-02-20 03:44:32.205325,2026-02-20 03:44:32.205325,0.0,already exists
T08_C3_G10000,T08,3,10000,infercnv,success,2026-02-20 03:49:50.111101,2026-02-20 03:49:50.111101,317.83,output=T08_C3_G10000_CNVinf.h5ad
T08_C3_G10000,T08,3,10000,infercnv,success,2026-02-20 03:50:21.938878,2026-02-20 03:50:21.938878,357.14,output=T08_C3_G10000_CNVinf.h5ad
T08_C3_G15000,T08,3,15000,infercnv,success,2026-02-20 04:00:10.025405,2026-02-20 04:00:10.025405,588.0,output=T08_C3_G15000_CNVinf.h5ad
T08_C3_G15000,T08,3,15000,infercnv,success,2026-02-20 04:01:26.241447,2026-02-20 04:01:26.241447,695.94,output=T08_C3_G15000_CNVinf.h5ad
T08_C3_G20000,T08,3,20000,infercnv,success,2026-02-20 04:22:13.832833,2026-02-20 04:22:13.832833,1323.64,output=T08_C3_G20000_CNVinf.h5ad
T08_C3_G500,T08,3,500,infercnv,success,2026-02-20 04:22:49.633798,2026-02-20 04:22:49.633798,35.68,output=T08_C3_G500_CNVinf.h5ad
T08_C3_G20000,T08,3,20000,infercnv,success,2026-02-20 04:25:01.241754,2026-02-20 04:25:01.241754,1414.71,output=T08_C3_G20000_CNVinf.h5ad
T08_C3_G500,T08,3,500,infercnv,success,2026-02-20 04:25:01.516554,2026-02-20 04:25:01.516554,0.0,already exists
T08_C3_G5000,T08,3,5000,infercnv,success,2026-02-20 04:25:01.561670,2026-02-20 04:25:01.561670,0.0,already exists
T08_C3_G5000,T08,3,5000,infercnv,success,2026-02-20 04:25:11.570375,2026-02-20 04:25:11.570375,141.78,output=T08_C3_G5000_CNVinf.h5ad
T08_C3_Gall,T08,3,all,infercnv,failed,2026-02-20 04:29:00.737469,2026-02-20 04:29:00.737469,239.14,A process in the process pool was terminated abruptly while the future was running or pending.
T08_C5_G1000,T08,5,1000,infercnv,success,2026-02-20 04:29:39.050443,2026-02-20 04:29:39.050443,37.94,output=T08_C5_G1000_CNVinf.h5ad
T08_C5_G10000,T08,5,10000,infercnv,success,2026-02-20 04:36:59.767512,2026-02-20 04:36:59.767512,440.64,output=T08_C5_G10000_CNVinf.h5ad
T08_C5_G15000,T08,5,15000,infercnv,success,2026-02-20 04:45:03.235553,2026-02-20 04:45:03.235553,483.36,output=T08_C5_G15000_CNVinf.h5ad
T08_C5_G20000,T08,5,20000,infercnv,success,2026-02-20 04:58:43.023692,2026-02-20 04:58:43.023692,819.6,output=T08_C5_G20000_CNVinf.h5ad
T08_C5_G500,T08,5,500,infercnv,success,2026-02-20 04:59:06.872203,2026-02-20 04:59:06.872203,23.7,output=T08_C5_G500_CNVinf.h5ad
T08_C5_G5000,T08,5,5000,infercnv,success,2026-02-20 05:00:59.623767,2026-02-20 05:00:59.623767,112.66,output=T08_C5_G5000_CNVinf.h5ad
T08_C5_Gall,T08,5,all,infercnv,success,2026-02-20 05:23:17.351945,2026-02-20 05:23:17.351945,1337.61,output=T08_C5_Gall_CNVinf.h5ad
T08_C10_G1000,T08,10,1000,infercnv,success,2026-02-20 05:23:45.541868,2026-02-20 05:23:45.541868,28.05,output=T08_C10_G1000_CNVinf.h5ad
T08_C10_G10000,T08,10,10000,infercnv,success,2026-02-20 05:27:53.849985,2026-02-20 05:27:53.849985,248.25,output=T08_C10_G10000_CNVinf.h5ad
T08_C10_G15000,T08,10,15000,infercnv,success,2026-02-20 05:35:48.268165,2026-02-20 05:35:48.268165,474.32,output=T08_C10_G15000_CNVinf.h5ad
T08_C10_G20000,T08,10,20000,infercnv,success,2026-02-20 05:49:34.027901,2026-02-20 05:49:34.027901,825.41,output=T08_C10_G20000_CNVinf.h5ad
T08_C10_G500,T08,10,500,infercnv,success,2026-02-20 05:49:57.991164,2026-02-20 05:49:57.991164,23.85,output=T08_C10_G500_CNVinf.h5ad
T08_C10_G5000,T08,10,5000,infercnv,success,2026-02-20 05:51:37.088307,2026-02-20 05:51:37.088307,98.88,output=T08_C10_G5000_CNVinf.h5ad
T08_C10_Gall,T08,10,all,infercnv,success,2026-02-20 06:14:03.606440,2026-02-20 06:14:03.606440,1346.32,output=T08_C10_Gall_CNVinf.h5ad
T08_C20_G1000,T08,20,1000,infercnv,success,2026-02-20 06:14:37.306965,2026-02-20 06:14:37.306965,33.63,output=T08_C20_G1000_CNVinf.h5ad
T08_C20_G10000,T08,20,10000,infercnv,success,2026-02-20 06:18:47.585448,2026-02-20 06:18:47.585448,249.97,output=T08_C20_G10000_CNVinf.h5ad
T08_C20_G15000,T08,20,15000,infercnv,success,2026-02-20 06:26:46.090277,2026-02-20 06:26:46.090277,478.38,output=T08_C20_G15000_CNVinf.h5ad
T08_C20_G20000,T08,20,20000,infercnv,success,2026-02-20 06:41:30.784726,2026-02-20 06:41:30.784726,884.45,output=T08_C20_G20000_CNVinf.h5ad
T08_C20_G500,T08,20,500,infercnv,success,2026-02-20 06:42:01.011009,2026-02-20 06:42:01.011009,22.57,output=T08_C20_G500_CNVinf.h5ad
T08_C20_G5000,T08,20,5000,infercnv,success,2026-02-20 06:43:36.554638,2026-02-20 06:43:36.554638,95.49,output=T08_C20_G5000_CNVinf.h5ad
T08_C20_Gall,T08,20,all,infercnv,success,2026-02-20 07:05:54.099030,2026-02-20 07:05:54.099030,1337.47,output=T08_C20_Gall_CNVinf.h5ad
T08_C50_G1000,T08,50,1000,infercnv,success,2026-02-20 07:06:21.409372,2026-02-20 07:06:21.409372,27.28,output=T08_C50_G1000_CNVinf.h5ad
T08_C50_G10000,T08,50,10000,infercnv,success,2026-02-20 07:10:26.616992,2026-02-20 07:10:26.616992,245.17,output=T08_C50_G10000_CNVinf.h5ad
T08_C50_G15000,T08,50,15000,infercnv,success,2026-02-20 07:18:20.166739,2026-02-20 07:18:20.166739,473.53,output=T08_C50_G15000_CNVinf.h5ad
T08_C50_G20000,T08,50,20000,infercnv,success,2026-02-20 07:32:00.414275,2026-02-20 07:32:00.414275,820.23,output=T08_C50_G20000_CNVinf.h5ad
T08_C50_G500,T08,50,500,infercnv,success,2026-02-20 07:32:31.113515,2026-02-20 07:32:31.113515,30.67,output=T08_C50_G500_CNVinf.h5ad
T08_C50_G5000,T08,50,5000,infercnv,success,2026-02-20 07:34:08.592138,2026-02-20 07:34:08.592138,97.46,output=T08_C50_G5000_CNVinf.h5ad
T08_C50_Gall,T08,50,all,infercnv,success,2026-02-20 07:56:26.091513,2026-02-20 07:56:26.091513,1337.48,output=T08_C50_Gall_CNVinf.h5ad
T08_C70_G1000,T08,70,1000,infercnv,success,2026-02-20 07:56:53.609463,2026-02-20 07:56:53.609463,27.48,output=T08_C70_G1000_CNVinf.h5ad
T08_C70_G10000,T08,70,10000,infercnv,success,2026-02-20 08:00:58.185590,2026-02-20 08:00:58.185590,244.55,output=T08_C70_G10000_CNVinf.h5ad
T08_C70_G15000,T08,70,15000,infercnv,success,2026-02-20 08:08:52.431130,2026-02-20 08:08:52.431130,474.22,output=T08_C70_G15000_CNVinf.h5ad
T08_C70_G20000,T08,70,20000,infercnv,success,2026-02-20 08:22:35.653106,2026-02-20 08:22:35.653106,823.2,output=T08_C70_G20000_CNVinf.h5ad
T08_C70_G500,T08,70,500,infercnv,success,2026-02-20 08:22:58.273038,2026-02-20 08:22:58.273038,22.58,output=T08_C70_G500_CNVinf.h5ad
T08_C70_G5000,T08,70,5000,infercnv,success,2026-02-20 08:24:49.724891,2026-02-20 08:24:49.724891,111.41,output=T08_C70_G5000_CNVinf.h5ad
T08_C70_Gall,T08,70,all,infercnv,success,2026-02-20 08:47:44.581089,2026-02-20 08:47:44.581089,1374.81,output=T08_C70_Gall_CNVinf.h5ad
T08_C100_G1000,T08,100,1000,infercnv,success,2026-02-20 08:48:12.521127,2026-02-20 08:48:12.521127,27.84,output=T08_C100_G1000_CNVinf.h5ad
T08_C100_G10000,T08,100,10000,infercnv,success,2026-02-20 08:52:23.938631,2026-02-20 08:52:23.938631,251.39,output=T08_C100_G10000_CNVinf.h5ad
T08_C100_G15000,T08,100,15000,infercnv,success,2026-02-20 09:00:24.673325,2026-02-20 09:00:24.673325,480.66,output=T08_C100_G15000_CNVinf.h5ad
T08_C100_G20000,T08,100,20000,infercnv,success,2026-02-20 09:14:16.778102,2026-02-20 09:14:16.778102,832.04,output=T08_C100_G20000_CNVinf.h5ad
T08_C100_G500,T08,100,500,infercnv,success,2026-02-20 09:14:48.401098,2026-02-20 09:14:48.401098,31.55,output=T08_C100_G500_CNVinf.h5ad
T08_C100_G5000,T08,100,5000,infercnv,success,2026-02-20 09:16:38.505967,2026-02-20 09:16:38.505967,110.09,output=T08_C100_G5000_CNVinf.h5ad
T02_C70_G20000,T02,70,20000,infercnv,failed,2026-02-20 09:27:30.981453,2026-02-20 09:27:30.981453,837.54,"Could not reach 4 clusters after 100 resolution adjustments (last resolution=0.5499999999999998, last_n_clusters=5)."
T04_C10_G5000,T04,10,5000,infercnv,failed,2026-02-20 09:29:47.982432,2026-02-20 09:29:47.982432,136.82,"Could not reach 4 clusters after 100 resolution adjustments (last resolution=0.7, last_n_clusters=3)."
T06_C10_G1000,T06,10,1000,infercnv,failed,2026-02-20 09:30:53.862275,2026-02-20 09:30:53.862275,65.75,"Could not reach 4 clusters after 100 resolution adjustments (last resolution=0.5499999999999998, last_n_clusters=3)."
T06_C20_G15000,T06,20,15000,infercnv,failed,2026-02-20 09:30:59.414912,2026-02-20 09:30:59.414912,5.36,Can't synchronously read data (filter returned failure during read)
T06_C50_G20000,T06,50,20000,infercnv,success,2026-02-20 09:30:59.530302,2026-02-20 09:30:59.530302,0.0,already exists
T08_C100_Gall,T08,100,all,infercnv,success,2026-02-20 09:39:30.530002,2026-02-20 09:39:30.530002,1371.84,output=T08_C100_Gall_CNVinf.h5ad
T09_C1_G1000,T09,1,1000,infercnv,success,2026-02-20 09:40:16.074865,2026-02-20 09:40:16.074865,45.44,output=T09_C1_G1000_CNVinf.h5ad
T09_C1_G10000,T09,1,10000,infercnv,success,2026-02-20 09:44:39.172276,2026-02-20 09:44:39.172276,263.05,output=T09_C1_G10000_CNVinf.h5ad
T09_C1_G15000,T09,1,15000,infercnv,success,2026-02-20 09:53:05.633903,2026-02-20 09:53:05.633903,506.43,output=T09_C1_G15000_CNVinf.h5ad
T06_C70_Gall,T06,70,all,infercnv,failed,2026-02-20 09:54:24.819525,2026-02-20 09:54:24.819525,1405.26,"Could not reach 4 clusters after 100 resolution adjustments (last resolution=0.1999999999999995, last_n_clusters=5)."
T07_C1_G20000,T07,1,20000,infercnv,success,2026-02-20 09:54:25.084955,2026-02-20 09:54:25.084955,0.0,already exists
T07_C1_G5000,T07,1,5000,infercnv,success,2026-02-20 09:54:25.173237,2026-02-20 09:54:25.173237,0.0,already exists
T07_C70_G5000,T07,70,5000,infercnv,success,2026-02-20 09:54:25.219853,2026-02-20 09:54:25.219853,0.0,already exists
T07_C70_Gall,T07,70,all,infercnv,success,2026-02-20 09:54:25.330196,2026-02-20 09:54:25.330196,0.0,already exists
T09_C1_G20000,T09,1,20000,infercnv,success,2026-02-20 10:08:49.213729,2026-02-20 10:08:49.213729,943.42,output=T09_C1_G20000_CNVinf.h5ad
T09_C1_G500,T09,1,500,infercnv,success,2026-02-20 10:09:34.981449,2026-02-20 10:09:34.981449,45.69,output=T09_C1_G500_CNVinf.h5ad
T09_C1_G5000,T09,1,5000,infercnv,success,2026-02-20 10:11:21.938896,2026-02-20 10:11:21.938896,106.85,output=T09_C1_G5000_CNVinf.h5ad
T08_C3_Gall,T08,3,all,infercnv,success,2026-02-20 10:18:34.961866,2026-02-20 10:18:34.961866,1449.57,output=T08_C3_Gall_CNVinf.h5ad
T08_C100_G20000,T08,100,20000,infercnv,success,2026-02-20 10:18:35.047813,2026-02-20 10:18:35.047813,0.0,already exists
T08_C100_G500,T08,100,500,infercnv,success,2026-02-20 10:18:35.067572,2026-02-20 10:18:35.067572,0.0,already exists
T08_C100_G5000,T08,100,5000,infercnv,success,2026-02-20 10:18:35.102500,2026-02-20 10:18:35.102500,0.0,already exists
T08_C100_Gall,T08,100,all,infercnv,success,2026-02-20 10:18:35.142991,2026-02-20 10:18:35.142991,0.0,already exists
T09_C1_G1000,T09,1,1000,infercnv,success,2026-02-20 10:18:35.169761,2026-02-20 10:18:35.169761,0.0,already exists
T09_C1_G10000,T09,1,10000,infercnv,success,2026-02-20 10:18:35.204301,2026-02-20 10:18:35.204301,0.0,already exists
T09_C1_G15000,T09,1,15000,infercnv,success,2026-02-20 10:18:35.252173,2026-02-20 10:18:35.252173,0.0,already exists
T09_C1_G20000,T09,1,20000,infercnv,success,2026-02-20 10:18:35.289165,2026-02-20 10:18:35.289165,0.0,already exists
T09_C1_G500,T09,1,500,infercnv,success,2026-02-20 10:18:35.304040,2026-02-20 10:18:35.304040,0.0,already exists
T09_C1_G5000,T09,1,5000,infercnv,success,2026-02-20 10:18:35.324551,2026-02-20 10:18:35.324551,0.0,already exists
T09_C1_Gall,T09,1,all,infercnv,success,2026-02-20 10:36:59.961280,2026-02-20 10:36:59.961280,1537.8,output=T09_C1_Gall_CNVinf.h5ad
T09_C2_G1000,T09,2,1000,infercnv,success,2026-02-20 10:37:43.683183,2026-02-20 10:37:43.683183,43.51,output=T09_C2_G1000_CNVinf.h5ad
T09_C1_Gall,T09,1,all,infercnv,success,2026-02-20 10:41:50.720047,2026-02-20 10:41:50.720047,1395.37,output=T09_C1_Gall_CNVinf.h5ad
T09_C2_G1000,T09,2,1000,infercnv,success,2026-02-20 10:41:50.778078,2026-02-20 10:41:50.778078,0.0,already exists
T09_C2_G10000,T09,2,10000,infercnv,success,2026-02-20 10:42:38.703078,2026-02-20 10:42:38.703078,294.89,output=T09_C2_G10000_CNVinf.h5ad
T09_C2_G10000,T09,2,10000,infercnv,success,2026-02-20 10:46:12.404689,2026-02-20 10:46:12.404689,261.61,output=T09_C2_G10000_CNVinf.h5ad
T09_C2_G15000,T09,2,15000,infercnv,success,2026-02-20 10:51:18.044422,2026-02-20 10:51:18.044422,519.26,output=T09_C2_G15000_CNVinf.h5ad
T09_C2_G15000,T09,2,15000,infercnv,success,2026-02-20 10:54:30.651276,2026-02-20 10:54:30.651276,498.18,output=T09_C2_G15000_CNVinf.h5ad
T09_C2_G20000,T09,2,20000,infercnv,success,2026-02-20 11:05:59.455964,2026-02-20 11:05:59.455964,881.09,output=T09_C2_G20000_CNVinf.h5ad
T09_C2_G500,T09,2,500,infercnv,success,2026-02-20 11:06:38.815208,2026-02-20 11:06:38.815208,38.16,output=T09_C2_G500_CNVinf.h5ad
T09_C2_G5000,T09,2,5000,infercnv,success,2026-02-20 11:08:35.394892,2026-02-20 11:08:35.394892,116.47,output=T09_C2_G5000_CNVinf.h5ad
T09_C2_G20000,T09,2,20000,infercnv,success,2026-02-20 11:09:26.839438,2026-02-20 11:09:26.839438,896.09,output=T09_C2_G20000_CNVinf.h5ad
T09_C2_G500,T09,2,500,infercnv,success,2026-02-20 11:09:27.097093,2026-02-20 11:09:27.097093,0.0,already exists
T09_C2_G5000,T09,2,5000,infercnv,success,2026-02-20 11:09:27.338221,2026-02-20 11:09:27.338221,0.0,already exists
T09_C2_Gall,T09,2,all,infercnv,success,2026-02-20 11:32:45.971384,2026-02-20 11:32:45.971384,1450.37,output=T09_C2_Gall_CNVinf.h5ad
T09_C2_Gall,T09,2,all,infercnv,success,2026-02-20 11:33:15.792312,2026-02-20 11:33:15.792312,1428.31,output=T09_C2_Gall_CNVinf.h5ad
T09_C3_G1000,T09,3,1000,infercnv,success,2026-02-20 11:33:24.662588,2026-02-20 11:33:24.662588,38.64,output=T09_C3_G1000_CNVinf.h5ad
T09_C3_G1000,T09,3,1000,infercnv,success,2026-02-20 11:33:47.630192,2026-02-20 11:33:47.630192,31.77,output=T09_C3_G1000_CNVinf.h5ad
T09_C3_G10000,T09,3,10000,infercnv,success,2026-02-20 11:38:03.510151,2026-02-20 11:38:03.510151,278.73,output=T09_C3_G10000_CNVinf.h5ad
T09_C3_G10000,T09,3,10000,infercnv,success,2026-02-20 11:38:20.570635,2026-02-20 11:38:20.570635,272.83,output=T09_C3_G10000_CNVinf.h5ad
T09_C3_G15000,T09,3,15000,infercnv,failed,2026-02-20 11:46:37.227675,2026-02-20 11:46:37.227675,496.57,"[Errno 11] Unable to synchronously create file (unable to lock file, errno = 11, error message = 'Resource temporarily unavailable')"
T09_C3_G15000,T09,3,15000,infercnv,failed,2026-02-20 11:46:37.552202,2026-02-20 11:46:37.552202,513.92,"[Errno 13] Can't synchronously write data (file write failed: time = Fri Feb 20 11:46:37 2026
, filename = '/home/augusta/storage3/augusta/insituCNV/InSituCNV/Evaluate_technical_constrains/data/runs/T09_C3_G15000_CNVinf.h5ad', file descriptor = 66, errno = 13, error message = 'Permission denied', buf = 0x55799fdcd740, total write size = 180, bytes this sub-write = 180, offset = 46908860)"
T09_C3_G20000,T09,3,20000,infercnv,failed,2026-02-20 12:01:02.098760,2026-02-20 12:01:02.098760,864.51,"[Errno 11] Unable to synchronously create file (unable to lock file, errno = 11, error message = 'Resource temporarily unavailable')"
T09_C3_G20000,T09,3,20000,infercnv,failed,2026-02-20 12:01:05.554984,2026-02-20 12:01:05.554984,868.26,Unable to synchronously open file (bad object header version number)
T09_C3_G500,T09,3,500,infercnv,failed,2026-02-20 12:01:29.095395,2026-02-20 12:01:29.095395,23.44,Can't synchronously read data (wrong B-tree signature)
T09_C3_G500,T09,3,500,infercnv,success,2026-02-20 12:01:34.615377,2026-02-20 12:01:34.615377,32.46,output=T09_C3_G500_CNVinf.h5ad
T09_C3_G5000,T09,3,5000,infercnv,failed,2026-02-20 12:03:37.491045,2026-02-20 12:03:37.491045,122.72,"[Errno 11] Unable to synchronously create file (unable to lock file, errno = 11, error message = 'Resource temporarily unavailable')"
T09_C3_G5000,T09,3,5000,infercnv,failed,2026-02-20 12:03:40.427379,2026-02-20 12:03:40.427379,131.28,Can't synchronously read data (filter returned failure during read)
T09_C3_Gall,T09,3,all,infercnv,success,2026-02-20 12:26:24.107976,2026-02-20 12:26:24.107976,1366.58,output=T09_C3_Gall_CNVinf.h5ad
T09_C3_Gall,T09,3,all,infercnv,success,2026-02-20 12:27:05.886954,2026-02-20 12:27:05.886954,1405.4,output=T09_C3_Gall_CNVinf.h5ad
T09_C5_G1000,T09,5,1000,infercnv,success,2026-02-20 12:27:07.833065,2026-02-20 12:27:07.833065,43.64,output=T09_C5_G1000_CNVinf.h5ad
T09_C5_G1000,T09,5,1000,infercnv,success,2026-02-20 12:27:09.270465,2026-02-20 12:27:09.270465,0.0,already exists
T09_C5_G10000,T09,5,10000,infercnv,failed,2026-02-20 12:31:33.257509,2026-02-20 12:31:33.257509,265.37,"[Errno 11] Unable to synchronously create file (unable to lock file, errno = 11, error message = 'Resource temporarily unavailable')"
T09_C5_G10000,T09,5,10000,infercnv,failed,2026-02-20 12:31:39.063306,2026-02-20 12:31:39.063306,269.77,Can't synchronously read data (filter returned failure during read)
T09_C5_G15000,T09,5,15000,infercnv,failed,2026-02-20 12:39:56.046883,2026-02-20 12:39:56.046883,496.78,"[Errno 11] Unable to synchronously create file (unable to lock file, errno = 11, error message = 'Resource temporarily unavailable')"
T09_C5_G15000,T09,5,15000,infercnv,failed,2026-02-20 12:39:56.109531,2026-02-20 12:39:56.109531,502.72,"[Errno 13] Can't synchronously write data (file write failed: time = Fri Feb 20 12:39:56 2026
, filename = '/home/augusta/storage3/augusta/insituCNV/InSituCNV/Evaluate_technical_constrains/data/runs/T09_C5_G15000_CNVinf.h5ad', file descriptor = 66, errno = 13, error message = 'Permission denied', buf = 0x557a40704b40, total write size = 13842, bytes this sub-write = 13842, offset = 2135807)"
T09_C5_G20000,T09,5,20000,infercnv,success,2026-02-20 12:54:03.615472,2026-02-20 12:54:03.615472,847.5,output=T09_C5_G20000_CNVinf.h5ad
T09_C5_G500,T09,5,500,infercnv,success,2026-02-20 12:54:29.830437,2026-02-20 12:54:29.830437,26.14,output=T09_C5_G500_CNVinf.h5ad
T09_C5_G20000,T09,5,20000,infercnv,success,2026-02-20 12:55:25.640335,2026-02-20 12:55:25.640335,929.49,output=T09_C5_G20000_CNVinf.h5ad
T09_C5_G500,T09,5,500,infercnv,success,2026-02-20 12:55:25.736816,2026-02-20 12:55:25.736816,0.0,already exists
T09_C5_G5000,T09,5,5000,infercnv,success,2026-02-20 12:56:30.394036,2026-02-20 12:56:30.394036,120.51,output=T09_C5_G5000_CNVinf.h5ad
T09_C5_G5000,T09,5,5000,infercnv,success,2026-02-20 12:57:32.682808,2026-02-20 12:57:32.682808,126.92,output=T09_C5_G5000_CNVinf.h5ad
T09_C5_Gall,T09,5,all,infercnv,success,2026-02-20 13:19:09.289345,2026-02-20 13:19:09.289345,1358.84,output=T09_C5_Gall_CNVinf.h5ad
T09_C10_G1000,T09,10,1000,infercnv,success,2026-02-20 13:19:42.109357,2026-02-20 13:19:42.109357,32.76,output=T09_C10_G1000_CNVinf.h5ad
T09_C5_Gall,T09,5,all,infercnv,success,2026-02-20 13:22:04.215071,2026-02-20 13:22:04.215071,1471.43,output=T09_C5_Gall_CNVinf.h5ad
T09_C10_G1000,T09,10,1000,infercnv,success,2026-02-20 13:22:04.290018,2026-02-20 13:22:04.290018,0.0,already exists
T09_C10_G10000,T09,10,10000,infercnv,success,2026-02-20 13:24:06.110592,2026-02-20 13:24:06.110592,263.94,output=T09_C10_G10000_CNVinf.h5ad
T09_C10_G10000,T09,10,10000,infercnv,success,2026-02-20 13:26:21.539980,2026-02-20 13:26:21.539980,257.2,output=T09_C10_G10000_CNVinf.h5ad
T09_C10_G15000,T09,10,15000,infercnv,success,2026-02-20 13:32:23.119336,2026-02-20 13:32:23.119336,496.95,output=T09_C10_G15000_CNVinf.h5ad
T09_C10_G15000,T09,10,15000,infercnv,success,2026-02-20 13:34:25.961931,2026-02-20 13:34:25.961931,484.34,output=T09_C10_G15000_CNVinf.h5ad
T09_C10_G20000,T09,10,20000,infercnv,success,2026-02-20 13:46:26.210935,2026-02-20 13:46:26.210935,843.03,output=T09_C10_G20000_CNVinf.h5ad
T09_C10_G500,T09,10,500,infercnv,success,2026-02-20 13:46:44.449429,2026-02-20 13:46:44.449429,18.13,output=T09_C10_G500_CNVinf.h5ad
T09_C10_G20000,T09,10,20000,infercnv,success,2026-02-20 13:48:17.622789,2026-02-20 13:48:17.622789,831.52,output=T09_C10_G20000_CNVinf.h5ad
T09_C10_G500,T09,10,500,infercnv,success,2026-02-20 13:48:17.808806,2026-02-20 13:48:17.808806,0.0,already exists
T09_C10_G5000,T09,10,5000,infercnv,success,2026-02-20 13:48:37.181908,2026-02-20 13:48:37.181908,112.68,output=T09_C10_G5000_CNVinf.h5ad
T09_C10_G5000,T09,10,5000,infercnv,success,2026-02-20 13:50:11.692003,2026-02-20 13:50:11.692003,113.85,output=T09_C10_G5000_CNVinf.h5ad
T09_C10_Gall,T09,10,all,infercnv,success,2026-02-20 14:11:38.788737,2026-02-20 14:11:38.788737,1381.49,output=T09_C10_Gall_CNVinf.h5ad
T09_C20_G1000,T09,20,1000,infercnv,success,2026-02-20 14:12:16.331714,2026-02-20 14:12:16.331714,37.39,output=T09_C20_G1000_CNVinf.h5ad
T09_C10_Gall,T09,10,all,infercnv,success,2026-02-20 14:14:17.460907,2026-02-20 14:14:17.460907,1445.67,output=T09_C10_Gall_CNVinf.h5ad
T09_C20_G1000,T09,20,1000,infercnv,success,2026-02-20 14:14:17.562618,2026-02-20 14:14:17.562618,0.0,already exists
T09_C20_G10000,T09,20,10000,infercnv,success,2026-02-20 14:16:36.293988,2026-02-20 14:16:36.293988,259.88,output=T09_C20_G10000_CNVinf.h5ad
T09_C20_G10000,T09,20,10000,infercnv,success,2026-02-20 14:18:35.671840,2026-02-20 14:18:35.671840,258.07,output=T09_C20_G10000_CNVinf.h5ad
T09_C20_G15000,T09,20,15000,infercnv,success,2026-02-20 14:24:42.615258,2026-02-20 14:24:42.615258,486.27,output=T09_C20_G15000_CNVinf.h5ad
T09_C20_G15000,T09,20,15000,infercnv,success,2026-02-20 14:27:35.463383,2026-02-20 14:27:35.463383,539.66,output=T09_C20_G15000_CNVinf.h5ad
T09_C20_G20000,T09,20,20000,infercnv,success,2026-02-20 14:38:49.545278,2026-02-20 14:38:49.545278,846.87,output=T09_C20_G20000_CNVinf.h5ad
T09_C20_G500,T09,20,500,infercnv,success,2026-02-20 14:39:08.457039,2026-02-20 14:39:08.457039,18.85,output=T09_C20_G500_CNVinf.h5ad
T09_C20_G5000,T09,20,5000,infercnv,success,2026-02-20 14:41:03.472869,2026-02-20 14:41:03.472869,114.98,output=T09_C20_G5000_CNVinf.h5ad
T09_C20_G20000,T09,20,20000,infercnv,success,2026-02-20 14:41:40.264204,2026-02-20 14:41:40.264204,844.64,output=T09_C20_G20000_CNVinf.h5ad
T09_C20_G500,T09,20,500,infercnv,success,2026-02-20 14:41:40.407846,2026-02-20 14:41:40.407846,0.0,already exists
T09_C20_G5000,T09,20,5000,infercnv,success,2026-02-20 14:41:40.509445,2026-02-20 14:41:40.509445,0.0,already exists
T09_C20_Gall,T09,20,all,infercnv,failed,2026-02-20 15:03:49.058376,2026-02-20 15:03:49.058376,1365.46,"[Errno 11] Unable to synchronously create file (unable to lock file, errno = 11, error message = 'Resource temporarily unavailable')"
T09_C20_Gall,T09,20,all,infercnv,failed,2026-02-20 15:03:52.269021,2026-02-20 15:03:52.269021,1331.68,Unable to synchronously open file (bad object header version number)
T09_C50_G1000,T09,50,1000,infercnv,success,2026-02-20 15:04:16.364552,2026-02-20 15:04:16.364552,27.21,output=T09_C50_G1000_CNVinf.h5ad
T09_C50_G1000,T09,50,1000,infercnv,success,2026-02-20 15:04:26.306130,2026-02-20 15:04:26.306130,33.83,output=T09_C50_G1000_CNVinf.h5ad
T09_C50_G10000,T09,50,10000,infercnv,failed,2026-02-20 15:08:32.021660,2026-02-20 15:08:32.021660,245.67,"[Errno 11] Unable to synchronously create file (unable to lock file, errno = 11, error message = 'Resource temporarily unavailable')"
T09_C50_G10000,T09,50,10000,infercnv,failed,2026-02-20 15:08:38.787432,2026-02-20 15:08:38.787432,262.35,Can't synchronously read data (filter returned failure during read)
T09_C50_G15000,T09,50,15000,infercnv,success,2026-02-20 15:16:39.276537,2026-02-20 15:16:39.276537,487.2,output=T09_C50_G15000_CNVinf.h5ad
T09_C50_G15000,T09,50,15000,infercnv,success,2026-02-20 15:16:56.382352,2026-02-20 15:16:56.382352,497.55,output=T09_C50_G15000_CNVinf.h5ad
T09_C50_G20000,T09,50,20000,infercnv,failed,2026-02-20 15:31:21.150949,2026-02-20 15:31:21.150949,864.56,"[Errno 11] Unable to synchronously create file (unable to lock file, errno = 11, error message = 'Resource temporarily unavailable')"
T09_C50_G20000,T09,50,20000,infercnv,failed,2026-02-20 15:31:22.017413,2026-02-20 15:31:22.017413,882.59,"[Errno 13] Can't synchronously write data (file write failed: time = Fri Feb 20 15:31:21 2026
, filename = '/home/augusta/storage3/augusta/insituCNV/InSituCNV/Evaluate_technical_constrains/data/runs/T09_C50_G20000_CNVinf.h5ad', file descriptor = 66, errno = 13, error message = 'Permission denied', buf = 0x557a12ee5900, total write size = 2088, bytes this sub-write = 2088, offset = 125044256)"
T09_C50_G500,T09,50,500,infercnv,success,2026-02-20 15:31:45.435093,2026-02-20 15:31:45.435093,24.21,output=T09_C50_G500_CNVinf.h5ad
T09_C50_G500,T09,50,500,infercnv,success,2026-02-20 15:31:50.834033,2026-02-20 15:31:50.834033,28.72,output=T09_C50_G500_CNVinf.h5ad
T09_C50_G5000,T09,50,5000,infercnv,success,2026-02-20 15:33:38.361407,2026-02-20 15:33:38.361407,112.89,output=T09_C50_G5000_CNVinf.h5ad
T09_C50_G5000,T09,50,5000,infercnv,success,2026-02-20 15:34:26.799147,2026-02-20 15:34:26.799147,155.88,output=T09_C50_G5000_CNVinf.h5ad
T09_C50_Gall,T09,50,all,infercnv,success,2026-02-20 15:58:02.528539,2026-02-20 15:58:02.528539,1464.09,output=T09_C50_Gall_CNVinf.h5ad
T09_C70_G1000,T09,70,1000,infercnv,success,2026-02-20 15:58:28.361055,2026-02-20 15:58:28.361055,25.64,output=T09_C70_G1000_CNVinf.h5ad
T09_C50_Gall,T09,50,all,infercnv,success,2026-02-20 15:59:07.739392,2026-02-20 15:59:07.739392,1480.83,output=T09_C50_Gall_CNVinf.h5ad
T09_C70_G1000,T09,70,1000,infercnv,success,2026-02-20 15:59:07.847629,2026-02-20 15:59:07.847629,0.0,already exists
T09_C70_G10000,T09,70,10000,infercnv,success,2026-02-20 16:03:00.982728,2026-02-20 16:03:00.982728,272.52,output=T09_C70_G10000_CNVinf.h5ad
T09_C70_G10000,T09,70,10000,infercnv,success,2026-02-20 16:03:47.399169,2026-02-20 16:03:47.399169,279.43,output=T09_C70_G10000_CNVinf.h5ad
T09_C70_G15000,T09,70,15000,infercnv,success,2026-02-20 16:11:31.828151,2026-02-20 16:11:31.828151,510.62,output=T09_C70_G15000_CNVinf.h5ad
T09_C70_G15000,T09,70,15000,infercnv,success,2026-02-20 16:12:29.752803,2026-02-20 16:12:29.752803,522.3,output=T09_C70_G15000_CNVinf.h5ad
T09_C70_G20000,T09,70,20000,infercnv,success,2026-02-20 16:26:46.465992,2026-02-20 16:26:46.465992,914.48,output=T09_C70_G20000_CNVinf.h5ad
T09_C70_G500,T09,70,500,infercnv,success,2026-02-20 16:27:11.225252,2026-02-20 16:27:11.225252,24.61,output=T09_C70_G500_CNVinf.h5ad
T09_C70_G5000,T09,70,5000,infercnv,success,2026-02-20 16:28:54.261149,2026-02-20 16:28:54.261149,102.99,output=T09_C70_G5000_CNVinf.h5ad
T09_C70_G20000,T09,70,20000,infercnv,success,2026-02-20 16:29:35.534440,2026-02-20 16:29:35.534440,1025.72,output=T09_C70_G20000_CNVinf.h5ad
T09_C70_G500,T09,70,500,infercnv,success,2026-02-20 16:29:35.709882,2026-02-20 16:29:35.709882,0.0,already exists
T09_C70_G5000,T09,70,5000,infercnv,success,2026-02-20 16:29:35.820891,2026-02-20 16:29:35.820891,0.0,already exists
T09_C70_Gall,T09,70,all,infercnv,success,2026-02-20 16:52:25.496817,2026-02-20 16:52:25.496817,1411.17,output=T09_C70_Gall_CNVinf.h5ad
T09_C100_G1000,T09,100,1000,infercnv,success,2026-02-20 16:52:52.358867,2026-02-20 16:52:52.358867,26.73,output=T09_C100_G1000_CNVinf.h5ad
T09_C70_Gall,T09,70,all,infercnv,success,2026-02-20 16:53:49.182324,2026-02-20 16:53:49.182324,1453.31,output=T09_C70_Gall_CNVinf.h5ad
T09_C100_G1000,T09,100,1000,infercnv,success,2026-02-20 16:53:49.284457,2026-02-20 16:53:49.284457,0.0,already exists
T09_C100_G10000,T09,100,10000,infercnv,success,2026-02-20 16:57:42.120874,2026-02-20 16:57:42.120874,289.54,output=T09_C100_G10000_CNVinf.h5ad
T09_C100_G10000,T09,100,10000,infercnv,success,2026-02-20 16:58:15.177242,2026-02-20 16:58:15.177242,265.84,output=T09_C100_G10000_CNVinf.h5ad
T09_C100_G15000,T09,100,15000,infercnv,success,2026-02-20 17:05:45.275796,2026-02-20 17:05:45.275796,483.13,output=T09_C100_G15000_CNVinf.h5ad
T09_C100_G15000,T09,100,15000,infercnv,success,2026-02-20 17:06:39.463074,2026-02-20 17:06:39.463074,504.19,output=T09_C100_G15000_CNVinf.h5ad
T09_C100_G20000,T09,100,20000,infercnv,success,2026-02-20 17:19:40.707705,2026-02-20 17:19:40.707705,835.32,output=T09_C100_G20000_CNVinf.h5ad
T09_C100_G500,T09,100,500,infercnv,success,2026-02-20 17:20:04.679683,2026-02-20 17:20:04.679683,23.78,output=T09_C100_G500_CNVinf.h5ad
T09_C100_G20000,T09,100,20000,infercnv,success,2026-02-20 17:21:07.609323,2026-02-20 17:21:07.609323,868.07,output=T09_C100_G20000_CNVinf.h5ad
T09_C100_G500,T09,100,500,infercnv,success,2026-02-20 17:21:07.769076,2026-02-20 17:21:07.769076,0.0,already exists
T09_C100_G5000,T09,100,5000,infercnv,success,2026-02-20 17:21:42.898620,2026-02-20 17:21:42.898620,97.42,output=T09_C100_G5000_CNVinf.h5ad
T09_C100_G5000,T09,100,5000,infercnv,success,2026-02-20 17:22:53.781736,2026-02-20 17:22:53.781736,105.95,output=T09_C100_G5000_CNVinf.h5ad
T09_C100_Gall,T09,100,all,infercnv,success,2026-02-20 17:45:24.676879,2026-02-20 17:45:24.676879,1421.58,output=T09_C100_Gall_CNVinf.h5ad
T10_C1_G1000,T10,1,1000,infercnv,success,2026-02-20 17:46:01.562087,2026-02-20 17:46:01.562087,36.82,output=T10_C1_G1000_CNVinf.h5ad
T09_C100_Gall,T09,100,all,infercnv,success,2026-02-20 17:46:27.155346,2026-02-20 17:46:27.155346,1413.18,output=T09_C100_Gall_CNVinf.h5ad
T10_C1_G1000,T10,1,1000,infercnv,success,2026-02-20 17:46:27.196084,2026-02-20 17:46:27.196084,0.0,already exists
T10_C1_G10000,T10,1,10000,infercnv,success,2026-02-20 17:50:15.674580,2026-02-20 17:50:15.674580,254.07,output=T10_C1_G10000_CNVinf.h5ad
T10_C1_G10000,T10,1,10000,infercnv,success,2026-02-20 17:50:48.384500,2026-02-20 17:50:48.384500,261.17,output=T10_C1_G10000_CNVinf.h5ad
T10_C1_G15000,T10,1,15000,infercnv,success,2026-02-20 17:58:12.230419,2026-02-20 17:58:12.230419,476.51,output=T10_C1_G15000_CNVinf.h5ad
T10_C1_G15000,T10,1,15000,infercnv,success,2026-02-20 17:59:15.401906,2026-02-20 17:59:15.401906,506.78,output=T10_C1_G15000_CNVinf.h5ad
T10_C1_G20000,T10,1,20000,infercnv,success,2026-02-20 18:11:47.165898,2026-02-20 18:11:47.165898,814.87,output=T10_C1_G20000_CNVinf.h5ad
T10_C1_G500,T10,1,500,infercnv,success,2026-02-20 18:12:22.771870,2026-02-20 18:12:22.771870,35.5,output=T10_C1_G500_CNVinf.h5ad
T10_C1_G20000,T10,1,20000,infercnv,success,2026-02-20 18:13:41.703604,2026-02-20 18:13:41.703604,866.23,output=T10_C1_G20000_CNVinf.h5ad
T10_C1_G500,T10,1,500,infercnv,success,2026-02-20 18:13:41.763422,2026-02-20 18:13:41.763422,0.0,already exists
T10_C1_G5000,T10,1,5000,infercnv,success,2026-02-20 18:14:04.155982,2026-02-20 18:14:04.155982,101.26,output=T10_C1_G5000_CNVinf.h5ad
T10_C1_G5000,T10,1,5000,infercnv,success,2026-02-20 18:15:30.440619,2026-02-20 18:15:30.440619,108.66,output=T10_C1_G5000_CNVinf.h5ad
T10_C1_Gall,T10,1,all,infercnv,success,2026-02-20 18:36:23.592168,2026-02-20 18:36:23.592168,1339.39,output=T10_C1_Gall_CNVinf.h5ad
T10_C2_G1000,T10,2,1000,infercnv,success,2026-02-20 18:36:50.055253,2026-02-20 18:36:50.055253,26.38,output=T10_C2_G1000_CNVinf.h5ad
T10_C1_Gall,T10,1,all,infercnv,success,2026-02-20 18:39:07.086573,2026-02-20 18:39:07.086573,1416.43,output=T10_C1_Gall_CNVinf.h5ad
T10_C2_G1000,T10,2,1000,infercnv,success,2026-02-20 18:39:07.132914,2026-02-20 18:39:07.132914,0.0,already exists
T10_C2_G10000,T10,2,10000,infercnv,success,2026-02-20 18:40:52.136196,2026-02-20 18:40:52.136196,242.02,output=T10_C2_G10000_CNVinf.h5ad
T10_C2_G10000,T10,2,10000,infercnv,success,2026-02-20 18:43:25.649232,2026-02-20 18:43:25.649232,258.5,output=T10_C2_G10000_CNVinf.h5ad
T10_C2_G15000,T10,2,15000,infercnv,success,2026-02-20 18:48:41.328959,2026-02-20 18:48:41.328959,469.11,output=T10_C2_G15000_CNVinf.h5ad
T10_C2_G15000,T10,2,15000,infercnv,success,2026-02-20 18:51:44.426142,2026-02-20 18:51:44.426142,498.54,output=T10_C2_G15000_CNVinf.h5ad
T10_C2_G20000,T10,2,20000,infercnv,success,2026-02-20 19:02:25.413234,2026-02-20 19:02:25.413234,823.93,output=T10_C2_G20000_CNVinf.h5ad
T10_C2_G500,T10,2,500,infercnv,success,2026-02-20 19:02:49.289070,2026-02-20 19:02:49.289070,23.83,output=T10_C2_G500_CNVinf.h5ad
T10_C2_G5000,T10,2,5000,infercnv,success,2026-02-20 19:04:29.879582,2026-02-20 19:04:29.879582,100.54,output=T10_C2_G5000_CNVinf.h5ad
T10_C2_G20000,T10,2,20000,infercnv,success,2026-02-20 19:06:10.391808,2026-02-20 19:06:10.391808,865.93,output=T10_C2_G20000_CNVinf.h5ad
T10_C2_G500,T10,2,500,infercnv,success,2026-02-20 19:06:10.496078,2026-02-20 19:06:10.496078,0.0,already exists
T10_C2_G5000,T10,2,5000,infercnv,success,2026-02-20 19:06:10.565957,2026-02-20 19:06:10.565957,0.0,already exists
T10_C2_Gall,T10,2,all,infercnv,success,2026-02-20 19:28:46.849014,2026-02-20 19:28:46.849014,1456.67,output=T10_C2_Gall_CNVinf.h5ad
T10_C3_G1000,T10,3,1000,infercnv,success,2026-02-20 19:29:14.862471,2026-02-20 19:29:14.862471,27.9,output=T10_C3_G1000_CNVinf.h5ad
T10_C2_Gall,T10,2,all,infercnv,success,2026-02-20 19:29:59.733816,2026-02-20 19:29:59.733816,1429.12,output=T10_C2_Gall_CNVinf.h5ad
T10_C3_G1000,T10,3,1000,infercnv,success,2026-02-20 19:29:59.859475,2026-02-20 19:29:59.859475,0.0,already exists
T10_C3_G10000,T10,3,10000,infercnv,success,2026-02-20 19:33:19.151803,2026-02-20 19:33:19.151803,244.18,output=T10_C3_G10000_CNVinf.h5ad
T10_C3_G10000,T10,3,10000,infercnv,success,2026-02-20 19:34:17.518097,2026-02-20 19:34:17.518097,257.64,output=T10_C3_G10000_CNVinf.h5ad
T10_C3_G15000,T10,3,15000,infercnv,success,2026-02-20 19:41:16.710751,2026-02-20 19:41:16.710751,477.38,output=T10_C3_G15000_CNVinf.h5ad
T10_C3_G15000,T10,3,15000,infercnv,success,2026-02-20 19:42:33.957214,2026-02-20 19:42:33.957214,496.28,output=T10_C3_G15000_CNVinf.h5ad
T10_C3_G20000,T10,3,20000,infercnv,success,2026-02-20 19:56:49.927597,2026-02-20 19:56:49.927597,933.18,output=T10_C3_G20000_CNVinf.h5ad
T10_C3_G20000,T10,3,20000,infercnv,success,2026-02-20 19:57:09.136071,2026-02-20 19:57:09.136071,875.0,output=T10_C3_G20000_CNVinf.h5ad
T10_C3_G500,T10,3,500,infercnv,success,2026-02-20 19:57:26.101092,2026-02-20 19:57:26.101092,36.02,output=T10_C3_G500_CNVinf.h5ad
T10_C3_G500,T10,3,500,infercnv,success,2026-02-20 19:57:49.013077,2026-02-20 19:57:49.013077,39.8,output=T10_C3_G500_CNVinf.h5ad
T10_C3_G5000,T10,3,5000,infercnv,success,2026-02-20 19:59:27.453210,2026-02-20 19:59:27.453210,121.26,output=T10_C3_G5000_CNVinf.h5ad
T10_C3_G5000,T10,3,5000,infercnv,success,2026-02-20 19:59:40.724431,2026-02-20 19:59:40.724431,111.67,output=T10_C3_G5000_CNVinf.h5ad
T10_C3_Gall,T10,3,all,infercnv,failed,2026-02-20 20:22:58.930568,2026-02-20 20:22:58.930568,1411.28,Can't synchronously read data (filter returned failure during read)
T10_C3_Gall,T10,3,all,infercnv,success,2026-02-20 20:23:25.891426,2026-02-20 20:23:25.891426,1424.92,output=T10_C3_Gall_CNVinf.h5ad
T10_C5_G1000,T10,5,1000,infercnv,success,2026-02-20 20:23:25.925631,2026-02-20 20:23:25.925631,0.0,already exists
T10_C5_G1000,T10,5,1000,infercnv,success,2026-02-20 20:23:25.963842,2026-02-20 20:23:25.963842,26.95,output=T10_C5_G1000_CNVinf.h5ad
T10_C5_G10000,T10,5,10000,infercnv,failed,2026-02-20 20:27:36.839929,2026-02-20 20:27:36.839929,250.91,"[Errno 11] Unable to synchronously create file (unable to lock file, errno = 11, error message = 'Resource temporarily unavailable')"
T10_C5_G15000,T10,5,15000,infercnv,success,2026-02-20 20:35:53.088397,2026-02-20 20:35:53.088397,496.2,output=T10_C5_G15000_CNVinf.h5ad
T10_C5_G20000,T10,5,20000,infercnv,success,2026-02-20 20:50:00.488432,2026-02-20 20:50:00.488432,847.38,output=T10_C5_G20000_CNVinf.h5ad
T10_C5_G500,T10,5,500,infercnv,success,2026-02-20 20:50:30.658205,2026-02-20 20:50:30.658205,30.09,output=T10_C5_G500_CNVinf.h5ad
T10_C5_G5000,T10,5,5000,infercnv,success,2026-02-20 20:52:18.412683,2026-02-20 20:52:18.412683,107.69,output=T10_C5_G5000_CNVinf.h5ad
T10_C5_Gall,T10,5,all,infercnv,success,2026-02-20 21:15:16.554044,2026-02-20 21:15:16.554044,1378.07,output=T10_C5_Gall_CNVinf.h5ad
T10_C10_G1000,T10,10,1000,infercnv,success,2026-02-20 21:15:48.212138,2026-02-20 21:15:48.212138,31.6,output=T10_C10_G1000_CNVinf.h5ad
T10_C10_G10000,T10,10,10000,infercnv,success,2026-02-20 21:20:03.421371,2026-02-20 21:20:03.421371,255.12,output=T10_C10_G10000_CNVinf.h5ad
T10_C10_G15000,T10,10,15000,infercnv,success,2026-02-20 21:28:18.052540,2026-02-20 21:28:18.052540,494.52,output=T10_C10_G15000_CNVinf.h5ad
T10_C10_G20000,T10,10,20000,infercnv,success,2026-02-20 21:42:23.450088,2026-02-20 21:42:23.450088,845.14,output=T10_C10_G20000_CNVinf.h5ad
T10_C10_G500,T10,10,500,infercnv,success,2026-02-20 21:42:54.112280,2026-02-20 21:42:54.112280,30.46,output=T10_C10_G500_CNVinf.h5ad
T10_C10_G5000,T10,10,5000,infercnv,success,2026-02-20 21:44:35.965390,2026-02-20 21:44:35.965390,101.81,output=T10_C10_G5000_CNVinf.h5ad
T10_C10_Gall,T10,10,all,infercnv,success,2026-02-20 22:07:44.512547,2026-02-20 22:07:44.512547,1388.5,output=T10_C10_Gall_CNVinf.h5ad
T10_C20_G1000,T10,20,1000,infercnv,success,2026-02-20 22:08:19.285849,2026-02-20 22:08:19.285849,34.48,output=T10_C20_G1000_CNVinf.h5ad
T10_C20_G10000,T10,20,10000,infercnv,success,2026-02-20 22:12:36.886270,2026-02-20 22:12:36.886270,257.54,output=T10_C20_G10000_CNVinf.h5ad
T10_C20_G15000,T10,20,15000,infercnv,success,2026-02-20 22:20:49.248511,2026-02-20 22:20:49.248511,492.33,output=T10_C20_G15000_CNVinf.h5ad
T10_C20_G20000,T10,20,20000,infercnv,success,2026-02-20 22:35:06.216477,2026-02-20 22:35:06.216477,856.41,output=T10_C20_G20000_CNVinf.h5ad
T10_C20_G500,T10,20,500,infercnv,success,2026-02-20 22:35:32.141720,2026-02-20 22:35:32.141720,25.89,output=T10_C20_G500_CNVinf.h5ad
T10_C20_G5000,T10,20,5000,infercnv,success,2026-02-20 22:37:13.988328,2026-02-20 22:37:13.988328,101.78,output=T10_C20_G5000_CNVinf.h5ad
T10_C20_Gall,T10,20,all,infercnv,success,2026-02-20 23:00:00.591525,2026-02-20 23:00:00.591525,1366.55,output=T10_C20_Gall_CNVinf.h5ad
T10_C50_G1000,T10,50,1000,infercnv,success,2026-02-20 23:00:30.792685,2026-02-20 23:00:30.792685,30.18,output=T10_C50_G1000_CNVinf.h5ad
T10_C50_G10000,T10,50,10000,infercnv,success,2026-02-20 23:04:43.947585,2026-02-20 23:04:43.947585,253.11,output=T10_C50_G10000_CNVinf.h5ad
T10_C50_G15000,T10,50,15000,infercnv,success,2026-02-20 23:12:51.592105,2026-02-20 23:12:51.592105,487.58,output=T10_C50_G15000_CNVinf.h5ad
T10_C50_G20000,T10,50,20000,infercnv,success,2026-02-20 23:27:00.431781,2026-02-20 23:27:00.431781,848.81,output=T10_C50_G20000_CNVinf.h5ad
T10_C50_G500,T10,50,500,infercnv,failed,2026-02-20 23:28:14.370298,2026-02-20 23:28:14.370298,73.68,"Could not reach 4 clusters after 100 resolution adjustments (last resolution=0.7, last_n_clusters=3)."
T10_C50_G5000,T10,50,5000,infercnv,success,2026-02-20 23:29:55.222963,2026-02-20 23:29:55.222963,100.54,output=T10_C50_G5000_CNVinf.h5ad
T10_C50_Gall,T10,50,all,infercnv,success,2026-02-20 23:52:35.816951,2026-02-20 23:52:35.816951,1360.36,output=T10_C50_Gall_CNVinf.h5ad
T10_C70_G1000,T10,70,1000,infercnv,success,2026-02-20 23:53:06.866983,2026-02-20 23:53:06.866983,30.79,output=T10_C70_G1000_CNVinf.h5ad
T10_C70_G10000,T10,70,10000,infercnv,success,2026-02-20 23:57:23.417680,2026-02-20 23:57:23.417680,256.45,output=T10_C70_G10000_CNVinf.h5ad
T10_C70_G15000,T10,70,15000,infercnv,success,2026-02-21 00:05:32.831067,2026-02-21 00:05:32.831067,489.32,output=T10_C70_G15000_CNVinf.h5ad
T10_C70_G20000,T10,70,20000,infercnv,success,2026-02-21 00:19:51.733583,2026-02-21 00:19:51.733583,858.84,output=T10_C70_G20000_CNVinf.h5ad
T10_C70_G500,T10,70,500,infercnv,success,2026-02-21 00:20:17.607790,2026-02-21 00:20:17.607790,25.72,output=T10_C70_G500_CNVinf.h5ad
T10_C70_G5000,T10,70,5000,infercnv,success,2026-02-21 00:21:59.292123,2026-02-21 00:21:59.292123,101.05,output=T10_C70_G5000_CNVinf.h5ad
T10_C70_Gall,T10,70,all,infercnv,success,2026-02-21 00:44:50.990880,2026-02-21 00:44:50.990880,1371.57,output=T10_C70_Gall_CNVinf.h5ad
T10_C100_G1000,T10,100,1000,infercnv,success,2026-02-21 00:45:20.873341,2026-02-21 00:45:20.873341,29.77,output=T10_C100_G1000_CNVinf.h5ad
T10_C100_G10000,T10,100,10000,infercnv,success,2026-02-21 00:49:38.004103,2026-02-21 00:49:38.004103,257.0,output=T10_C100_G10000_CNVinf.h5ad
T10_C100_G15000,T10,100,15000,infercnv,success,2026-02-21 00:57:51.712813,2026-02-21 00:57:51.712813,493.55,output=T10_C100_G15000_CNVinf.h5ad
T10_C100_G20000,T10,100,20000,infercnv,success,2026-02-21 01:12:03.223979,2026-02-21 01:12:03.223979,851.45,output=T10_C100_G20000_CNVinf.h5ad
T10_C100_G500,T10,100,500,infercnv,success,2026-02-21 01:12:30.065707,2026-02-21 01:12:30.065707,26.78,output=T10_C100_G500_CNVinf.h5ad
T10_C100_G5000,T10,100,5000,infercnv,success,2026-02-21 01:14:12.999847,2026-02-21 01:14:12.999847,102.89,output=T10_C100_G5000_CNVinf.h5ad
T10_C100_Gall,T10,100,all,infercnv,success,2026-02-21 01:37:23.988110,2026-02-21 01:37:23.988110,1390.92,output=T10_C100_Gall_CNVinf.h5ad
T01_C1_G1000,T01,1,1000,metrics,success,2026-02-24 10:21:34.175611,2026-02-24 10:21:34.175611,3.19,cluster_key=cnv_leiden_res0.57
T01_C1_G10000,T01,1,10000,metrics,success,2026-02-24 10:22:05.521979,2026-02-24 10:22:05.521979,24.08,cluster_key=cnv_leiden_res0.69
T01_C1_G15000,T01,1,15000,metrics,success,2026-02-24 10:22:55.721177,2026-02-24 10:22:55.721177,50.14,cluster_key=cnv_leiden_res0.7
T01_C1_G20000,T01,1,20000,metrics,success,2026-02-24 10:23:51.427498,2026-02-24 10:23:51.427498,55.69,cluster_key=cnv_leiden_res0.63
T01_C1_G500,T01,1,500,metrics,success,2026-02-24 10:23:53.556958,2026-02-24 10:23:53.556958,2.11,cluster_key=cnv_leiden_res0.39
T01_C1_G5000,T01,1,5000,metrics,success,2026-02-24 10:24:12.252611,2026-02-24 10:24:12.252611,18.64,cluster_key=cnv_leiden_res0.68
T01_C1_Gall,T01,1,all,metrics,success,2026-02-24 10:25:08.729449,2026-02-24 10:25:08.729449,56.47,cluster_key=cnv_leiden_res0.7
T01_C2_G1000,T01,2,1000,metrics,success,2026-02-24 10:25:10.725023,2026-02-24 10:25:10.725023,1.91,cluster_key=cnv_leiden_res0.57
T01_C2_G10000,T01,2,10000,metrics,success,2026-02-24 10:25:36.683358,2026-02-24 10:25:36.683358,25.91,cluster_key=cnv_leiden_res0.72
T01_C2_G15000,T01,2,15000,metrics,success,2026-02-24 10:26:11.497308,2026-02-24 10:26:11.497308,34.8,cluster_key=cnv_leiden_res0.7
T01_C2_G20000,T01,2,20000,metrics,success,2026-02-24 10:27:03.057639,2026-02-24 10:27:03.057639,51.48,cluster_key=cnv_leiden_res0.64
T01_C2_G500,T01,2,500,metrics,success,2026-02-24 10:27:04.897598,2026-02-24 10:27:04.897598,1.79,cluster_key=cnv_leiden_res0.7
T01_C2_G5000,T01,2,5000,metrics,success,2026-02-24 10:27:18.445796,2026-02-24 10:27:18.445796,13.52,cluster_key=cnv_leiden_res0.69
T01_C2_Gall,T01,2,all,metrics,success,2026-02-24 10:28:20.417213,2026-02-24 10:28:20.417213,61.94,cluster_key=cnv_leiden_res0.67
T01_C3_G1000,T01,3,1000,metrics,success,2026-02-24 10:28:23.949183,2026-02-24 10:28:23.949183,3.43,cluster_key=cnv_leiden_res0.61
T01_C3_G10000,T01,3,10000,metrics,success,2026-02-24 10:28:34.830973,2026-02-24 10:28:34.830973,10.83,cluster_key=cnv_leiden_res0.76
T01_C3_G15000,T01,3,15000,metrics,success,2026-02-24 10:29:12.840049,2026-02-24 10:29:12.840049,37.97,cluster_key=cnv_leiden_res0.7
T01_C3_G20000,T01,3,20000,metrics,success,2026-02-24 10:30:12.217674,2026-02-24 10:30:12.217674,59.3,cluster_key=cnv_leiden_res0.64
T01_C3_G500,T01,3,500,metrics,success,2026-02-24 10:30:14.734623,2026-02-24 10:30:14.734623,2.49,cluster_key=cnv_leiden_res0.66
T01_C3_G5000,T01,3,5000,metrics,success,2026-02-24 10:30:28.926750,2026-02-24 10:30:28.926750,14.13,cluster_key=cnv_leiden_res0.68
T01_C3_Gall,T01,3,all,metrics,success,2026-02-24 10:31:47.193528,2026-02-24 10:31:47.193528,78.24,cluster_key=cnv_leiden_res0.69
T01_C5_G1000,T01,5,1000,metrics,success,2026-02-24 10:31:50.592273,2026-02-24 10:31:50.592273,3.34,cluster_key=cnv_leiden_res0.65
T01_C5_G10000,T01,5,10000,metrics,success,2026-02-24 10:32:23.425931,2026-02-24 10:32:23.425931,32.8,cluster_key=cnv_leiden_res0.7
T01_C5_G15000,T01,5,15000,metrics,success,2026-02-24 10:33:32.413479,2026-02-24 10:33:32.413479,68.93,cluster_key=cnv_leiden_res0.7
T01_C5_G20000,T01,5,20000,metrics,success,2026-02-24 10:34:06.924763,2026-02-24 10:34:06.924763,34.47,cluster_key=cnv_leiden_res0.66
T01_C5_G500,T01,5,500,metrics,success,2026-02-24 10:34:08.523966,2026-02-24 10:34:08.523966,1.55,cluster_key=cnv_leiden_res0.63
T01_C5_G5000,T01,5,5000,metrics,success,2026-02-24 10:34:13.038548,2026-02-24 10:34:13.038548,4.5,cluster_key=cnv_leiden_res0.7
T01_C5_Gall,T01,5,all,metrics,success,2026-02-24 10:35:20.150483,2026-02-24 10:35:20.150483,67.07,cluster_key=cnv_leiden_res0.62
T01_C10_G1000,T01,10,1000,metrics,success,2026-02-24 10:35:22.649392,2026-02-24 10:35:22.649392,2.46,cluster_key=cnv_leiden_res0.63
T01_C10_G10000,T01,10,10000,metrics,success,2026-02-24 10:35:51.308392,2026-02-24 10:35:51.308392,28.64,cluster_key=cnv_leiden_res0.7
T01_C10_G15000,T01,10,15000,metrics,success,2026-02-24 10:36:33.871600,2026-02-24 10:36:33.871600,42.51,cluster_key=cnv_leiden_res0.7
T01_C10_G20000,T01,10,20000,metrics,success,2026-02-24 10:37:26.540124,2026-02-24 10:37:26.540124,52.61,cluster_key=cnv_leiden_res0.68
T01_C10_G500,T01,10,500,metrics,success,2026-02-24 10:37:28.174604,2026-02-24 10:37:28.174604,1.59,cluster_key=cnv_leiden_res0.69
T01_C10_G5000,T01,10,5000,metrics,success,2026-02-24 10:37:54.489491,2026-02-24 10:37:54.489491,26.3,cluster_key=cnv_leiden_res0.7
T01_C10_Gall,T01,10,all,metrics,success,2026-02-24 10:38:29.913207,2026-02-24 10:38:29.913207,35.39,cluster_key=cnv_leiden_res0.66
T01_C20_G1000,T01,20,1000,metrics,success,2026-02-24 10:38:31.374143,2026-02-24 10:38:31.374143,1.43,cluster_key=cnv_leiden_res0.61
T01_C20_G10000,T01,20,10000,metrics,success,2026-02-24 10:38:39.107963,2026-02-24 10:38:39.107963,7.71,cluster_key=cnv_leiden_res0.7
T01_C20_G15000,T01,20,15000,metrics,success,2026-02-24 10:39:18.163914,2026-02-24 10:39:18.163914,39.04,cluster_key=cnv_leiden_res0.7
T01_C20_G20000,T01,20,20000,metrics,success,2026-02-24 10:40:08.821472,2026-02-24 10:40:08.821472,50.61,cluster_key=cnv_leiden_res0.7
T01_C20_G500,T01,20,500,metrics,success,2026-02-24 10:40:10.479548,2026-02-24 10:40:10.479548,1.61,cluster_key=cnv_leiden_res0.69
T01_C20_G5000,T01,20,5000,metrics,success,2026-02-24 10:40:31.130990,2026-02-24 10:40:31.130990,20.62,cluster_key=cnv_leiden_res0.73
T01_C20_Gall,T01,20,all,metrics,success,2026-02-24 10:41:40.441980,2026-02-24 10:41:40.441980,69.28,cluster_key=cnv_leiden_res0.66
T01_C50_G1000,T01,50,1000,metrics,success,2026-02-24 10:41:42.500271,2026-02-24 10:41:42.500271,2.02,cluster_key=cnv_leiden_res0.66
T01_C50_G10000,T01,50,10000,metrics,success,2026-02-24 10:41:51.590702,2026-02-24 10:41:51.590702,9.06,cluster_key=cnv_leiden_res0.7
T01_C50_G15000,T01,50,15000,metrics,success,2026-02-24 10:42:03.411581,2026-02-24 10:42:03.411581,11.8,cluster_key=cnv_leiden_res0.69
T01_C50_G20000,T01,50,20000,metrics,success,2026-02-24 10:42:44.759536,2026-02-24 10:42:44.759536,41.33,cluster_key=cnv_leiden_res0.64
T01_C50_G500,T01,50,500,metrics,success,2026-02-24 10:42:46.007108,2026-02-24 10:42:46.007108,1.2,cluster_key=cnv_leiden_res0.67
T01_C50_G5000,T01,50,5000,metrics,success,2026-02-24 10:42:50.354395,2026-02-24 10:42:50.354395,4.32,cluster_key=cnv_leiden_res0.82
T01_C50_Gall,T01,50,all,metrics,success,2026-02-24 10:43:58.388364,2026-02-24 10:43:58.388364,68.01,cluster_key=cnv_leiden_res0.59
T01_C70_G1000,T01,70,1000,metrics,success,2026-02-24 10:44:00.456079,2026-02-24 10:44:00.456079,2.04,cluster_key=cnv_leiden_res0.64
T01_C70_G10000,T01,70,10000,metrics,success,2026-02-24 10:44:30.990832,2026-02-24 10:44:30.990832,30.52,cluster_key=cnv_leiden_res0.58
T01_C70_G15000,T01,70,15000,metrics,success,2026-02-24 10:45:14.008338,2026-02-24 10:45:14.008338,42.98,cluster_key=cnv_leiden_res0.65
T01_C70_G20000,T01,70,20000,metrics,success,2026-02-24 10:46:02.307802,2026-02-24 10:46:02.307802,48.23,cluster_key=cnv_leiden_res0.64
T01_C70_G500,T01,70,500,metrics,success,2026-02-24 10:46:03.587968,2026-02-24 10:46:03.587968,1.25,cluster_key=cnv_leiden_res0.68
T01_C70_G5000,T01,70,5000,metrics,success,2026-02-24 10:46:08.575581,2026-02-24 10:46:08.575581,4.94,cluster_key=cnv_leiden_res0.77
T01_C70_Gall,T01,70,all,metrics,success,2026-02-24 10:46:50.862498,2026-02-24 10:46:50.862498,42.24,cluster_key=cnv_leiden_res0.54
T01_C100_G1000,T01,100,1000,metrics,success,2026-02-24 10:46:53.060873,2026-02-24 10:46:53.060873,2.16,cluster_key=cnv_leiden_res0.68
T01_C100_G10000,T01,100,10000,metrics,success,2026-02-24 10:47:05.359766,2026-02-24 10:47:05.359766,12.24,cluster_key=cnv_leiden_res0.61
T01_C100_G15000,T01,100,15000,metrics,success,2026-02-24 10:47:44.600532,2026-02-24 10:47:44.600532,39.19,cluster_key=cnv_leiden_res0.63
T01_C100_G20000,T01,100,20000,metrics,success,2026-02-24 10:48:52.975548,2026-02-24 10:48:52.975548,68.34,cluster_key=cnv_leiden_res0.59
T01_C100_G500,T01,100,500,metrics,success,2026-02-24 10:48:54.647448,2026-02-24 10:48:54.647448,1.63,cluster_key=cnv_leiden_res0.7
T01_C100_G5000,T01,100,5000,metrics,success,2026-02-24 10:49:13.793825,2026-02-24 10:49:13.793825,19.09,cluster_key=cnv_leiden_res0.76
T01_C100_Gall,T01,100,all,metrics,success,2026-02-24 10:50:41.805867,2026-02-24 10:50:41.805867,87.65,cluster_key=cnv_leiden_res0.55
T02_C1_G1000,T02,1,1000,metrics,success,2026-02-24 10:50:44.264466,2026-02-24 10:50:44.264466,2.44,cluster_key=cnv_leiden_res0.52
T02_C1_G10000,T02,1,10000,metrics,success,2026-02-24 10:50:56.649869,2026-02-24 10:50:56.649869,12.27,cluster_key=cnv_leiden_res0.7
T02_C1_G15000,T02,1,15000,metrics,success,2026-02-24 10:51:10.184491,2026-02-24 10:51:10.184491,13.43,cluster_key=cnv_leiden_res0.7
T02_C1_G20000,T02,1,20000,metrics,success,2026-02-24 10:52:28.101357,2026-02-24 10:52:28.101357,77.9,cluster_key=cnv_leiden_res0.66
T02_C1_G500,T02,1,500,metrics,success,2026-02-24 10:52:30.299955,2026-02-24 10:52:30.299955,2.16,cluster_key=cnv_leiden_res0.51
T02_C1_G5000,T02,1,5000,metrics,success,2026-02-24 10:52:38.222215,2026-02-24 10:52:38.222215,7.88,cluster_key=cnv_leiden_res0.7
T02_C1_Gall,T02,1,all,metrics,success,2026-02-24 10:53:54.597960,2026-02-24 10:53:54.597960,76.34,cluster_key=cnv_leiden_res0.68
T02_C2_G1000,T02,2,1000,metrics,success,2026-02-24 10:53:57.555463,2026-02-24 10:53:57.555463,2.92,cluster_key=cnv_leiden_res0.63
T02_C2_G10000,T02,2,10000,metrics,success,2026-02-24 10:54:36.448442,2026-02-24 10:54:36.448442,38.85,cluster_key=cnv_leiden_res0.7
T02_C2_G15000,T02,2,15000,metrics,success,2026-02-24 10:55:24.652412,2026-02-24 10:55:24.652412,48.17,cluster_key=cnv_leiden_res0.7
T02_C2_G20000,T02,2,20000,metrics,success,2026-02-24 10:55:54.691292,2026-02-24 10:55:54.691292,29.99,cluster_key=cnv_leiden_res0.7
T02_C2_G500,T02,2,500,metrics,success,2026-02-24 10:55:56.203205,2026-02-24 10:55:56.203205,1.48,cluster_key=cnv_leiden_res0.67
T02_C2_G5000,T02,2,5000,metrics,success,2026-02-24 10:56:03.162110,2026-02-24 10:56:03.162110,6.92,cluster_key=cnv_leiden_res0.7
T02_C2_Gall,T02,2,all,metrics,success,2026-02-24 10:57:34.301350,2026-02-24 10:57:34.301350,91.11,cluster_key=cnv_leiden_res0.7
T02_C3_G1000,T02,3,1000,metrics,success,2026-02-24 10:57:37.719608,2026-02-24 10:57:37.719608,3.35,cluster_key=cnv_leiden_res0.69
T02_C3_G10000,T02,3,10000,metrics,success,2026-02-24 10:57:50.491723,2026-02-24 10:57:50.491723,12.72,cluster_key=cnv_leiden_res0.78
T02_C3_G15000,T02,3,15000,metrics,success,2026-02-24 10:58:48.245452,2026-02-24 10:58:48.245452,57.7,cluster_key=cnv_leiden_res0.72
T02_C3_G20000,T02,3,20000,metrics,success,2026-02-24 10:59:49.065250,2026-02-24 10:59:49.065250,60.76,cluster_key=cnv_leiden_res0.7
T02_C3_G500,T02,3,500,metrics,success,2026-02-24 10:59:50.470506,2026-02-24 10:59:50.470506,1.32,cluster_key=cnv_leiden_res0.69
T02_C3_G5000,T02,3,5000,metrics,success,2026-02-24 11:00:05.820386,2026-02-24 11:00:05.820386,15.29,cluster_key=cnv_leiden_res0.7
T02_C3_Gall,T02,3,all,metrics,success,2026-02-24 11:00:37.011059,2026-02-24 11:00:37.011059,31.16,cluster_key=cnv_leiden_res0.7
T02_C5_G1000,T02,5,1000,metrics,success,2026-02-24 11:00:39.754991,2026-02-24 11:00:39.754991,2.72,cluster_key=cnv_leiden_res0.7
T02_C5_G10000,T02,5,10000,metrics,success,2026-02-24 11:00:51.448236,2026-02-24 11:00:51.448236,11.67,cluster_key=cnv_leiden_res0.76
T02_C5_G15000,T02,5,15000,metrics,success,2026-02-24 11:01:07.009206,2026-02-24 11:01:07.009206,15.49,cluster_key=cnv_leiden_res0.7
T02_C5_G20000,T02,5,20000,metrics,success,2026-02-24 11:01:34.019306,2026-02-24 11:01:34.019306,26.96,cluster_key=cnv_leiden_res0.7
T02_C5_G500,T02,5,500,metrics,success,2026-02-24 11:01:35.787640,2026-02-24 11:01:35.787640,1.68,cluster_key=cnv_leiden_res0.64
T02_C5_G5000,T02,5,5000,metrics,success,2026-02-24 11:01:41.222549,2026-02-24 11:01:41.222549,5.39,cluster_key=cnv_leiden_res0.7
T02_C5_Gall,T02,5,all,metrics,success,2026-02-24 11:02:46.017826,2026-02-24 11:02:46.017826,64.76,cluster_key=cnv_leiden_res0.7
T02_C10_G1000,T02,10,1000,metrics,success,2026-02-24 11:02:48.139745,2026-02-24 11:02:48.139745,2.09,cluster_key=cnv_leiden_res0.59
T02_C10_G10000,T02,10,10000,metrics,success,2026-02-24 11:03:17.344372,2026-02-24 11:03:17.344372,29.18,cluster_key=cnv_leiden_res0.71
T02_C10_G15000,T02,10,15000,metrics,success,2026-02-24 11:03:33.637924,2026-02-24 11:03:33.637924,16.26,cluster_key=cnv_leiden_res0.7
T02_C10_G20000,T02,10,20000,metrics,success,2026-02-24 11:03:59.474546,2026-02-24 11:03:59.474546,25.79,cluster_key=cnv_leiden_res0.7
T02_C10_G500,T02,10,500,metrics,success,2026-02-24 11:04:01.313289,2026-02-24 11:04:01.313289,1.8,cluster_key=cnv_leiden_res0.68
T02_C10_G5000,T02,10,5000,metrics,success,2026-02-24 11:04:07.379395,2026-02-24 11:04:07.379395,5.96,cluster_key=cnv_leiden_res0.7
T02_C10_Gall,T02,10,all,metrics,success,2026-02-24 11:05:13.183400,2026-02-24 11:05:13.183400,65.75,cluster_key=cnv_leiden_res0.7
T02_C20_G1000,T02,20,1000,metrics,success,2026-02-24 11:05:15.341920,2026-02-24 11:05:15.341920,2.1,cluster_key=cnv_leiden_res0.63
T02_C20_G10000,T02,20,10000,metrics,success,2026-02-24 11:05:36.065993,2026-02-24 11:05:36.065993,20.7,cluster_key=cnv_leiden_res0.7
T02_C20_G15000,T02,20,15000,metrics,success,2026-02-24 11:06:08.656674,2026-02-24 11:06:08.656674,32.56,cluster_key=cnv_leiden_res0.7
T02_C20_G20000,T02,20,20000,metrics,success,2026-02-24 11:07:09.381285,2026-02-24 11:07:09.381285,60.7,cluster_key=cnv_leiden_res0.7
T02_C20_G500,T02,20,500,metrics,success,2026-02-24 11:07:12.233844,2026-02-24 11:07:12.233844,2.75,cluster_key=cnv_leiden_res0.7
T02_C20_G5000,T02,20,5000,metrics,success,2026-02-24 11:07:18.424180,2026-02-24 11:07:18.424180,6.13,cluster_key=cnv_leiden_res0.77
T02_C20_Gall,T02,20,all,metrics,success,2026-02-24 11:08:25.464105,2026-02-24 11:08:25.464105,66.99,cluster_key=cnv_leiden_res0.7
T02_C50_G1000,T02,50,1000,metrics,success,2026-02-24 11:08:29.647564,2026-02-24 11:08:29.647564,4.08,cluster_key=cnv_leiden_res0.7
T02_C50_G10000,T02,50,10000,metrics,success,2026-02-24 11:08:44.721853,2026-02-24 11:08:44.721853,14.96,cluster_key=cnv_leiden_res0.7
T02_C50_G15000,T02,50,15000,metrics,success,2026-02-24 11:09:11.770601,2026-02-24 11:09:11.770601,26.98,cluster_key=cnv_leiden_res0.7
T02_C50_G20000,T02,50,20000,metrics,success,2026-02-24 11:10:04.941336,2026-02-24 11:10:04.941336,52.93,cluster_key=cnv_leiden_res0.7
T02_C50_G500,T02,50,500,metrics,success,2026-02-24 11:10:07.364453,2026-02-24 11:10:07.364453,2.41,cluster_key=cnv_leiden_res0.7
T02_C50_G5000,T02,50,5000,metrics,success,2026-02-24 11:10:12.462484,2026-02-24 11:10:12.462484,5.07,cluster_key=cnv_leiden_res0.86
T02_C50_Gall,T02,50,all,metrics,success,2026-02-24 11:11:40.727514,2026-02-24 11:11:40.727514,88.25,cluster_key=cnv_leiden_res0.7
T02_C70_G1000,T02,70,1000,metrics,success,2026-02-24 11:11:44.604893,2026-02-24 11:11:44.604893,3.83,cluster_key=cnv_leiden_res0.68
T02_C70_G10000,T02,70,10000,metrics,success,2026-02-24 11:12:00.011225,2026-02-24 11:12:00.011225,15.37,cluster_key=cnv_leiden_res0.7
T02_C70_G15000,T02,70,15000,metrics,success,2026-02-24 11:12:14.814064,2026-02-24 11:12:14.814064,14.68,cluster_key=cnv_leiden_res0.61
T02_C70_G500,T02,70,500,metrics,success,2026-02-24 11:12:16.808121,2026-02-24 11:12:16.808121,1.91,cluster_key=cnv_leiden_res0.7
T02_C70_G5000,T02,70,5000,metrics,success,2026-02-24 11:12:22.227449,2026-02-24 11:12:22.227449,5.39,cluster_key=cnv_leiden_res0.74
T02_C70_Gall,T02,70,all,metrics,success,2026-02-24 11:12:48.537135,2026-02-24 11:12:48.537135,26.23,cluster_key=cnv_leiden_res0.38
T02_C100_G1000,T02,100,1000,metrics,success,2026-02-24 11:12:51.738251,2026-02-24 11:12:51.738251,3.16,cluster_key=cnv_leiden_res0.7
T02_C100_G10000,T02,100,10000,metrics,success,2026-02-24 11:13:06.255435,2026-02-24 11:13:06.255435,14.47,cluster_key=cnv_leiden_res0.7
T02_C100_G15000,T02,100,15000,metrics,success,2026-02-24 11:14:22.841444,2026-02-24 11:14:22.841444,76.53,cluster_key=cnv_leiden_res0.7
T02_C100_G20000,T02,100,20000,metrics,success,2026-02-24 11:14:44.761729,2026-02-24 11:14:44.761729,21.86,cluster_key=cnv_leiden_res0.7
T02_C100_G500,T02,100,500,metrics,success,2026-02-24 11:14:46.686627,2026-02-24 11:14:46.686627,1.86,cluster_key=cnv_leiden_res0.7
T02_C100_G5000,T02,100,5000,metrics,success,2026-02-24 11:14:53.191301,2026-02-24 11:14:53.191301,6.45,cluster_key=cnv_leiden_res0.71
T02_C100_Gall,T02,100,all,metrics,success,2026-02-24 11:15:18.859190,2026-02-24 11:15:18.859190,25.65,cluster_key=cnv_leiden_res0.7
T03_C1_G1000,T03,1,1000,metrics,success,2026-02-24 11:15:20.958845,2026-02-24 11:15:20.958845,2.07,cluster_key=cnv_leiden_res0.56
T03_C1_G10000,T03,1,10000,metrics,success,2026-02-24 11:15:32.896968,2026-02-24 11:15:32.896968,11.93,cluster_key=cnv_leiden_res0.68
T03_C1_G15000,T03,1,15000,metrics,success,2026-02-24 11:15:49.282595,2026-02-24 11:15:49.282595,16.37,cluster_key=cnv_leiden_res0.62
T03_C1_G20000,T03,1,20000,metrics,success,2026-02-24 11:16:18.560113,2026-02-24 11:16:18.560113,25.15,cluster_key=cnv_leiden_res0.69
T03_C1_G500,T03,1,500,metrics,success,2026-02-24 11:16:20.610393,2026-02-24 11:16:20.610393,2.02,cluster_key=cnv_leiden_res0.45
T03_C1_G5000,T03,1,5000,metrics,success,2026-02-24 11:16:27.583255,2026-02-24 11:16:27.583255,6.94,cluster_key=cnv_leiden_res0.66
T03_C1_Gall,T03,1,all,metrics,success,2026-02-24 11:16:55.069104,2026-02-24 11:16:55.069104,27.42,cluster_key=cnv_leiden_res0.7
T03_C2_G1000,T03,2,1000,metrics,success,2026-02-24 11:16:57.454995,2026-02-24 11:16:57.454995,2.34,cluster_key=cnv_leiden_res0.55
T03_C2_G10000,T03,2,10000,metrics,success,2026-02-24 11:17:07.244925,2026-02-24 11:17:07.244925,9.76,cluster_key=cnv_leiden_res0.7
T03_C2_G15000,T03,2,15000,metrics,success,2026-02-24 11:17:19.686293,2026-02-24 11:17:19.686293,12.42,cluster_key=cnv_leiden_res0.69
T03_C2_G20000,T03,2,20000,metrics,success,2026-02-24 11:17:36.205127,2026-02-24 11:17:36.205127,16.46,cluster_key=cnv_leiden_res0.68
T03_C2_G500,T03,2,500,metrics,success,2026-02-24 11:17:39.367041,2026-02-24 11:17:39.367041,3.12,cluster_key=cnv_leiden_res0.67
T03_C2_G5000,T03,2,5000,metrics,success,2026-02-24 11:17:45.350747,2026-02-24 11:17:45.350747,5.97,cluster_key=cnv_leiden_res0.68
T03_C2_Gall,T03,2,all,metrics,success,2026-02-24 11:18:14.034361,2026-02-24 11:18:14.034361,28.61,cluster_key=cnv_leiden_res0.7
T03_C3_G1000,T03,3,1000,metrics,success,2026-02-24 11:18:16.369082,2026-02-24 11:18:16.369082,2.3,cluster_key=cnv_leiden_res0.61
T03_C3_G10000,T03,3,10000,metrics,success,2026-02-24 11:18:26.235860,2026-02-24 11:18:26.235860,9.85,cluster_key=cnv_leiden_res0.7
T03_C3_G15000,T03,3,15000,metrics,success,2026-02-24 11:18:40.561413,2026-02-24 11:18:40.561413,14.3,cluster_key=cnv_leiden_res0.7
T03_C3_G20000,T03,3,20000,metrics,success,2026-02-24 11:19:00.106909,2026-02-24 11:19:00.106909,19.49,cluster_key=cnv_leiden_res0.62
T03_C3_G500,T03,3,500,metrics,success,2026-02-24 11:19:02.079179,2026-02-24 11:19:02.079179,1.96,cluster_key=cnv_leiden_res0.59
T03_C3_G5000,T03,3,5000,metrics,success,2026-02-24 11:19:08.020187,2026-02-24 11:19:08.020187,5.91,cluster_key=cnv_leiden_res0.7
T03_C3_Gall,T03,3,all,metrics,success,2026-02-24 11:19:35.287315,2026-02-24 11:19:35.287315,27.24,cluster_key=cnv_leiden_res0.68
T03_C5_G1000,T03,5,1000,metrics,success,2026-02-24 11:19:37.414602,2026-02-24 11:19:37.414602,2.08,cluster_key=cnv_leiden_res0.64
T03_C5_G10000,T03,5,10000,metrics,success,2026-02-24 11:19:47.971921,2026-02-24 11:19:47.971921,10.5,cluster_key=cnv_leiden_res0.71
T03_C5_G15000,T03,5,15000,metrics,success,2026-02-24 11:20:01.226701,2026-02-24 11:20:01.226701,13.23,cluster_key=cnv_leiden_res0.7
T03_C5_G20000,T03,5,20000,metrics,success,2026-02-24 11:20:20.886816,2026-02-24 11:20:20.886816,19.63,cluster_key=cnv_leiden_res0.69
T03_C5_G500,T03,5,500,metrics,success,2026-02-24 11:20:22.355375,2026-02-24 11:20:22.355375,1.26,cluster_key=cnv_leiden_res0.69
T03_C5_G5000,T03,5,5000,metrics,success,2026-02-24 11:20:28.007891,2026-02-24 11:20:28.007891,5.63,cluster_key=cnv_leiden_res0.7
T03_C5_Gall,T03,5,all,metrics,success,2026-02-24 11:20:52.802930,2026-02-24 11:20:52.802930,24.68,cluster_key=cnv_leiden_res0.64
T03_C10_G1000,T03,10,1000,metrics,success,2026-02-24 11:20:54.907857,2026-02-24 11:20:54.907857,2.08,cluster_key=cnv_leiden_res0.63
T03_C10_G10000,T03,10,10000,metrics,success,2026-02-24 11:21:04.521338,2026-02-24 11:21:04.521338,9.6,cluster_key=cnv_leiden_res0.73
T03_C10_G15000,T03,10,15000,metrics,success,2026-02-24 11:21:20.513581,2026-02-24 11:21:20.513581,15.92,cluster_key=cnv_leiden_res0.7
T03_C10_G20000,T03,10,20000,metrics,success,2026-02-24 11:21:39.671586,2026-02-24 11:21:39.671586,19.05,cluster_key=cnv_leiden_res0.76
T03_C10_G500,T03,10,500,metrics,success,2026-02-24 11:21:41.654661,2026-02-24 11:21:41.654661,1.82,cluster_key=cnv_leiden_res0.7
T03_C10_G5000,T03,10,5000,metrics,success,2026-02-24 11:21:46.951143,2026-02-24 11:21:46.951143,5.21,cluster_key=cnv_leiden_res0.7
T03_C10_Gall,T03,10,all,metrics,success,2026-02-24 11:22:18.415359,2026-02-24 11:22:18.415359,31.41,cluster_key=cnv_leiden_res0.7
T03_C20_G1000,T03,20,1000,metrics,success,2026-02-24 11:22:20.814306,2026-02-24 11:22:20.814306,2.34,cluster_key=cnv_leiden_res0.66
T03_C20_G10000,T03,20,10000,metrics,success,2026-02-24 11:22:32.255581,2026-02-24 11:22:32.255581,11.37,cluster_key=cnv_leiden_res0.77
T03_C20_G15000,T03,20,15000,metrics,success,2026-02-24 11:22:47.250076,2026-02-24 11:22:47.250076,14.93,cluster_key=cnv_leiden_res0.7
T03_C20_G20000,T03,20,20000,metrics,success,2026-02-24 11:23:05.589237,2026-02-24 11:23:05.589237,18.31,cluster_key=cnv_leiden_res0.7
T03_C20_G500,T03,20,500,metrics,success,2026-02-24 11:23:07.658158,2026-02-24 11:23:07.658158,2.03,cluster_key=cnv_leiden_res0.69
T03_C20_G5000,T03,20,5000,metrics,success,2026-02-24 11:23:12.817029,2026-02-24 11:23:12.817029,5.05,cluster_key=cnv_leiden_res0.7
T03_C20_Gall,T03,20,all,metrics,success,2026-02-24 11:23:39.150060,2026-02-24 11:23:39.150060,26.29,cluster_key=cnv_leiden_res0.7
T03_C50_G1000,T03,50,1000,metrics,success,2026-02-24 11:23:41.602540,2026-02-24 11:23:41.602540,2.43,cluster_key=cnv_leiden_res0.58
T03_C50_G10000,T03,50,10000,metrics,success,2026-02-24 11:23:52.187408,2026-02-24 11:23:52.187408,10.56,cluster_key=cnv_leiden_res0.73
T03_C50_G15000,T03,50,15000,metrics,success,2026-02-24 11:24:09.280054,2026-02-24 11:24:09.280054,17.04,cluster_key=cnv_leiden_res0.7
T03_C50_G20000,T03,50,20000,metrics,success,2026-02-24 11:24:33.579769,2026-02-24 11:24:33.579769,24.27,cluster_key=cnv_leiden_res0.7
T03_C50_G500,T03,50,500,metrics,success,2026-02-24 11:24:35.943928,2026-02-24 11:24:35.943928,2.27,cluster_key=cnv_leiden_res0.66
T03_C50_G5000,T03,50,5000,metrics,success,2026-02-24 11:24:44.347045,2026-02-24 11:24:44.347045,8.31,cluster_key=cnv_leiden_res0.7
T03_C50_Gall,T03,50,all,metrics,success,2026-02-24 11:25:13.948267,2026-02-24 11:25:13.948267,29.56,cluster_key=cnv_leiden_res0.59
T03_C70_G1000,T03,70,1000,metrics,success,2026-02-24 11:25:15.907051,2026-02-24 11:25:15.907051,1.92,cluster_key=cnv_leiden_res0.68
T03_C70_G10000,T03,70,10000,metrics,success,2026-02-24 11:25:26.615795,2026-02-24 11:25:26.615795,10.68,cluster_key=cnv_leiden_res0.76
T03_C70_G15000,T03,70,15000,metrics,success,2026-02-24 11:25:40.261259,2026-02-24 11:25:40.261259,13.6,cluster_key=cnv_leiden_res0.69
T03_C70_G20000,T03,70,20000,metrics,success,2026-02-24 11:26:00.786063,2026-02-24 11:26:00.786063,20.51,cluster_key=cnv_leiden_res0.4
T03_C70_G500,T03,70,500,metrics,success,2026-02-24 11:26:02.642256,2026-02-24 11:26:02.642256,1.82,cluster_key=cnv_leiden_res0.66
T03_C70_G5000,T03,70,5000,metrics,success,2026-02-24 11:26:09.275479,2026-02-24 11:26:09.275479,6.62,cluster_key=cnv_leiden_res0.7
T03_C70_Gall,T03,70,all,metrics,success,2026-02-24 11:27:14.003269,2026-02-24 11:27:14.003269,64.71,cluster_key=cnv_leiden_res0.32
T03_C100_G1000,T03,100,1000,metrics,success,2026-02-24 11:27:16.344593,2026-02-24 11:27:16.344593,2.3,cluster_key=cnv_leiden_res0.7
T03_C100_G10000,T03,100,10000,metrics,success,2026-02-24 11:27:27.629544,2026-02-24 11:27:27.629544,11.25,cluster_key=cnv_leiden_res0.7
T03_C100_G15000,T03,100,15000,metrics,success,2026-02-24 11:27:43.505469,2026-02-24 11:27:43.505469,15.86,cluster_key=cnv_leiden_res0.7
T03_C100_G20000,T03,100,20000,metrics,success,2026-02-24 11:28:05.345478,2026-02-24 11:28:05.345478,21.8,cluster_key=cnv_leiden_res0.7
T03_C100_G500,T03,100,500,metrics,success,2026-02-24 11:28:07.161537,2026-02-24 11:28:07.161537,1.78,cluster_key=cnv_leiden_res0.68
T03_C100_G5000,T03,100,5000,metrics,success,2026-02-24 11:28:12.806794,2026-02-24 11:28:12.806794,5.63,cluster_key=cnv_leiden_res0.7
T03_C100_Gall,T03,100,all,metrics,success,2026-02-24 11:28:39.359424,2026-02-24 11:28:39.359424,26.49,cluster_key=cnv_leiden_res0.7
T04_C1_G1000,T04,1,1000,metrics,success,2026-02-24 11:28:41.671866,2026-02-24 11:28:41.671866,2.28,cluster_key=cnv_leiden_res0.54
T04_C1_G10000,T04,1,10000,metrics,success,2026-02-24 11:28:56.178476,2026-02-24 11:28:56.178476,14.45,cluster_key=cnv_leiden_res0.7
T04_C1_G15000,T04,1,15000,metrics,success,2026-02-24 11:29:11.202395,2026-02-24 11:29:11.202395,15.0,cluster_key=cnv_leiden_res0.64
T04_C1_G20000,T04,1,20000,metrics,success,2026-02-24 11:29:31.407714,2026-02-24 11:29:31.407714,20.17,cluster_key=cnv_leiden_res0.7
T04_C1_G500,T04,1,500,metrics,success,2026-02-24 11:29:32.764282,2026-02-24 11:29:32.764282,1.31,cluster_key=cnv_leiden_res0.51
T04_C1_G5000,T04,1,5000,metrics,success,2026-02-24 11:29:42.177300,2026-02-24 11:29:42.177300,9.38,cluster_key=cnv_leiden_res0.66
T04_C1_Gall,T04,1,all,metrics,success,2026-02-24 11:30:11.091812,2026-02-24 11:30:11.091812,28.88,cluster_key=cnv_leiden_res0.7
T04_C2_G1000,T04,2,1000,metrics,success,2026-02-24 11:30:12.830012,2026-02-24 11:30:12.830012,1.7,cluster_key=cnv_leiden_res0.56
T04_C2_G10000,T04,2,10000,metrics,success,2026-02-24 11:30:25.213632,2026-02-24 11:30:25.213632,12.36,cluster_key=cnv_leiden_res0.7
T04_C2_G15000,T04,2,15000,metrics,success,2026-02-24 11:30:38.088015,2026-02-24 11:30:38.088015,12.85,cluster_key=cnv_leiden_res0.69
T04_C2_G20000,T04,2,20000,metrics,success,2026-02-24 11:30:57.126905,2026-02-24 11:30:57.126905,18.92,cluster_key=cnv_leiden_res0.69
T04_C2_G500,T04,2,500,metrics,success,2026-02-24 11:30:59.343386,2026-02-24 11:30:59.343386,2.17,cluster_key=cnv_leiden_res0.7
T04_C2_G5000,T04,2,5000,metrics,success,2026-02-24 11:31:06.980562,2026-02-24 11:31:06.980562,7.62,cluster_key=cnv_leiden_res0.7
T04_C2_Gall,T04,2,all,metrics,success,2026-02-24 11:31:35.155175,2026-02-24 11:31:35.155175,28.15,cluster_key=cnv_leiden_res0.7
T04_C3_G1000,T04,3,1000,metrics,success,2026-02-24 11:31:37.365509,2026-02-24 11:31:37.365509,2.14,cluster_key=cnv_leiden_res0.7
T04_C3_G10000,T04,3,10000,metrics,success,2026-02-24 11:31:49.316490,2026-02-24 11:31:49.316490,11.92,cluster_key=cnv_leiden_res0.7
T04_C3_G15000,T04,3,15000,metrics,success,2026-02-24 11:32:06.048710,2026-02-24 11:32:06.048710,16.72,cluster_key=cnv_leiden_res0.7
T04_C3_G20000,T04,3,20000,metrics,success,2026-02-24 11:32:26.474601,2026-02-24 11:32:26.474601,20.38,cluster_key=cnv_leiden_res0.67
T04_C3_G500,T04,3,500,metrics,success,2026-02-24 11:32:28.798659,2026-02-24 11:32:28.798659,2.29,cluster_key=cnv_leiden_res0.69
T04_C3_G5000,T04,3,5000,metrics,success,2026-02-24 11:32:35.696458,2026-02-24 11:32:35.696458,6.88,cluster_key=cnv_leiden_res0.7
T04_C3_Gall,T04,3,all,metrics,success,2026-02-24 11:33:04.064186,2026-02-24 11:33:04.064186,28.34,cluster_key=cnv_leiden_res0.64
T04_C5_G1000,T04,5,1000,metrics,success,2026-02-24 11:33:06.805135,2026-02-24 11:33:06.805135,2.7,cluster_key=cnv_leiden_res0.68
T04_C5_G10000,T04,5,10000,metrics,success,2026-02-24 11:33:19.623206,2026-02-24 11:33:19.623206,12.7,cluster_key=cnv_leiden_res0.7
T04_C5_G15000,T04,5,15000,metrics,success,2026-02-24 11:33:37.101650,2026-02-24 11:33:37.101650,17.44,cluster_key=cnv_leiden_res0.69
T04_C5_G20000,T04,5,20000,metrics,success,2026-02-24 11:33:57.357721,2026-02-24 11:33:57.357721,20.2,cluster_key=cnv_leiden_res0.65
T04_C5_G500,T04,5,500,metrics,success,2026-02-24 11:33:59.737794,2026-02-24 11:33:59.737794,2.28,cluster_key=cnv_leiden_res0.67
T04_C5_G5000,T04,5,5000,metrics,success,2026-02-24 11:34:05.745531,2026-02-24 11:34:05.745531,5.99,cluster_key=cnv_leiden_res0.7
T04_C5_Gall,T04,5,all,metrics,success,2026-02-24 11:34:30.475319,2026-02-24 11:34:30.475319,24.65,cluster_key=cnv_leiden_res0.55
T04_C10_G1000,T04,10,1000,metrics,success,2026-02-24 11:34:33.351359,2026-02-24 11:34:33.351359,2.82,cluster_key=cnv_leiden_res0.64
T04_C10_G10000,T04,10,10000,metrics,success,2026-02-24 11:34:43.269136,2026-02-24 11:34:43.269136,9.85,cluster_key=cnv_leiden_res0.7
T04_C10_G15000,T04,10,15000,metrics,success,2026-02-24 11:34:56.734092,2026-02-24 11:34:56.734092,13.39,cluster_key=cnv_leiden_res0.67
T04_C10_G20000,T04,10,20000,metrics,success,2026-02-24 11:35:14.126395,2026-02-24 11:35:14.126395,17.35,cluster_key=cnv_leiden_res0.66
T04_C10_G500,T04,10,500,metrics,success,2026-02-24 11:35:15.671013,2026-02-24 11:35:15.671013,1.49,cluster_key=cnv_leiden_res0.66
T04_C10_Gall,T04,10,all,metrics,success,2026-02-24 11:35:39.109582,2026-02-24 11:35:39.109582,23.37,cluster_key=cnv_leiden_res0.69
T04_C20_G1000,T04,20,1000,metrics,success,2026-02-24 11:35:41.288257,2026-02-24 11:35:41.288257,2.09,cluster_key=cnv_leiden_res0.7
T04_C20_G10000,T04,20,10000,metrics,success,2026-02-24 11:35:58.469735,2026-02-24 11:35:58.469735,17.11,cluster_key=cnv_leiden_res0.7
T04_C20_G15000,T04,20,15000,metrics,success,2026-02-24 11:36:12.923007,2026-02-24 11:36:12.923007,14.43,cluster_key=cnv_leiden_res0.67
T04_C20_G20000,T04,20,20000,metrics,success,2026-02-24 11:36:33.014702,2026-02-24 11:36:33.014702,20.02,cluster_key=cnv_leiden_res0.63
T04_C20_G500,T04,20,500,metrics,success,2026-02-24 11:36:34.668675,2026-02-24 11:36:34.668675,1.62,cluster_key=cnv_leiden_res0.69
T04_C20_G5000,T04,20,5000,metrics,success,2026-02-24 11:36:39.951618,2026-02-24 11:36:39.951618,5.26,cluster_key=cnv_leiden_res0.7
T04_C20_Gall,T04,20,all,metrics,success,2026-02-24 11:37:04.528041,2026-02-24 11:37:04.528041,24.54,cluster_key=cnv_leiden_res0.59
T04_C50_G1000,T04,50,1000,metrics,success,2026-02-24 11:37:06.390097,2026-02-24 11:37:06.390097,1.83,cluster_key=cnv_leiden_res0.7
T04_C50_G10000,T04,50,10000,metrics,success,2026-02-24 11:37:16.077140,2026-02-24 11:37:16.077140,9.67,cluster_key=cnv_leiden_res0.7
T04_C50_G15000,T04,50,15000,metrics,success,2026-02-24 11:37:30.596820,2026-02-24 11:37:30.596820,14.5,cluster_key=cnv_leiden_res0.6
T04_C50_G20000,T04,50,20000,metrics,success,2026-02-24 11:37:50.730373,2026-02-24 11:37:50.730373,20.06,cluster_key=cnv_leiden_res0.6
T04_C50_G500,T04,50,500,metrics,success,2026-02-24 11:37:52.704756,2026-02-24 11:37:52.704756,1.95,cluster_key=cnv_leiden_res0.7
T04_C50_G5000,T04,50,5000,metrics,success,2026-02-24 11:37:57.969838,2026-02-24 11:37:57.969838,5.24,cluster_key=cnv_leiden_res0.7
T04_C50_Gall,T04,50,all,metrics,success,2026-02-24 11:38:26.368759,2026-02-24 11:38:26.368759,28.38,cluster_key=cnv_leiden_res0.51
T04_C70_G1000,T04,70,1000,metrics,success,2026-02-24 11:38:29.009156,2026-02-24 11:38:29.009156,2.61,cluster_key=cnv_leiden_res0.7
T04_C70_G10000,T04,70,10000,metrics,success,2026-02-24 11:38:39.787519,2026-02-24 11:38:39.787519,10.75,cluster_key=cnv_leiden_res0.7
T04_C70_G15000,T04,70,15000,metrics,success,2026-02-24 11:38:55.878419,2026-02-24 11:38:55.878419,16.07,cluster_key=cnv_leiden_res0.58
T04_C70_G20000,T04,70,20000,metrics,success,2026-02-24 11:39:17.071600,2026-02-24 11:39:17.071600,21.16,cluster_key=cnv_leiden_res0.59
T04_C70_G500,T04,70,500,metrics,success,2026-02-24 11:39:20.048534,2026-02-24 11:39:20.048534,2.94,cluster_key=cnv_leiden_res0.7
T04_C70_G5000,T04,70,5000,metrics,success,2026-02-24 11:39:26.185799,2026-02-24 11:39:26.185799,6.11,cluster_key=cnv_leiden_res0.7
T04_C70_Gall,T04,70,all,metrics,success,2026-02-24 11:39:53.985289,2026-02-24 11:39:53.985289,27.77,cluster_key=cnv_leiden_res0.49
T04_C100_G1000,T04,100,1000,metrics,success,2026-02-24 11:39:56.113069,2026-02-24 11:39:56.113069,2.08,cluster_key=cnv_leiden_res0.7
T04_C100_G10000,T04,100,10000,metrics,success,2026-02-24 11:40:07.004281,2026-02-24 11:40:07.004281,10.88,cluster_key=cnv_leiden_res0.7
T04_C100_G15000,T04,100,15000,metrics,success,2026-02-24 11:40:21.272113,2026-02-24 11:40:21.272113,14.25,cluster_key=cnv_leiden_res0.7
T04_C100_G20000,T04,100,20000,metrics,success,2026-02-24 11:40:41.793563,2026-02-24 11:40:41.793563,20.49,cluster_key=cnv_leiden_res0.65
T04_C100_G500,T04,100,500,metrics,success,2026-02-24 11:40:43.407012,2026-02-24 11:40:43.407012,1.58,cluster_key=cnv_leiden_res0.69
T04_C100_G5000,T04,100,5000,metrics,success,2026-02-24 11:40:49.979548,2026-02-24 11:40:49.979548,6.55,cluster_key=cnv_leiden_res0.7
T04_C100_Gall,T04,100,all,metrics,success,2026-02-24 11:41:15.924732,2026-02-24 11:41:15.924732,25.92,cluster_key=cnv_leiden_res0.67
T05_C1_G1000,T05,1,1000,metrics,success,2026-02-24 11:41:17.777912,2026-02-24 11:41:17.777912,1.83,cluster_key=cnv_leiden_res0.6
T05_C1_G10000,T05,1,10000,metrics,success,2026-02-24 11:41:28.313269,2026-02-24 11:41:28.313269,10.52,cluster_key=cnv_leiden_res0.7
T05_C1_G15000,T05,1,15000,metrics,success,2026-02-24 11:41:44.285648,2026-02-24 11:41:44.285648,15.94,cluster_key=cnv_leiden_res0.67
T05_C1_G20000,T05,1,20000,metrics,success,2026-02-24 11:42:01.969595,2026-02-24 11:42:01.969595,17.65,cluster_key=cnv_leiden_res0.54
T05_C1_G500,T05,1,500,metrics,success,2026-02-24 11:42:03.892326,2026-02-24 11:42:03.892326,1.9,cluster_key=cnv_leiden_res0.58
T05_C1_G5000,T05,1,5000,metrics,success,2026-02-24 11:42:09.051872,2026-02-24 11:42:09.051872,5.14,cluster_key=cnv_leiden_res0.64
T05_C1_Gall,T05,1,all,metrics,success,2026-02-24 11:42:35.166347,2026-02-24 11:42:35.166347,26.1,cluster_key=cnv_leiden_res0.61
T05_C2_G1000,T05,2,1000,metrics,success,2026-02-24 11:42:37.286043,2026-02-24 11:42:37.286043,2.09,cluster_key=cnv_leiden_res0.67
T05_C2_G10000,T05,2,10000,metrics,success,2026-02-24 11:42:46.908698,2026-02-24 11:42:46.908698,9.59,cluster_key=cnv_leiden_res0.7
T05_C2_G15000,T05,2,15000,metrics,success,2026-02-24 11:43:02.948010,2026-02-24 11:43:02.948010,16.01,cluster_key=cnv_leiden_res0.7
T05_C2_G20000,T05,2,20000,metrics,success,2026-02-24 11:43:20.917978,2026-02-24 11:43:20.917978,17.94,cluster_key=cnv_leiden_res0.67
T05_C2_G500,T05,2,500,metrics,success,2026-02-24 11:43:22.487056,2026-02-24 11:43:22.487056,1.54,cluster_key=cnv_leiden_res0.7
T05_C2_G5000,T05,2,5000,metrics,success,2026-02-24 11:43:27.870177,2026-02-24 11:43:27.870177,5.37,cluster_key=cnv_leiden_res0.7
T05_C2_Gall,T05,2,all,metrics,success,2026-02-24 11:43:50.559150,2026-02-24 11:43:50.559150,22.66,cluster_key=cnv_leiden_res0.69
T05_C3_G1000,T05,3,1000,metrics,success,2026-02-24 11:43:52.611263,2026-02-24 11:43:52.611263,2.03,cluster_key=cnv_leiden_res0.61
T05_C3_G10000,T05,3,10000,metrics,success,2026-02-24 11:44:01.165831,2026-02-24 11:44:01.165831,8.54,cluster_key=cnv_leiden_res0.7
T05_C3_G15000,T05,3,15000,metrics,success,2026-02-24 11:44:13.256766,2026-02-24 11:44:13.256766,12.05,cluster_key=cnv_leiden_res0.7
T05_C3_G20000,T05,3,20000,metrics,success,2026-02-24 11:44:33.871645,2026-02-24 11:44:33.871645,20.58,cluster_key=cnv_leiden_res0.7
T05_C3_G500,T05,3,500,metrics,success,2026-02-24 11:44:36.169413,2026-02-24 11:44:36.169413,2.26,cluster_key=cnv_leiden_res0.67
T05_C3_G5000,T05,3,5000,metrics,success,2026-02-24 11:44:42.085412,2026-02-24 11:44:42.085412,5.86,cluster_key=cnv_leiden_res0.7
T05_C3_Gall,T05,3,all,metrics,success,2026-02-24 11:45:07.944556,2026-02-24 11:45:07.944556,25.82,cluster_key=cnv_leiden_res0.7
T05_C5_G1000,T05,5,1000,metrics,success,2026-02-24 11:45:10.156913,2026-02-24 11:45:10.156913,2.18,cluster_key=cnv_leiden_res0.59
T05_C5_G10000,T05,5,10000,metrics,success,2026-02-24 11:45:24.023054,2026-02-24 11:45:24.023054,13.82,cluster_key=cnv_leiden_res0.7
T05_C5_G15000,T05,5,15000,metrics,success,2026-02-24 11:45:37.200824,2026-02-24 11:45:37.200824,13.12,cluster_key=cnv_leiden_res0.7
T05_C5_G20000,T05,5,20000,metrics,success,2026-02-24 11:45:55.540711,2026-02-24 11:45:55.540711,18.31,cluster_key=cnv_leiden_res0.7
T05_C5_G500,T05,5,500,metrics,success,2026-02-24 11:45:57.749435,2026-02-24 11:45:57.749435,2.18,cluster_key=cnv_leiden_res0.69
T05_C5_G5000,T05,5,5000,metrics,success,2026-02-24 11:46:03.125912,2026-02-24 11:46:03.125912,5.34,cluster_key=cnv_leiden_res0.7
T05_C5_Gall,T05,5,all,metrics,success,2026-02-24 11:46:28.277739,2026-02-24 11:46:28.277739,25.12,cluster_key=cnv_leiden_res0.7
T05_C10_G1000,T05,10,1000,metrics,success,2026-02-24 11:46:30.833060,2026-02-24 11:46:30.833060,2.53,cluster_key=cnv_leiden_res0.67
T05_C10_G10000,T05,10,10000,metrics,success,2026-02-24 11:46:42.186601,2026-02-24 11:46:42.186601,11.27,cluster_key=cnv_leiden_res0.7
T05_C10_G15000,T05,10,15000,metrics,success,2026-02-24 11:46:58.263144,2026-02-24 11:46:58.263144,16.03,cluster_key=cnv_leiden_res0.7
T05_C10_G20000,T05,10,20000,metrics,success,2026-02-24 11:47:19.294699,2026-02-24 11:47:19.294699,20.95,cluster_key=cnv_leiden_res0.7
T05_C10_G500,T05,10,500,metrics,success,2026-02-24 11:47:20.975399,2026-02-24 11:47:20.975399,1.66,cluster_key=cnv_leiden_res0.62
T05_C10_G5000,T05,10,5000,metrics,success,2026-02-24 11:47:25.970778,2026-02-24 11:47:25.970778,4.98,cluster_key=cnv_leiden_res0.7
T05_C10_Gall,T05,10,all,metrics,success,2026-02-24 11:47:49.372829,2026-02-24 11:47:49.372829,23.36,cluster_key=cnv_leiden_res0.7
T05_C20_G1000,T05,20,1000,metrics,success,2026-02-24 11:47:51.203828,2026-02-24 11:47:51.203828,1.79,cluster_key=cnv_leiden_res0.67
T05_C20_G10000,T05,20,10000,metrics,success,2026-02-24 11:47:59.597508,2026-02-24 11:47:59.597508,8.37,cluster_key=cnv_leiden_res0.7
T05_C20_G15000,T05,20,15000,metrics,success,2026-02-24 11:48:11.334226,2026-02-24 11:48:11.334226,11.72,cluster_key=cnv_leiden_res0.7
T05_C20_G20000,T05,20,20000,metrics,success,2026-02-24 11:48:31.344015,2026-02-24 11:48:31.344015,19.98,cluster_key=cnv_leiden_res0.7
T05_C20_G500,T05,20,500,metrics,success,2026-02-24 11:48:33.267716,2026-02-24 11:48:33.267716,1.91,cluster_key=cnv_leiden_res0.67
T05_C20_G5000,T05,20,5000,metrics,success,2026-02-24 11:48:39.080553,2026-02-24 11:48:39.080553,5.78,cluster_key=cnv_leiden_res0.7
T05_C20_Gall,T05,20,all,metrics,success,2026-02-24 11:49:05.902491,2026-02-24 11:49:05.902491,26.77,cluster_key=cnv_leiden_res0.7
T05_C50_G1000,T05,50,1000,metrics,success,2026-02-24 11:49:08.674062,2026-02-24 11:49:08.674062,2.74,cluster_key=cnv_leiden_res0.7
T05_C50_G10000,T05,50,10000,metrics,success,2026-02-24 11:49:18.566165,2026-02-24 11:49:18.566165,9.88,cluster_key=cnv_leiden_res0.7
T05_C50_G15000,T05,50,15000,metrics,success,2026-02-24 11:49:35.091380,2026-02-24 11:49:35.091380,16.5,cluster_key=cnv_leiden_res0.7
T05_C50_G20000,T05,50,20000,metrics,success,2026-02-24 11:49:55.143688,2026-02-24 11:49:55.143688,19.96,cluster_key=cnv_leiden_res0.7
T05_C50_G500,T05,50,500,metrics,success,2026-02-24 11:49:57.629029,2026-02-24 11:49:57.629029,2.38,cluster_key=cnv_leiden_res0.69
T05_C50_G5000,T05,50,5000,metrics,success,2026-02-24 11:50:04.108374,2026-02-24 11:50:04.108374,6.47,cluster_key=cnv_leiden_res0.7
T05_C50_Gall,T05,50,all,metrics,success,2026-02-24 11:50:29.334809,2026-02-24 11:50:29.334809,25.18,cluster_key=cnv_leiden_res0.7
T05_C70_G1000,T05,70,1000,metrics,success,2026-02-24 11:50:32.305501,2026-02-24 11:50:32.305501,2.94,cluster_key=cnv_leiden_res0.7
T05_C70_G10000,T05,70,10000,metrics,success,2026-02-24 11:50:42.594499,2026-02-24 11:50:42.594499,10.23,cluster_key=cnv_leiden_res0.7
T05_C70_G15000,T05,70,15000,metrics,success,2026-02-24 11:51:00.616942,2026-02-24 11:51:00.616942,16.65,cluster_key=cnv_leiden_res0.7
T05_C70_G20000,T05,70,20000,metrics,success,2026-02-24 11:51:23.714358,2026-02-24 11:51:23.714358,23.05,cluster_key=cnv_leiden_res0.64
T05_C70_G500,T05,70,500,metrics,success,2026-02-24 11:51:26.658609,2026-02-24 11:51:26.658609,2.87,cluster_key=cnv_leiden_res0.68
T05_C70_G5000,T05,70,5000,metrics,success,2026-02-24 11:51:33.264508,2026-02-24 11:51:33.264508,6.59,cluster_key=cnv_leiden_res0.7
T05_C70_Gall,T05,70,all,metrics,success,2026-02-24 11:52:00.826827,2026-02-24 11:52:00.826827,27.53,cluster_key=cnv_leiden_res0.64
T05_C100_G1000,T05,100,1000,metrics,success,2026-02-24 11:52:04.217539,2026-02-24 11:52:04.217539,3.34,cluster_key=cnv_leiden_res0.7
T05_C100_G10000,T05,100,10000,metrics,success,2026-02-24 11:52:17.368023,2026-02-24 11:52:17.368023,13.04,cluster_key=cnv_leiden_res0.7
T05_C100_G15000,T05,100,15000,metrics,success,2026-02-24 11:52:34.672833,2026-02-24 11:52:34.672833,17.29,cluster_key=cnv_leiden_res0.7
T05_C100_G20000,T05,100,20000,metrics,success,2026-02-24 11:52:56.310712,2026-02-24 11:52:56.310712,21.57,cluster_key=cnv_leiden_res0.7
T05_C100_G500,T05,100,500,metrics,success,2026-02-24 11:52:58.191271,2026-02-24 11:52:58.191271,1.84,cluster_key=cnv_leiden_res0.7
T05_C100_G5000,T05,100,5000,metrics,success,2026-02-24 11:53:04.500825,2026-02-24 11:53:04.500825,6.27,cluster_key=cnv_leiden_res0.7
T05_C100_Gall,T05,100,all,metrics,success,2026-02-24 11:53:34.099143,2026-02-24 11:53:34.099143,29.56,cluster_key=cnv_leiden_res0.7
T06_C1_G1000,T06,1,1000,metrics,success,2026-02-24 11:53:36.346018,2026-02-24 11:53:36.346018,2.2,cluster_key=cnv_leiden_res0.59
T06_C1_G10000,T06,1,10000,metrics,success,2026-02-24 11:53:45.376214,2026-02-24 11:53:45.376214,9.01,cluster_key=cnv_leiden_res0.68
T06_C1_G15000,T06,1,15000,metrics,success,2026-02-24 11:53:59.886917,2026-02-24 11:53:59.886917,14.48,cluster_key=cnv_leiden_res0.64
T06_C1_G20000,T06,1,20000,metrics,success,2026-02-24 11:54:18.535933,2026-02-24 11:54:18.535933,18.57,cluster_key=cnv_leiden_res0.7
T06_C1_G500,T06,1,500,metrics,success,2026-02-24 11:54:20.454195,2026-02-24 11:54:20.454195,1.86,cluster_key=cnv_leiden_res0.47
T06_C1_G5000,T06,1,5000,metrics,success,2026-02-24 11:54:25.624917,2026-02-24 11:54:25.624917,5.14,cluster_key=cnv_leiden_res0.66
T06_C1_Gall,T06,1,all,metrics,success,2026-02-24 11:54:49.278568,2026-02-24 11:54:49.278568,23.59,cluster_key=cnv_leiden_res0.67
T06_C2_G1000,T06,2,1000,metrics,success,2026-02-24 11:54:51.352547,2026-02-24 11:54:51.352547,2.04,cluster_key=cnv_leiden_res0.51
T06_C2_G10000,T06,2,10000,metrics,success,2026-02-24 11:55:01.438136,2026-02-24 11:55:01.438136,10.05,cluster_key=cnv_leiden_res0.64
T06_C2_G15000,T06,2,15000,metrics,success,2026-02-24 11:55:16.545523,2026-02-24 11:55:16.545523,15.08,cluster_key=cnv_leiden_res0.57
T06_C2_G20000,T06,2,20000,metrics,success,2026-02-24 11:55:35.007696,2026-02-24 11:55:35.007696,18.42,cluster_key=cnv_leiden_res0.5
T06_C2_G500,T06,2,500,metrics,success,2026-02-24 11:55:37.454387,2026-02-24 11:55:37.454387,2.42,cluster_key=cnv_leiden_res0.48
T06_C2_G5000,T06,2,5000,metrics,success,2026-02-24 11:55:42.822117,2026-02-24 11:55:42.822117,5.33,cluster_key=cnv_leiden_res0.69
T06_C2_Gall,T06,2,all,metrics,success,2026-02-24 11:56:08.212059,2026-02-24 11:56:08.212059,25.32,cluster_key=cnv_leiden_res0.52
T06_C3_G1000,T06,3,1000,metrics,success,2026-02-24 11:56:10.442137,2026-02-24 11:56:10.442137,2.18,cluster_key=cnv_leiden_res0.6
T06_C3_G10000,T06,3,10000,metrics,success,2026-02-24 11:56:19.222352,2026-02-24 11:56:19.222352,8.75,cluster_key=cnv_leiden_res0.6
T06_C3_G15000,T06,3,15000,metrics,success,2026-02-24 11:56:32.917958,2026-02-24 11:56:32.917958,13.65,cluster_key=cnv_leiden_res0.49
T06_C3_G20000,T06,3,20000,metrics,success,2026-02-24 11:56:51.939287,2026-02-24 11:56:51.939287,18.97,cluster_key=cnv_leiden_res0.45
T06_C3_G500,T06,3,500,metrics,success,2026-02-24 11:56:53.380415,2026-02-24 11:56:53.380415,1.4,cluster_key=cnv_leiden_res0.68
T06_C3_G5000,T06,3,5000,metrics,success,2026-02-24 11:56:59.057906,2026-02-24 11:56:59.057906,5.65,cluster_key=cnv_leiden_res0.66
T06_C3_Gall,T06,3,all,metrics,success,2026-02-24 11:57:28.311240,2026-02-24 11:57:28.311240,29.23,cluster_key=cnv_leiden_res0.43
T06_C5_G1000,T06,5,1000,metrics,success,2026-02-24 11:57:30.674762,2026-02-24 11:57:30.674762,2.35,cluster_key=cnv_leiden_res0.69
T06_C5_G10000,T06,5,10000,metrics,success,2026-02-24 11:57:39.290378,2026-02-24 11:57:39.290378,8.57,cluster_key=cnv_leiden_res0.7
T06_C5_G15000,T06,5,15000,metrics,success,2026-02-24 11:57:53.636264,2026-02-24 11:57:53.636264,14.28,cluster_key=cnv_leiden_res0.46
T06_C5_G20000,T06,5,20000,metrics,success,2026-02-24 11:58:11.931889,2026-02-24 11:58:11.931889,18.24,cluster_key=cnv_leiden_res0.49
T06_C5_G500,T06,5,500,metrics,success,2026-02-24 11:58:13.822245,2026-02-24 11:58:13.822245,1.84,cluster_key=cnv_leiden_res0.69
T06_C5_G5000,T06,5,5000,metrics,success,2026-02-24 11:58:19.353492,2026-02-24 11:58:19.353492,5.49,cluster_key=cnv_leiden_res0.67
T06_C5_Gall,T06,5,all,metrics,success,2026-02-24 11:58:45.809144,2026-02-24 11:58:45.809144,26.42,cluster_key=cnv_leiden_res0.45
T06_C10_G10000,T06,10,10000,metrics,success,2026-02-24 11:58:56.247430,2026-02-24 11:58:56.247430,10.4,cluster_key=cnv_leiden_res0.7
T06_C10_G15000,T06,10,15000,metrics,success,2026-02-24 11:59:15.322609,2026-02-24 11:59:15.322609,19.05,cluster_key=cnv_leiden_res0.56
T06_C10_G20000,T06,10,20000,metrics,success,2026-02-24 11:59:37.708008,2026-02-24 11:59:37.708008,22.22,cluster_key=cnv_leiden_res0.56
T06_C10_G500,T06,10,500,metrics,success,2026-02-24 11:59:39.444343,2026-02-24 11:59:39.444343,1.7,cluster_key=cnv_leiden_res0.63
T06_C10_G5000,T06,10,5000,metrics,success,2026-02-24 11:59:44.748890,2026-02-24 11:59:44.748890,5.28,cluster_key=cnv_leiden_res0.66
T06_C10_Gall,T06,10,all,metrics,success,2026-02-24 12:00:14.225247,2026-02-24 12:00:14.225247,29.44,cluster_key=cnv_leiden_res0.69
T06_C20_G1000,T06,20,1000,metrics,success,2026-02-24 12:00:16.355686,2026-02-24 12:00:16.355686,2.08,cluster_key=cnv_leiden_res0.57
T06_C20_G10000,T06,20,10000,metrics,success,2026-02-24 12:00:28.027365,2026-02-24 12:00:28.027365,11.63,cluster_key=cnv_leiden_res0.67
T06_C20_G20000,T06,20,20000,metrics,success,2026-02-24 12:00:52.425899,2026-02-24 12:00:52.425899,24.35,cluster_key=cnv_leiden_res0.7
T06_C20_G500,T06,20,500,metrics,success,2026-02-24 12:00:54.441386,2026-02-24 12:00:54.441386,1.97,cluster_key=cnv_leiden_res0.7
T06_C20_G5000,T06,20,5000,metrics,success,2026-02-24 12:01:00.629738,2026-02-24 12:01:00.629738,6.15,cluster_key=cnv_leiden_res0.65
T06_C20_Gall,T06,20,all,metrics,success,2026-02-24 12:01:31.806783,2026-02-24 12:01:31.806783,31.14,cluster_key=cnv_leiden_res0.7
T06_C50_G1000,T06,50,1000,metrics,success,2026-02-24 12:01:34.253230,2026-02-24 12:01:34.253230,2.36,cluster_key=cnv_leiden_res0.57
T06_C50_G10000,T06,50,10000,metrics,success,2026-02-24 12:01:43.574784,2026-02-24 12:01:43.574784,9.3,cluster_key=cnv_leiden_res0.7
T06_C50_G15000,T06,50,15000,metrics,success,2026-02-24 12:01:59.729100,2026-02-24 12:01:59.729100,16.13,cluster_key=cnv_leiden_res0.7
T06_C50_G500,T06,50,500,metrics,success,2026-02-24 12:02:01.748723,2026-02-24 12:02:01.748723,1.98,cluster_key=cnv_leiden_res0.7
T06_C50_G5000,T06,50,5000,metrics,success,2026-02-24 12:02:07.288251,2026-02-24 12:02:07.288251,5.5,cluster_key=cnv_leiden_res0.51
T06_C50_Gall,T06,50,all,metrics,success,2026-02-24 12:02:32.393618,2026-02-24 12:02:32.393618,25.01,cluster_key=cnv_leiden_res0.39
T06_C70_G1000,T06,70,1000,metrics,success,2026-02-24 12:02:34.699310,2026-02-24 12:02:34.699310,2.28,cluster_key=cnv_leiden_res0.66
T06_C70_G10000,T06,70,10000,metrics,success,2026-02-24 12:02:46.082660,2026-02-24 12:02:46.082660,11.35,cluster_key=cnv_leiden_res0.69
T06_C70_G15000,T06,70,15000,metrics,success,2026-02-24 12:03:03.835086,2026-02-24 12:03:03.835086,17.7,cluster_key=cnv_leiden_res0.69
T06_C70_G20000,T06,70,20000,metrics,success,2026-02-24 12:03:25.222761,2026-02-24 12:03:25.222761,21.33,cluster_key=cnv_leiden_res0.33
T06_C70_G500,T06,70,500,metrics,success,2026-02-24 12:03:26.934302,2026-02-24 12:03:26.934302,1.65,cluster_key=cnv_leiden_res0.67
T06_C70_G5000,T06,70,5000,metrics,success,2026-02-24 12:03:33.265095,2026-02-24 12:03:33.265095,6.27,cluster_key=cnv_leiden_res0.53
T06_C100_G1000,T06,100,1000,metrics,success,2026-02-24 12:03:35.502634,2026-02-24 12:03:35.502634,2.17,cluster_key=cnv_leiden_res0.69
T06_C100_G10000,T06,100,10000,metrics,success,2026-02-24 12:03:46.647571,2026-02-24 12:03:46.647571,11.12,cluster_key=cnv_leiden_res0.65
T06_C100_G15000,T06,100,15000,metrics,success,2026-02-24 12:04:01.244831,2026-02-24 12:04:01.244831,14.56,cluster_key=cnv_leiden_res0.57
T06_C100_G20000,T06,100,20000,metrics,success,2026-02-24 12:04:24.459112,2026-02-24 12:04:24.459112,23.17,cluster_key=cnv_leiden_res0.65
T06_C100_G500,T06,100,500,metrics,success,2026-02-24 12:04:26.781131,2026-02-24 12:04:26.781131,2.27,cluster_key=cnv_leiden_res0.7
T06_C100_G5000,T06,100,5000,metrics,success,2026-02-24 12:04:35.529393,2026-02-24 12:04:35.529393,8.7,cluster_key=cnv_leiden_res0.55
T06_C100_Gall,T06,100,all,metrics,success,2026-02-24 12:05:16.989955,2026-02-24 12:05:16.989955,41.41,cluster_key=cnv_leiden_res0.63
T07_C1_G1000,T07,1,1000,metrics,success,2026-02-24 12:05:18.838271,2026-02-24 12:05:18.838271,1.71,cluster_key=cnv_leiden_res0.6
T07_C1_G10000,T07,1,10000,metrics,success,2026-02-24 12:05:29.594055,2026-02-24 12:05:29.594055,10.74,cluster_key=cnv_leiden_res0.69
T07_C1_G15000,T07,1,15000,metrics,success,2026-02-24 12:05:45.493258,2026-02-24 12:05:45.493258,15.85,cluster_key=cnv_leiden_res0.7
T07_C1_G500,T07,1,500,metrics,success,2026-02-24 12:05:47.130921,2026-02-24 12:05:47.130921,1.61,cluster_key=cnv_leiden_res0.61
T07_C1_Gall,T07,1,all,metrics,success,2026-02-24 12:06:20.543222,2026-02-24 12:06:20.543222,33.34,cluster_key=cnv_leiden_res0.7
T07_C2_G1000,T07,2,1000,metrics,success,2026-02-24 12:06:24.135122,2026-02-24 12:06:24.135122,3.49,cluster_key=cnv_leiden_res0.63
T07_C2_G10000,T07,2,10000,metrics,success,2026-02-24 12:06:34.248924,2026-02-24 12:06:34.248924,10.07,cluster_key=cnv_leiden_res0.7
T07_C2_G15000,T07,2,15000,metrics,success,2026-02-24 12:06:50.187518,2026-02-24 12:06:50.187518,15.92,cluster_key=cnv_leiden_res0.7
T07_C2_G20000,T07,2,20000,metrics,success,2026-02-24 12:07:16.147949,2026-02-24 12:07:16.147949,25.93,cluster_key=cnv_leiden_res0.69
T07_C2_G500,T07,2,500,metrics,success,2026-02-24 12:07:18.549202,2026-02-24 12:07:18.549202,2.36,cluster_key=cnv_leiden_res0.64
T07_C2_G5000,T07,2,5000,metrics,success,2026-02-24 12:07:26.844492,2026-02-24 12:07:26.844492,8.28,cluster_key=cnv_leiden_res0.7
T07_C2_Gall,T07,2,all,metrics,success,2026-02-24 12:07:52.074517,2026-02-24 12:07:52.074517,25.19,cluster_key=cnv_leiden_res0.7
T07_C3_G1000,T07,3,1000,metrics,success,2026-02-24 12:07:55.119351,2026-02-24 12:07:55.119351,3.02,cluster_key=cnv_leiden_res0.6
T07_C3_G10000,T07,3,10000,metrics,success,2026-02-24 12:08:05.437047,2026-02-24 12:08:05.437047,10.31,cluster_key=cnv_leiden_res0.7
T07_C3_G15000,T07,3,15000,metrics,success,2026-02-24 12:08:24.668301,2026-02-24 12:08:24.668301,19.17,cluster_key=cnv_leiden_res0.7
T07_C3_G20000,T07,3,20000,metrics,success,2026-02-24 12:08:45.272728,2026-02-24 12:08:45.272728,20.49,cluster_key=cnv_leiden_res0.59
T07_C3_G500,T07,3,500,metrics,success,2026-02-24 12:08:47.952990,2026-02-24 12:08:47.952990,2.58,cluster_key=cnv_leiden_res0.64
T07_C3_G5000,T07,3,5000,metrics,success,2026-02-24 12:08:53.684154,2026-02-24 12:08:53.684154,5.66,cluster_key=cnv_leiden_res0.7
T07_C3_Gall,T07,3,all,metrics,success,2026-02-24 12:09:20.315789,2026-02-24 12:09:20.315789,26.59,cluster_key=cnv_leiden_res0.68
T07_C5_G1000,T07,5,1000,metrics,success,2026-02-24 12:09:23.164298,2026-02-24 12:09:23.164298,2.75,cluster_key=cnv_leiden_res0.65
T07_C5_G10000,T07,5,10000,metrics,success,2026-02-24 12:09:34.258731,2026-02-24 12:09:34.258731,11.05,cluster_key=cnv_leiden_res0.7
T07_C5_G15000,T07,5,15000,metrics,success,2026-02-24 12:09:49.917211,2026-02-24 12:09:49.917211,15.59,cluster_key=cnv_leiden_res0.7
T07_C5_G20000,T07,5,20000,metrics,success,2026-02-24 12:10:08.661743,2026-02-24 12:10:08.661743,18.68,cluster_key=cnv_leiden_res0.6
T07_C5_G500,T07,5,500,metrics,success,2026-02-24 12:10:10.232993,2026-02-24 12:10:10.232993,1.52,cluster_key=cnv_leiden_res0.66
T07_C5_G5000,T07,5,5000,metrics,success,2026-02-24 12:10:16.795333,2026-02-24 12:10:16.795333,6.55,cluster_key=cnv_leiden_res0.7
T07_C5_Gall,T07,5,all,metrics,success,2026-02-24 12:10:43.035947,2026-02-24 12:10:43.035947,26.2,cluster_key=cnv_leiden_res0.65
T07_C10_G1000,T07,10,1000,metrics,success,2026-02-24 12:10:45.482726,2026-02-24 12:10:45.482726,2.4,cluster_key=cnv_leiden_res0.69
T07_C10_G10000,T07,10,10000,metrics,success,2026-02-24 12:10:55.704781,2026-02-24 12:10:55.704781,10.2,cluster_key=cnv_leiden_res0.7
T07_C10_G15000,T07,10,15000,metrics,success,2026-02-24 12:11:11.157030,2026-02-24 12:11:11.157030,15.44,cluster_key=cnv_leiden_res0.7
T07_C10_G20000,T07,10,20000,metrics,success,2026-02-24 12:11:33.496978,2026-02-24 12:11:33.496978,22.3,cluster_key=cnv_leiden_res0.69
T07_C10_G500,T07,10,500,metrics,success,2026-02-24 12:11:36.022210,2026-02-24 12:11:36.022210,2.47,cluster_key=cnv_leiden_res0.69
T07_C10_G5000,T07,10,5000,metrics,success,2026-02-24 12:11:41.948145,2026-02-24 12:11:41.948145,5.9,cluster_key=cnv_leiden_res0.7
T07_C10_Gall,T07,10,all,metrics,success,2026-02-24 12:12:09.476482,2026-02-24 12:12:09.476482,27.45,cluster_key=cnv_leiden_res0.69
T07_C20_G1000,T07,20,1000,metrics,success,2026-02-24 12:12:12.435711,2026-02-24 12:12:12.435711,2.94,cluster_key=cnv_leiden_res0.59
T07_C20_G10000,T07,20,10000,metrics,success,2026-02-24 12:12:24.739586,2026-02-24 12:12:24.739586,12.26,cluster_key=cnv_leiden_res0.7
T07_C20_G15000,T07,20,15000,metrics,success,2026-02-24 12:12:41.507901,2026-02-24 12:12:41.507901,16.7,cluster_key=cnv_leiden_res0.7
T07_C20_G20000,T07,20,20000,metrics,success,2026-02-24 12:13:04.052922,2026-02-24 12:13:04.052922,22.52,cluster_key=cnv_leiden_res0.7
T07_C20_G500,T07,20,500,metrics,success,2026-02-24 12:13:05.750350,2026-02-24 12:13:05.750350,1.67,cluster_key=cnv_leiden_res0.68
T07_C20_G5000,T07,20,5000,metrics,success,2026-02-24 12:13:11.654836,2026-02-24 12:13:11.654836,5.88,cluster_key=cnv_leiden_res0.7
T07_C20_Gall,T07,20,all,metrics,success,2026-02-24 12:13:45.292878,2026-02-24 12:13:45.292878,33.58,cluster_key=cnv_leiden_res0.7
T07_C50_G1000,T07,50,1000,metrics,success,2026-02-24 12:13:47.371384,2026-02-24 12:13:47.371384,2.07,cluster_key=cnv_leiden_res0.71
T07_C50_G10000,T07,50,10000,metrics,success,2026-02-24 12:13:56.844076,2026-02-24 12:13:56.844076,9.45,cluster_key=cnv_leiden_res0.68
T07_C50_G15000,T07,50,15000,metrics,success,2026-02-24 12:14:11.687365,2026-02-24 12:14:11.687365,14.81,cluster_key=cnv_leiden_res0.68
T07_C50_G20000,T07,50,20000,metrics,success,2026-02-24 12:14:31.740278,2026-02-24 12:14:31.740278,20.03,cluster_key=cnv_leiden_res0.7
T07_C50_G500,T07,50,500,metrics,success,2026-02-24 12:14:33.735362,2026-02-24 12:14:33.735362,1.97,cluster_key=cnv_leiden_res0.7
T07_C50_G5000,T07,50,5000,metrics,success,2026-02-24 12:14:40.199988,2026-02-24 12:14:40.199988,6.42,cluster_key=cnv_leiden_res0.7
T07_C50_Gall,T07,50,all,metrics,success,2026-02-24 12:15:06.438636,2026-02-24 12:15:06.438636,26.19,cluster_key=cnv_leiden_res0.55
T07_C70_G1000,T07,70,1000,metrics,success,2026-02-24 12:15:09.256713,2026-02-24 12:15:09.256713,2.73,cluster_key=cnv_leiden_res0.68
T07_C70_G10000,T07,70,10000,metrics,success,2026-02-24 12:15:20.867069,2026-02-24 12:15:20.867069,11.57,cluster_key=cnv_leiden_res0.69
T07_C70_G15000,T07,70,15000,metrics,success,2026-02-24 12:15:39.542175,2026-02-24 12:15:39.542175,18.63,cluster_key=cnv_leiden_res0.59
T07_C70_G20000,T07,70,20000,metrics,success,2026-02-24 12:16:06.712294,2026-02-24 12:16:06.712294,27.11,cluster_key=cnv_leiden_res0.61
T07_C70_G500,T07,70,500,metrics,success,2026-02-24 12:16:08.901809,2026-02-24 12:16:08.901809,2.17,cluster_key=cnv_leiden_res0.69
T07_C100_G1000,T07,100,1000,metrics,success,2026-02-24 12:16:11.780570,2026-02-24 12:16:11.780570,2.83,cluster_key=cnv_leiden_res0.7
T07_C100_G10000,T07,100,10000,metrics,success,2026-02-24 12:16:23.439944,2026-02-24 12:16:23.439944,11.63,cluster_key=cnv_leiden_res0.7
T07_C100_G15000,T07,100,15000,metrics,success,2026-02-24 12:16:39.640096,2026-02-24 12:16:39.640096,16.08,cluster_key=cnv_leiden_res0.69
T07_C100_G20000,T07,100,20000,metrics,success,2026-02-24 12:17:01.550254,2026-02-24 12:17:01.550254,21.79,cluster_key=cnv_leiden_res0.65
T07_C100_G500,T07,100,500,metrics,success,2026-02-24 12:17:14.740779,2026-02-24 12:17:14.740779,13.15,cluster_key=cnv_leiden_res0.69
T07_C100_G5000,T07,100,5000,metrics,success,2026-02-24 12:17:21.800096,2026-02-24 12:17:21.800096,6.95,cluster_key=cnv_leiden_res0.7
T07_C100_Gall,T07,100,all,metrics,success,2026-02-24 12:17:53.736286,2026-02-24 12:17:53.736286,31.87,cluster_key=cnv_leiden_res0.7
T08_C1_G1000,T08,1,1000,metrics,success,2026-02-24 12:17:56.393233,2026-02-24 12:17:56.393233,2.62,cluster_key=cnv_leiden_res0.65
T08_C1_G10000,T08,1,10000,metrics,success,2026-02-24 12:18:07.832059,2026-02-24 12:18:07.832059,11.34,cluster_key=cnv_leiden_res0.7
T08_C1_G15000,T08,1,15000,metrics,success,2026-02-24 12:18:52.738136,2026-02-24 12:18:52.738136,44.85,cluster_key=cnv_leiden_res0.72
T08_C1_G20000,T08,1,20000,metrics,success,2026-02-24 12:19:09.757339,2026-02-24 12:19:09.757339,16.98,cluster_key=cnv_leiden_res0.7
T08_C1_G500,T08,1,500,metrics,success,2026-02-24 12:19:19.590681,2026-02-24 12:19:19.590681,9.77,cluster_key=cnv_leiden_res0.44
T08_C1_G5000,T08,1,5000,metrics,success,2026-02-24 12:19:41.334989,2026-02-24 12:19:41.334989,21.7,cluster_key=cnv_leiden_res0.72
T08_C1_Gall,T08,1,all,metrics,success,2026-02-24 12:20:06.429195,2026-02-24 12:20:06.429195,25.06,cluster_key=cnv_leiden_res0.66
T08_C2_G1000,T08,2,1000,metrics,success,2026-02-24 12:20:19.769121,2026-02-24 12:20:19.769121,13.28,cluster_key=cnv_leiden_res0.7
T08_C2_G10000,T08,2,10000,metrics,success,2026-02-24 12:20:56.599854,2026-02-24 12:20:56.599854,36.66,cluster_key=cnv_leiden_res0.73
T08_C2_G15000,T08,2,15000,metrics,success,2026-02-24 12:21:15.147221,2026-02-24 12:21:15.147221,18.44,cluster_key=cnv_leiden_res0.7
T08_C2_G20000,T08,2,20000,metrics,success,2026-02-24 12:21:36.586028,2026-02-24 12:21:36.586028,21.42,cluster_key=cnv_leiden_res0.7
T08_C2_G500,T08,2,500,metrics,success,2026-02-24 12:21:38.460217,2026-02-24 12:21:38.460217,1.82,cluster_key=cnv_leiden_res0.6
T08_C2_G5000,T08,2,5000,metrics,success,2026-02-24 12:21:43.898052,2026-02-24 12:21:43.898052,5.39,cluster_key=cnv_leiden_res0.71
T08_C2_Gall,T08,2,all,metrics,success,2026-02-24 12:22:08.715083,2026-02-24 12:22:08.715083,24.75,cluster_key=cnv_leiden_res0.7
T08_C3_G1000,T08,3,1000,metrics,success,2026-02-24 12:22:19.330023,2026-02-24 12:22:19.330023,10.57,cluster_key=cnv_leiden_res0.7
T08_C3_G10000,T08,3,10000,metrics,success,2026-02-24 12:22:28.166988,2026-02-24 12:22:28.166988,8.8,cluster_key=cnv_leiden_res0.72
T08_C3_G15000,T08,3,15000,metrics,success,2026-02-24 12:22:42.509051,2026-02-24 12:22:42.509051,14.31,cluster_key=cnv_leiden_res0.7
T08_C3_G20000,T08,3,20000,metrics,success,2026-02-24 12:23:00.848812,2026-02-24 12:23:00.848812,18.29,cluster_key=cnv_leiden_res0.7
T08_C3_G500,T08,3,500,metrics,success,2026-02-24 12:23:10.959690,2026-02-24 12:23:10.959690,10.06,cluster_key=cnv_leiden_res0.62
T08_C3_G5000,T08,3,5000,metrics,success,2026-02-24 12:23:16.999951,2026-02-24 12:23:16.999951,5.98,cluster_key=cnv_leiden_res0.81
T08_C5_G1000,T08,5,1000,metrics,success,2026-02-24 12:23:19.188287,2026-02-24 12:23:19.188287,2.15,cluster_key=cnv_leiden_res0.72
T08_C5_G10000,T08,5,10000,metrics,success,2026-02-24 12:23:29.307364,2026-02-24 12:23:29.307364,10.06,cluster_key=cnv_leiden_res0.7
T08_C5_G15000,T08,5,15000,metrics,success,2026-02-24 12:23:41.967013,2026-02-24 12:23:41.967013,12.6,cluster_key=cnv_leiden_res0.7
T08_C5_G20000,T08,5,20000,metrics,success,2026-02-24 12:23:59.623756,2026-02-24 12:23:59.623756,17.62,cluster_key=cnv_leiden_res0.7
T08_C5_G500,T08,5,500,metrics,success,2026-02-24 12:24:01.275039,2026-02-24 12:24:01.275039,1.62,cluster_key=cnv_leiden_res0.68
T08_C5_G5000,T08,5,5000,metrics,success,2026-02-24 12:24:06.554218,2026-02-24 12:24:06.554218,5.21,cluster_key=cnv_leiden_res0.7
T08_C5_Gall,T08,5,all,metrics,success,2026-02-24 12:24:32.321455,2026-02-24 12:24:32.321455,25.72,cluster_key=cnv_leiden_res0.7
T08_C10_G1000,T08,10,1000,metrics,success,2026-02-24 12:24:34.768932,2026-02-24 12:24:34.768932,2.38,cluster_key=cnv_leiden_res0.7
T08_C10_G10000,T08,10,10000,metrics,success,2026-02-24 12:25:03.807942,2026-02-24 12:25:03.807942,28.98,cluster_key=cnv_leiden_res0.7
T08_C10_G15000,T08,10,15000,metrics,success,2026-02-24 12:25:18.960047,2026-02-24 12:25:18.960047,15.11,cluster_key=cnv_leiden_res0.7
T08_C10_G20000,T08,10,20000,metrics,success,2026-02-24 12:25:41.866860,2026-02-24 12:25:41.866860,22.87,cluster_key=cnv_leiden_res0.7
T08_C10_G500,T08,10,500,metrics,success,2026-02-24 12:25:49.970502,2026-02-24 12:25:49.970502,8.04,cluster_key=cnv_leiden_res0.7
T08_C10_G5000,T08,10,5000,metrics,success,2026-02-24 12:25:55.002160,2026-02-24 12:25:55.002160,4.98,cluster_key=cnv_leiden_res0.7
T08_C10_Gall,T08,10,all,metrics,success,2026-02-24 12:26:18.055472,2026-02-24 12:26:18.055472,23.02,cluster_key=cnv_leiden_res0.7
T08_C20_G1000,T08,20,1000,metrics,success,2026-02-24 12:26:20.316456,2026-02-24 12:26:20.316456,2.2,cluster_key=cnv_leiden_res0.68
T08_C20_G10000,T08,20,10000,metrics,success,2026-02-24 12:26:30.093833,2026-02-24 12:26:30.093833,9.75,cluster_key=cnv_leiden_res0.7
T08_C20_G15000,T08,20,15000,metrics,success,2026-02-24 12:26:43.690240,2026-02-24 12:26:43.690240,13.56,cluster_key=cnv_leiden_res0.7
T08_C20_G20000,T08,20,20000,metrics,success,2026-02-24 12:27:02.296154,2026-02-24 12:27:02.296154,18.54,cluster_key=cnv_leiden_res0.7
T08_C20_G500,T08,20,500,metrics,success,2026-02-24 12:27:04.061225,2026-02-24 12:27:04.061225,1.7,cluster_key=cnv_leiden_res0.7
T08_C20_G5000,T08,20,5000,metrics,success,2026-02-24 12:27:09.592045,2026-02-24 12:27:09.592045,5.5,cluster_key=cnv_leiden_res0.7
T08_C20_Gall,T08,20,all,metrics,success,2026-02-24 12:27:39.660639,2026-02-24 12:27:39.660639,30.0,cluster_key=cnv_leiden_res0.7
T08_C50_G1000,T08,50,1000,metrics,success,2026-02-24 12:27:41.697898,2026-02-24 12:27:41.697898,1.99,cluster_key=cnv_leiden_res0.7
T08_C50_G10000,T08,50,10000,metrics,success,2026-02-24 12:27:50.898907,2026-02-24 12:27:50.898907,9.17,cluster_key=cnv_leiden_res0.7
T08_C50_G15000,T08,50,15000,metrics,success,2026-02-24 12:28:04.331443,2026-02-24 12:28:04.331443,13.38,cluster_key=cnv_leiden_res0.7
T08_C50_G20000,T08,50,20000,metrics,success,2026-02-24 12:28:24.241880,2026-02-24 12:28:24.241880,19.85,cluster_key=cnv_leiden_res0.7
T08_C50_G500,T08,50,500,metrics,success,2026-02-24 12:28:25.816093,2026-02-24 12:28:25.816093,1.52,cluster_key=cnv_leiden_res0.82
T08_C50_G5000,T08,50,5000,metrics,success,2026-02-24 12:28:31.181801,2026-02-24 12:28:31.181801,5.35,cluster_key=cnv_leiden_res0.7
T08_C50_Gall,T08,50,all,metrics,success,2026-02-24 12:28:54.961776,2026-02-24 12:28:54.961776,23.73,cluster_key=cnv_leiden_res0.7
T08_C70_G1000,T08,70,1000,metrics,success,2026-02-24 12:28:57.268517,2026-02-24 12:28:57.268517,2.26,cluster_key=cnv_leiden_res0.7
T08_C70_G10000,T08,70,10000,metrics,success,2026-02-24 12:29:08.224805,2026-02-24 12:29:08.224805,10.92,cluster_key=cnv_leiden_res0.7
T08_C70_G15000,T08,70,15000,metrics,success,2026-02-24 12:29:22.981203,2026-02-24 12:29:22.981203,14.67,cluster_key=cnv_leiden_res0.7
T08_C70_G20000,T08,70,20000,metrics,success,2026-02-24 12:29:48.956520,2026-02-24 12:29:48.956520,25.93,cluster_key=cnv_leiden_res0.7
T08_C70_G500,T08,70,500,metrics,success,2026-02-24 12:29:50.715243,2026-02-24 12:29:50.715243,1.72,cluster_key=cnv_leiden_res0.71
T08_C70_G5000,T08,70,5000,metrics,success,2026-02-24 12:29:57.222177,2026-02-24 12:29:57.222177,6.48,cluster_key=cnv_leiden_res0.7
T08_C70_Gall,T08,70,all,metrics,success,2026-02-24 12:30:18.191435,2026-02-24 12:30:18.191435,20.95,cluster_key=cnv_leiden_res0.3
T08_C100_G1000,T08,100,1000,metrics,success,2026-02-24 12:30:20.621261,2026-02-24 12:30:20.621261,2.37,cluster_key=cnv_leiden_res0.7
T08_C100_G10000,T08,100,10000,metrics,success,2026-02-24 12:30:30.958203,2026-02-24 12:30:30.958203,10.29,cluster_key=cnv_leiden_res0.7
T08_C100_G15000,T08,100,15000,metrics,success,2026-02-24 12:30:47.362298,2026-02-24 12:30:47.362298,16.35,cluster_key=cnv_leiden_res0.7
T08_C100_G20000,T08,100,20000,metrics,success,2026-02-24 12:31:04.258089,2026-02-24 12:31:04.258089,16.81,cluster_key=cnv_leiden_res0.7
T08_C100_G500,T08,100,500,metrics,success,2026-02-24 12:31:06.298054,2026-02-24 12:31:06.298054,1.98,cluster_key=cnv_leiden_res0.83
T08_C100_G5000,T08,100,5000,metrics,success,2026-02-24 12:31:12.804654,2026-02-24 12:31:12.804654,6.47,cluster_key=cnv_leiden_res0.7
T08_C100_Gall,T08,100,all,metrics,success,2026-02-24 12:31:41.359245,2026-02-24 12:31:41.359245,28.49,cluster_key=cnv_leiden_res0.7
T09_C1_G1000,T09,1,1000,metrics,success,2026-02-24 12:31:43.463357,2026-02-24 12:31:43.463357,2.04,cluster_key=cnv_leiden_res0.58
T09_C1_G10000,T09,1,10000,metrics,success,2026-02-24 12:31:52.267080,2026-02-24 12:31:52.267080,8.77,cluster_key=cnv_leiden_res0.8
T09_C1_G15000,T09,1,15000,metrics,success,2026-02-24 12:32:04.474305,2026-02-24 12:32:04.474305,12.19,cluster_key=cnv_leiden_res0.7
T09_C1_G20000,T09,1,20000,metrics,success,2026-02-24 12:32:20.963754,2026-02-24 12:32:20.963754,16.43,cluster_key=cnv_leiden_res0.66
T09_C1_G500,T09,1,500,metrics,success,2026-02-24 12:32:23.996976,2026-02-24 12:32:23.996976,3.01,cluster_key=cnv_leiden_res0.43
T09_C1_G5000,T09,1,5000,metrics,success,2026-02-24 12:32:31.232208,2026-02-24 12:32:31.232208,7.18,cluster_key=cnv_leiden_res0.7
T09_C1_Gall,T09,1,all,metrics,success,2026-02-24 12:32:57.851074,2026-02-24 12:32:57.851074,26.6,cluster_key=cnv_leiden_res0.7
T09_C2_G1000,T09,2,1000,metrics,success,2026-02-24 12:33:00.368376,2026-02-24 12:33:00.368376,2.48,cluster_key=cnv_leiden_res0.63
T09_C2_G10000,T09,2,10000,metrics,success,2026-02-24 12:33:10.325426,2026-02-24 12:33:10.325426,9.93,cluster_key=cnv_leiden_res0.88
T09_C2_G15000,T09,2,15000,metrics,success,2026-02-24 12:33:26.917342,2026-02-24 12:33:26.917342,16.55,cluster_key=cnv_leiden_res0.78
T09_C2_G20000,T09,2,20000,metrics,success,2026-02-24 12:33:42.026561,2026-02-24 12:33:42.026561,15.07,cluster_key=cnv_leiden_res0.82
T09_C2_G500,T09,2,500,metrics,success,2026-02-24 12:33:43.816781,2026-02-24 12:33:43.816781,1.72,cluster_key=cnv_leiden_res0.55
T09_C2_G5000,T09,2,5000,metrics,success,2026-02-24 12:33:49.027393,2026-02-24 12:33:49.027393,5.16,cluster_key=cnv_leiden_res0.83
T09_C2_Gall,T09,2,all,metrics,success,2026-02-24 12:34:13.182832,2026-02-24 12:34:13.182832,24.09,cluster_key=cnv_leiden_res0.7
T09_C3_G1000,T09,3,1000,metrics,success,2026-02-24 12:34:15.336389,2026-02-24 12:34:15.336389,2.1,cluster_key=cnv_leiden_res0.65
T09_C3_G10000,T09,3,10000,metrics,success,2026-02-24 12:34:23.678204,2026-02-24 12:34:23.678204,8.31,cluster_key=cnv_leiden_res0.95
T09_C3_G500,T09,3,500,metrics,success,2026-02-24 12:34:25.805651,2026-02-24 12:34:25.805651,2.03,cluster_key=cnv_leiden_res0.62
T09_C3_Gall,T09,3,all,metrics,success,2026-02-24 12:34:45.264404,2026-02-24 12:34:45.264404,19.44,cluster_key=cnv_leiden_res0.74
T09_C5_G1000,T09,5,1000,metrics,success,2026-02-24 12:34:47.519486,2026-02-24 12:34:47.519486,2.18,cluster_key=cnv_leiden_res0.56
T09_C5_G20000,T09,5,20000,metrics,success,2026-02-24 12:35:02.707967,2026-02-24 12:35:02.707967,15.13,cluster_key=cnv_leiden_res0.78
T09_C5_G500,T09,5,500,metrics,success,2026-02-24 12:35:04.405242,2026-02-24 12:35:04.405242,1.62,cluster_key=cnv_leiden_res0.64
T09_C5_G5000,T09,5,5000,metrics,success,2026-02-24 12:35:09.284636,2026-02-24 12:35:09.284636,4.86,cluster_key=cnv_leiden_res1.01
T09_C5_Gall,T09,5,all,metrics,success,2026-02-24 12:35:30.639299,2026-02-24 12:35:30.639299,21.32,cluster_key=cnv_leiden_res0.7
T09_C10_G1000,T09,10,1000,metrics,success,2026-02-24 12:35:32.164336,2026-02-24 12:35:32.164336,1.5,cluster_key=cnv_leiden_res0.6
T09_C10_G10000,T09,10,10000,metrics,success,2026-02-24 12:35:42.901318,2026-02-24 12:35:42.901318,10.73,cluster_key=cnv_leiden_res0.85
T09_C10_G15000,T09,10,15000,metrics,success,2026-02-24 12:35:54.174780,2026-02-24 12:35:54.174780,11.14,cluster_key=cnv_leiden_res0.84
T09_C10_G20000,T09,10,20000,metrics,success,2026-02-24 12:36:12.476543,2026-02-24 12:36:12.476543,17.37,cluster_key=cnv_leiden_res0.7
T09_C10_G500,T09,10,500,metrics,success,2026-02-24 12:36:14.119034,2026-02-24 12:36:14.119034,1.59,cluster_key=cnv_leiden_res0.7
T09_C10_G5000,T09,10,5000,metrics,success,2026-02-24 12:36:19.420578,2026-02-24 12:36:19.420578,5.26,cluster_key=cnv_leiden_res1.01
T09_C10_Gall,T09,10,all,metrics,success,2026-02-24 12:36:40.766545,2026-02-24 12:36:40.766545,21.32,cluster_key=cnv_leiden_res0.7
T09_C20_G1000,T09,20,1000,metrics,success,2026-02-24 12:36:43.215859,2026-02-24 12:36:43.215859,2.4,cluster_key=cnv_leiden_res0.56
T09_C20_G10000,T09,20,10000,metrics,success,2026-02-24 12:36:53.049273,2026-02-24 12:36:53.049273,9.76,cluster_key=cnv_leiden_res0.86
T09_C20_G15000,T09,20,15000,metrics,success,2026-02-24 12:37:05.084428,2026-02-24 12:37:05.084428,12.01,cluster_key=cnv_leiden_res0.7
T09_C20_G20000,T09,20,20000,metrics,success,2026-02-24 12:37:20.991097,2026-02-24 12:37:20.991097,15.88,cluster_key=cnv_leiden_res0.7
T09_C20_G500,T09,20,500,metrics,success,2026-02-24 12:37:23.484958,2026-02-24 12:37:23.484958,2.43,cluster_key=cnv_leiden_res0.69
T09_C20_G5000,T09,20,5000,metrics,success,2026-02-24 12:37:29.493115,2026-02-24 12:37:29.493115,5.96,cluster_key=cnv_leiden_res1.03
T09_C50_G1000,T09,50,1000,metrics,success,2026-02-24 12:37:31.609706,2026-02-24 12:37:31.609706,2.01,cluster_key=cnv_leiden_res0.67
T09_C50_G15000,T09,50,15000,metrics,success,2026-02-24 12:37:44.971218,2026-02-24 12:37:44.971218,13.31,cluster_key=cnv_leiden_res0.7
T09_C50_G500,T09,50,500,metrics,success,2026-02-24 12:37:46.778166,2026-02-24 12:37:46.778166,1.78,cluster_key=cnv_leiden_res0.74
T09_C50_G5000,T09,50,5000,metrics,success,2026-02-24 12:37:53.666376,2026-02-24 12:37:53.666376,6.84,cluster_key=cnv_leiden_res0.85
T09_C50_Gall,T09,50,all,metrics,success,2026-02-24 12:38:15.180105,2026-02-24 12:38:15.180105,21.49,cluster_key=cnv_leiden_res0.7
T09_C70_G1000,T09,70,1000,metrics,success,2026-02-24 12:38:17.198488,2026-02-24 12:38:17.198488,1.98,cluster_key=cnv_leiden_res0.7
T09_C70_G10000,T09,70,10000,metrics,success,2026-02-24 12:38:26.121139,2026-02-24 12:38:26.121139,8.9,cluster_key=cnv_leiden_res0.8
T09_C70_G15000,T09,70,15000,metrics,success,2026-02-24 12:38:39.629835,2026-02-24 12:38:39.629835,13.47,cluster_key=cnv_leiden_res0.7
T09_C70_G20000,T09,70,20000,metrics,success,2026-02-24 12:38:59.809353,2026-02-24 12:38:59.809353,20.11,cluster_key=cnv_leiden_res0.65
T09_C70_G500,T09,70,500,metrics,success,2026-02-24 12:39:01.799679,2026-02-24 12:39:01.799679,1.95,cluster_key=cnv_leiden_res0.72
T09_C70_G5000,T09,70,5000,metrics,success,2026-02-24 12:39:07.136267,2026-02-24 12:39:07.136267,5.31,cluster_key=cnv_leiden_res0.77
T09_C70_Gall,T09,70,all,metrics,success,2026-02-24 12:39:29.549612,2026-02-24 12:39:29.549612,22.37,cluster_key=cnv_leiden_res0.34
T09_C100_G1000,T09,100,1000,metrics,success,2026-02-24 12:39:31.524780,2026-02-24 12:39:31.524780,1.94,cluster_key=cnv_leiden_res0.7
T09_C100_G10000,T09,100,10000,metrics,success,2026-02-24 12:39:41.137528,2026-02-24 12:39:41.137528,9.57,cluster_key=cnv_leiden_res0.74
T09_C100_G15000,T09,100,15000,metrics,success,2026-02-24 12:39:54.164756,2026-02-24 12:39:54.164756,12.95,cluster_key=cnv_leiden_res0.62
T09_C100_G20000,T09,100,20000,metrics,success,2026-02-24 12:40:11.602913,2026-02-24 12:40:11.602913,17.4,cluster_key=cnv_leiden_res0.69
T09_C100_G500,T09,100,500,metrics,success,2026-02-24 12:40:13.194929,2026-02-24 12:40:13.194929,1.55,cluster_key=cnv_leiden_res0.7
T09_C100_G5000,T09,100,5000,metrics,success,2026-02-24 12:40:18.804486,2026-02-24 12:40:18.804486,5.55,cluster_key=cnv_leiden_res0.74
T09_C100_Gall,T09,100,all,metrics,success,2026-02-24 12:40:47.719535,2026-02-24 12:40:47.719535,28.89,cluster_key=cnv_leiden_res0.67
T10_C1_G1000,T10,1,1000,metrics,success,2026-02-24 12:40:49.724001,2026-02-24 12:40:49.724001,1.95,cluster_key=cnv_leiden_res0.59
T10_C1_G10000,T10,1,10000,metrics,success,2026-02-24 12:40:58.918964,2026-02-24 12:40:58.918964,9.17,cluster_key=cnv_leiden_res0.74
T10_C1_G15000,T10,1,15000,metrics,success,2026-02-24 12:41:11.131694,2026-02-24 12:41:11.131694,12.18,cluster_key=cnv_leiden_res0.67
T10_C1_G20000,T10,1,20000,metrics,success,2026-02-24 12:41:26.717784,2026-02-24 12:41:26.717784,15.55,cluster_key=cnv_leiden_res0.7
T10_C1_G500,T10,1,500,metrics,success,2026-02-24 12:41:28.319160,2026-02-24 12:41:28.319160,1.56,cluster_key=cnv_leiden_res0.45
T10_C1_G5000,T10,1,5000,metrics,success,2026-02-24 12:41:33.671530,2026-02-24 12:41:33.671530,5.34,cluster_key=cnv_leiden_res0.76
T10_C1_Gall,T10,1,all,metrics,success,2026-02-24 12:41:52.480940,2026-02-24 12:41:52.480940,18.78,cluster_key=cnv_leiden_res0.6
T10_C2_G1000,T10,2,1000,metrics,success,2026-02-24 12:41:58.465228,2026-02-24 12:41:58.465228,5.94,cluster_key=cnv_leiden_res0.68
T10_C2_G10000,T10,2,10000,metrics,success,2026-02-24 12:42:06.707328,2026-02-24 12:42:06.707328,8.23,cluster_key=cnv_leiden_res0.7
T10_C2_G15000,T10,2,15000,metrics,success,2026-02-24 12:42:20.578640,2026-02-24 12:42:20.578640,13.85,cluster_key=cnv_leiden_res0.7
T10_C2_G20000,T10,2,20000,metrics,success,2026-02-24 12:42:35.700289,2026-02-24 12:42:35.700289,15.09,cluster_key=cnv_leiden_res0.7
T10_C2_G500,T10,2,500,metrics,success,2026-02-24 12:42:37.768444,2026-02-24 12:42:37.768444,2.02,cluster_key=cnv_leiden_res0.66
T10_C2_G5000,T10,2,5000,metrics,success,2026-02-24 12:42:43.099123,2026-02-24 12:42:43.099123,5.3,cluster_key=cnv_leiden_res0.75
T10_C2_Gall,T10,2,all,metrics,success,2026-02-24 12:43:03.409873,2026-02-24 12:43:03.409873,20.27,cluster_key=cnv_leiden_res0.7
T10_C3_G1000,T10,3,1000,metrics,success,2026-02-24 12:43:05.830388,2026-02-24 12:43:05.830388,2.37,cluster_key=cnv_leiden_res0.7
T10_C3_G10000,T10,3,10000,metrics,success,2026-02-24 12:43:14.644800,2026-02-24 12:43:14.644800,8.75,cluster_key=cnv_leiden_res0.7
T10_C3_G15000,T10,3,15000,metrics,success,2026-02-24 12:43:26.325577,2026-02-24 12:43:26.325577,11.65,cluster_key=cnv_leiden_res0.7
T10_C3_G20000,T10,3,20000,metrics,success,2026-02-24 12:43:42.921007,2026-02-24 12:43:42.921007,16.53,cluster_key=cnv_leiden_res0.7
T10_C3_G500,T10,3,500,metrics,success,2026-02-24 12:43:44.572132,2026-02-24 12:43:44.572132,1.6,cluster_key=cnv_leiden_res0.56
T10_C3_G5000,T10,3,5000,metrics,success,2026-02-24 12:43:49.548307,2026-02-24 12:43:49.548307,4.91,cluster_key=cnv_leiden_res0.86
T10_C3_Gall,T10,3,all,metrics,success,2026-02-24 12:44:10.629799,2026-02-24 12:44:10.629799,21.04,cluster_key=cnv_leiden_res0.7
T10_C5_G1000,T10,5,1000,metrics,success,2026-02-24 12:44:12.738020,2026-02-24 12:44:12.738020,2.06,cluster_key=cnv_leiden_res0.7
T10_C5_G15000,T10,5,15000,metrics,success,2026-02-24 12:44:24.852487,2026-02-24 12:44:24.852487,12.09,cluster_key=cnv_leiden_res0.7
T10_C5_G20000,T10,5,20000,metrics,success,2026-02-24 12:44:39.957178,2026-02-24 12:44:39.957178,15.06,cluster_key=cnv_leiden_res0.7
T10_C5_G500,T10,5,500,metrics,success,2026-02-24 12:44:42.177357,2026-02-24 12:44:42.177357,2.19,cluster_key=cnv_leiden_res0.7
T10_C5_G5000,T10,5,5000,metrics,success,2026-02-24 12:44:47.467662,2026-02-24 12:44:47.467662,5.26,cluster_key=cnv_leiden_res0.83
T10_C5_Gall,T10,5,all,metrics,success,2026-02-24 12:45:10.202144,2026-02-24 12:45:10.202144,22.68,cluster_key=cnv_leiden_res0.7
T10_C10_G1000,T10,10,1000,metrics,success,2026-02-24 12:45:12.983829,2026-02-24 12:45:12.983829,2.68,cluster_key=cnv_leiden_res0.69
T10_C10_G10000,T10,10,10000,metrics,success,2026-02-24 12:45:21.693008,2026-02-24 12:45:21.693008,8.65,cluster_key=cnv_leiden_res0.7
T10_C10_G15000,T10,10,15000,metrics,success,2026-02-24 12:45:38.895700,2026-02-24 12:45:38.895700,17.05,cluster_key=cnv_leiden_res0.7
T10_C10_G20000,T10,10,20000,metrics,success,2026-02-24 12:46:09.155937,2026-02-24 12:46:09.155937,28.9,cluster_key=cnv_leiden_res0.7
T10_C10_G500,T10,10,500,metrics,success,2026-02-24 12:46:11.952502,2026-02-24 12:46:11.952502,2.69,cluster_key=cnv_leiden_res0.74
T10_C10_G5000,T10,10,5000,metrics,success,2026-02-24 12:46:21.417889,2026-02-24 12:46:21.417889,9.4,cluster_key=cnv_leiden_res0.7
T10_C10_Gall,T10,10,all,metrics,success,2026-02-24 12:47:05.092627,2026-02-24 12:47:05.092627,43.45,cluster_key=cnv_leiden_res0.7
T10_C20_G1000,T10,20,1000,metrics,success,2026-02-24 12:47:07.404560,2026-02-24 12:47:07.404560,2.27,cluster_key=cnv_leiden_res0.63
T10_C20_G10000,T10,20,10000,metrics,success,2026-02-24 12:47:17.995501,2026-02-24 12:47:17.995501,10.52,cluster_key=cnv_leiden_res0.7
T10_C20_G15000,T10,20,15000,metrics,success,2026-02-24 12:47:31.137928,2026-02-24 12:47:31.137928,13.09,cluster_key=cnv_leiden_res0.7
T10_C20_G20000,T10,20,20000,metrics,success,2026-02-24 12:47:49.652555,2026-02-24 12:47:49.652555,18.46,cluster_key=cnv_leiden_res0.7
T10_C20_G500,T10,20,500,metrics,success,2026-02-24 12:47:51.520851,2026-02-24 12:47:51.520851,1.55,cluster_key=cnv_leiden_res0.71
T10_C20_G5000,T10,20,5000,metrics,success,2026-02-24 12:47:56.552467,2026-02-24 12:47:56.552467,4.99,cluster_key=cnv_leiden_res0.7
T10_C20_Gall,T10,20,all,metrics,success,2026-02-24 12:48:51.268589,2026-02-24 12:48:51.268589,54.67,cluster_key=cnv_leiden_res0.7
T10_C50_G1000,T10,50,1000,metrics,success,2026-02-24 12:48:55.580627,2026-02-24 12:48:55.580627,4.0,cluster_key=cnv_leiden_res0.7
T10_C50_G10000,T10,50,10000,metrics,success,2026-02-24 12:49:12.702318,2026-02-24 12:49:12.702318,17.03,cluster_key=cnv_leiden_res0.7
T10_C50_G15000,T10,50,15000,metrics,success,2026-02-24 12:49:27.806323,2026-02-24 12:49:27.806323,15.05,cluster_key=cnv_leiden_res0.7
T10_C50_G20000,T10,50,20000,metrics,success,2026-02-24 12:49:45.790845,2026-02-24 12:49:45.790845,17.96,cluster_key=cnv_leiden_res0.7
T10_C50_G5000,T10,50,5000,metrics,success,2026-02-24 12:49:51.009354,2026-02-24 12:49:51.009354,5.18,cluster_key=cnv_leiden_res0.7
T10_C50_Gall,T10,50,all,metrics,success,2026-02-24 12:50:15.153729,2026-02-24 12:50:15.153729,24.1,cluster_key=cnv_leiden_res0.7
T10_C70_G1000,T10,70,1000,metrics,success,2026-02-24 12:50:17.531083,2026-02-24 12:50:17.531083,1.98,cluster_key=cnv_leiden_res0.7
T10_C70_G10000,T10,70,10000,metrics,success,2026-02-24 12:50:30.693588,2026-02-24 12:50:30.693588,13.15,cluster_key=cnv_leiden_res0.7
T10_C70_G15000,T10,70,15000,metrics,success,2026-02-24 12:51:01.420711,2026-02-24 12:51:01.420711,30.69,cluster_key=cnv_leiden_res0.7
T10_C70_G20000,T10,70,20000,metrics,success,2026-02-24 12:51:28.245436,2026-02-24 12:51:28.245436,26.71,cluster_key=cnv_leiden_res0.7
T10_C70_G500,T10,70,500,metrics,success,2026-02-24 12:51:30.581124,2026-02-24 12:51:30.581124,2.27,cluster_key=cnv_leiden_res0.7
T10_C70_G5000,T10,70,5000,metrics,success,2026-02-24 12:51:37.715782,2026-02-24 12:51:37.715782,7.11,cluster_key=cnv_leiden_res0.7
T10_C70_Gall,T10,70,all,metrics,success,2026-02-24 12:52:05.899867,2026-02-24 12:52:05.899867,28.14,cluster_key=cnv_leiden_res0.7
T10_C100_G1000,T10,100,1000,metrics,success,2026-02-24 12:52:08.121630,2026-02-24 12:52:08.121630,2.17,cluster_key=cnv_leiden_res0.7
T10_C100_G10000,T10,100,10000,metrics,success,2026-02-24 12:52:18.042634,2026-02-24 12:52:18.042634,9.89,cluster_key=cnv_leiden_res0.7
T10_C100_G15000,T10,100,15000,metrics,success,2026-02-24 12:52:32.055401,2026-02-24 12:52:32.055401,13.97,cluster_key=cnv_leiden_res0.7
T10_C100_G20000,T10,100,20000,metrics,success,2026-02-24 12:53:31.364659,2026-02-24 12:53:31.364659,59.27,cluster_key=cnv_leiden_res0.7
T10_C100_G500,T10,100,500,metrics,success,2026-02-24 12:53:35.010925,2026-02-24 12:53:35.010925,3.39,cluster_key=cnv_leiden_res0.69
T10_C100_G5000,T10,100,5000,metrics,success,2026-02-24 12:53:52.578516,2026-02-24 12:53:52.578516,17.5,cluster_key=cnv_leiden_res0.7
T10_C100_Gall,T10,100,all,metrics,success,2026-02-24 12:54:29.793201,2026-02-24 12:54:29.793201,37.17,cluster_key=cnv_leiden_res0.7
T01_C1_G1000,T01,1,1000,metrics,success,2026-02-25 09:28:59.472253,2026-02-25 09:28:59.472253,2.28,cluster_key=cnv_leiden_res0.57
T01_C1_G10000,T01,1,10000,metrics,success,2026-02-25 09:29:11.115232,2026-02-25 09:29:11.115232,11.47,cluster_key=cnv_leiden_res0.69
T01_C1_G15000,T01,1,15000,metrics,success,2026-02-25 09:29:27.003833,2026-02-25 09:29:27.003833,15.82,cluster_key=cnv_leiden_res0.7
T01_C1_G20000,T01,1,20000,metrics,success,2026-02-25 09:29:46.198392,2026-02-25 09:29:46.198392,19.18,cluster_key=cnv_leiden_res0.63
T01_C1_G500,T01,1,500,metrics,success,2026-02-25 09:29:48.619157,2026-02-25 09:29:48.619157,2.39,cluster_key=cnv_leiden_res0.39
T01_C1_G5000,T01,1,5000,metrics,success,2026-02-25 09:29:55.306456,2026-02-25 09:29:55.306456,6.66,cluster_key=cnv_leiden_res0.68
T01_C1_G1000,T01,1,1000,metrics,success,2026-02-25 09:55:29.679524,2026-02-25 09:55:29.679524,1.37,cluster_key=cnv_leiden_res0.57
T01_C1_G10000,T01,1,10000,metrics,success,2026-02-25 09:55:38.995961,2026-02-25 09:55:38.995961,9.29,cluster_key=cnv_leiden_res0.69
T01_C1_G15000,T01,1,15000,metrics,success,2026-02-25 09:55:56.957200,2026-02-25 09:55:56.957200,17.88,cluster_key=cnv_leiden_res0.7
T01_C1_G20000,T01,1,20000,metrics,success,2026-02-25 09:56:24.858690,2026-02-25 09:56:24.858690,27.82,cluster_key=cnv_leiden_res0.63
T01_C1_G500,T01,1,500,metrics,success,2026-02-25 09:56:27.027591,2026-02-25 09:56:27.027591,2.14,cluster_key=cnv_leiden_res0.39
T01_C1_G5000,T01,1,5000,metrics,success,2026-02-25 09:56:34.979834,2026-02-25 09:56:34.979834,7.89,cluster_key=cnv_leiden_res0.68
T01_C1_Gall,T01,1,all,metrics,success,2026-02-25 09:57:10.442686,2026-02-25 09:57:10.442686,35.42,cluster_key=cnv_leiden_res0.7
T01_C2_G1000,T01,2,1000,metrics,success,2026-02-25 09:57:13.419147,2026-02-25 09:57:13.419147,2.93,cluster_key=cnv_leiden_res0.57
T01_C2_G10000,T01,2,10000,metrics,success,2026-02-25 09:57:25.741402,2026-02-25 09:57:25.741402,12.31,cluster_key=cnv_leiden_res0.72
T01_C2_G15000,T01,2,15000,metrics,success,2026-02-25 09:57:44.358032,2026-02-25 09:57:44.358032,18.61,cluster_key=cnv_leiden_res0.7
T01_C2_G20000,T01,2,20000,metrics,success,2026-02-25 09:58:11.637657,2026-02-25 09:58:11.637657,27.26,cluster_key=cnv_leiden_res0.64
T01_C2_G500,T01,2,500,metrics,success,2026-02-25 09:58:13.728164,2026-02-25 09:58:13.728164,2.03,cluster_key=cnv_leiden_res0.7
T01_C2_G5000,T01,2,5000,metrics,success,2026-02-25 09:58:19.166063,2026-02-25 09:58:19.166063,5.41,cluster_key=cnv_leiden_res0.69
T01_C2_Gall,T01,2,all,metrics,success,2026-02-25 09:58:41.740869,2026-02-25 09:58:41.740869,22.5,cluster_key=cnv_leiden_res0.67
T01_C3_G1000,T01,3,1000,metrics,success,2026-02-25 09:58:44.022946,2026-02-25 09:58:44.022946,2.27,cluster_key=cnv_leiden_res0.61
T01_C3_G10000,T01,3,10000,metrics,success,2026-02-25 09:58:53.432895,2026-02-25 09:58:53.432895,9.4,cluster_key=cnv_leiden_res0.76
T01_C3_G15000,T01,3,15000,metrics,success,2026-02-25 09:59:11.613232,2026-02-25 09:59:11.613232,18.17,cluster_key=cnv_leiden_res0.7
T01_C3_G20000,T01,3,20000,metrics,success,2026-02-25 09:59:32.219210,2026-02-25 09:59:32.219210,20.57,cluster_key=cnv_leiden_res0.64
T01_C3_G500,T01,3,500,metrics,success,2026-02-25 09:59:34.892443,2026-02-25 09:59:34.892443,2.66,cluster_key=cnv_leiden_res0.66
T01_C3_G5000,T01,3,5000,metrics,success,2026-02-25 09:59:42.137693,2026-02-25 09:59:42.137693,7.24,cluster_key=cnv_leiden_res0.68
T01_C3_Gall,T01,3,all,metrics,success,2026-02-25 10:00:10.786033,2026-02-25 10:00:10.786033,28.64,cluster_key=cnv_leiden_res0.69
T01_C5_G1000,T01,5,1000,metrics,success,2026-02-25 10:00:13.489642,2026-02-25 10:00:13.489642,2.69,cluster_key=cnv_leiden_res0.65
T01_C5_G10000,T01,5,10000,metrics,success,2026-02-25 10:00:26.199095,2026-02-25 10:00:26.199095,12.67,cluster_key=cnv_leiden_res0.7
T01_C5_G15000,T01,5,15000,metrics,success,2026-02-25 10:00:44.543636,2026-02-25 10:00:44.543636,18.31,cluster_key=cnv_leiden_res0.7
T01_C5_G20000,T01,5,20000,metrics,success,2026-02-25 10:01:06.222933,2026-02-25 10:01:06.222933,21.67,cluster_key=cnv_leiden_res0.66
T01_C5_G500,T01,5,500,metrics,success,2026-02-25 10:01:08.864783,2026-02-25 10:01:08.864783,2.57,cluster_key=cnv_leiden_res0.63
T01_C5_G5000,T01,5,5000,metrics,success,2026-02-25 10:01:15.905505,2026-02-25 10:01:15.905505,7.02,cluster_key=cnv_leiden_res0.7
T01_C5_Gall,T01,5,all,metrics,success,2026-02-25 10:01:43.214025,2026-02-25 10:01:43.214025,27.3,cluster_key=cnv_leiden_res0.62
T01_C10_G1000,T01,10,1000,metrics,success,2026-02-25 10:01:46.530515,2026-02-25 10:01:46.530515,3.31,cluster_key=cnv_leiden_res0.63
T01_C10_G10000,T01,10,10000,metrics,success,2026-02-25 10:02:02.168757,2026-02-25 10:02:02.168757,15.62,cluster_key=cnv_leiden_res0.7
T01_C10_G15000,T01,10,15000,metrics,success,2026-02-25 10:02:21.155661,2026-02-25 10:02:21.155661,18.98,cluster_key=cnv_leiden_res0.7
T01_C10_G20000,T01,10,20000,metrics,success,2026-02-25 10:02:40.831253,2026-02-25 10:02:40.831253,19.63,cluster_key=cnv_leiden_res0.68
T01_C10_G500,T01,10,500,metrics,success,2026-02-25 10:02:43.021340,2026-02-25 10:02:43.021340,2.15,cluster_key=cnv_leiden_res0.69
T01_C10_G5000,T01,10,5000,metrics,success,2026-02-25 10:02:50.459467,2026-02-25 10:02:50.459467,7.39,cluster_key=cnv_leiden_res0.7
T01_C10_Gall,T01,10,all,metrics,success,2026-02-25 10:03:16.880331,2026-02-25 10:03:16.880331,26.38,cluster_key=cnv_leiden_res0.66
T01_C20_G1000,T01,20,1000,metrics,success,2026-02-25 10:03:19.491731,2026-02-25 10:03:19.491731,2.6,cluster_key=cnv_leiden_res0.61
T01_C20_G10000,T01,20,10000,metrics,success,2026-02-25 10:03:31.067037,2026-02-25 10:03:31.067037,11.55,cluster_key=cnv_leiden_res0.7
T01_C20_G15000,T01,20,15000,metrics,success,2026-02-25 10:03:49.306319,2026-02-25 10:03:49.306319,18.22,cluster_key=cnv_leiden_res0.7
T01_C20_G20000,T01,20,20000,metrics,success,2026-02-25 10:04:09.893552,2026-02-25 10:04:09.893552,20.57,cluster_key=cnv_leiden_res0.7
T01_C20_G500,T01,20,500,metrics,success,2026-02-25 10:04:12.130764,2026-02-25 10:04:12.130764,2.21,cluster_key=cnv_leiden_res0.69
T01_C20_G5000,T01,20,5000,metrics,success,2026-02-25 10:04:19.928301,2026-02-25 10:04:19.928301,7.79,cluster_key=cnv_leiden_res0.73
T01_C20_Gall,T01,20,all,metrics,success,2026-02-25 10:04:43.353249,2026-02-25 10:04:43.353249,23.35,cluster_key=cnv_leiden_res0.66
T01_C50_G1000,T01,50,1000,metrics,success,2026-02-25 10:04:45.962120,2026-02-25 10:04:45.962120,2.58,cluster_key=cnv_leiden_res0.66
T01_C50_G10000,T01,50,10000,metrics,success,2026-02-25 10:04:56.210455,2026-02-25 10:04:56.210455,10.21,cluster_key=cnv_leiden_res0.7
T01_C50_G15000,T01,50,15000,metrics,success,2026-02-25 10:05:14.398234,2026-02-25 10:05:14.398234,18.16,cluster_key=cnv_leiden_res0.69
T01_C50_G20000,T01,50,20000,metrics,success,2026-02-25 10:05:30.772202,2026-02-25 10:05:30.772202,16.36,cluster_key=cnv_leiden_res0.64
T01_C50_G500,T01,50,500,metrics,success,2026-02-25 10:05:31.978613,2026-02-25 10:05:31.978613,1.2,cluster_key=cnv_leiden_res0.67
T01_C50_G5000,T01,50,5000,metrics,success,2026-02-25 10:05:37.280876,2026-02-25 10:05:37.280876,5.29,cluster_key=cnv_leiden_res0.82
T01_C50_Gall,T01,50,all,metrics,success,2026-02-25 10:06:03.947483,2026-02-25 10:06:03.947483,26.62,cluster_key=cnv_leiden_res0.59
T01_C70_G1000,T01,70,1000,metrics,success,2026-02-25 10:06:07.080001,2026-02-25 10:06:07.080001,3.11,cluster_key=cnv_leiden_res0.64
T01_C70_G10000,T01,70,10000,metrics,success,2026-02-25 10:06:19.777192,2026-02-25 10:06:19.777192,12.68,cluster_key=cnv_leiden_res0.58
T01_C70_G15000,T01,70,15000,metrics,success,2026-02-25 10:06:36.423627,2026-02-25 10:06:36.423627,16.64,cluster_key=cnv_leiden_res0.65
T01_C70_G20000,T01,70,20000,metrics,success,2026-02-25 10:06:57.281707,2026-02-25 10:06:57.281707,20.84,cluster_key=cnv_leiden_res0.64
T01_C70_G500,T01,70,500,metrics,success,2026-02-25 10:07:00.762024,2026-02-25 10:07:00.762024,3.47,cluster_key=cnv_leiden_res0.68
T01_C70_G5000,T01,70,5000,metrics,success,2026-02-25 10:07:08.181145,2026-02-25 10:07:08.181145,7.34,cluster_key=cnv_leiden_res0.77
T01_C70_Gall,T01,70,all,metrics,success,2026-02-25 10:07:51.161585,2026-02-25 10:07:51.161585,42.96,cluster_key=cnv_leiden_res0.54
T01_C100_G1000,T01,100,1000,metrics,success,2026-02-25 10:07:54.111129,2026-02-25 10:07:54.111129,2.93,cluster_key=cnv_leiden_res0.68
T01_C100_G10000,T01,100,10000,metrics,success,2026-02-25 10:08:07.751225,2026-02-25 10:08:07.751225,13.63,cluster_key=cnv_leiden_res0.61
T01_C100_G15000,T01,100,15000,metrics,success,2026-02-25 10:08:25.287236,2026-02-25 10:08:25.287236,17.53,cluster_key=cnv_leiden_res0.63
T01_C100_G20000,T01,100,20000,metrics,success,2026-02-25 10:08:52.481095,2026-02-25 10:08:52.481095,27.18,cluster_key=cnv_leiden_res0.59
T01_C100_G500,T01,100,500,metrics,success,2026-02-25 10:08:54.236468,2026-02-25 10:08:54.236468,1.74,cluster_key=cnv_leiden_res0.7
T01_C100_G5000,T01,100,5000,metrics,success,2026-02-25 10:08:59.789924,2026-02-25 10:08:59.789924,5.55,cluster_key=cnv_leiden_res0.76
T01_C100_Gall,T01,100,all,metrics,success,2026-02-25 10:09:35.896002,2026-02-25 10:09:35.896002,35.24,cluster_key=cnv_leiden_res0.55
T02_C1_G1000,T02,1,1000,metrics,success,2026-02-25 10:09:38.558264,2026-02-25 10:09:38.558264,2.65,cluster_key=cnv_leiden_res0.52
T02_C1_G10000,T02,1,10000,metrics,success,2026-02-25 10:09:52.449399,2026-02-25 10:09:52.449399,13.85,cluster_key=cnv_leiden_res0.7
T02_C1_G15000,T02,1,15000,metrics,success,2026-02-25 10:10:06.200205,2026-02-25 10:10:06.200205,13.71,cluster_key=cnv_leiden_res0.7
T02_C1_G20000,T02,1,20000,metrics,success,2026-02-25 10:10:26.365510,2026-02-25 10:10:26.365510,20.15,cluster_key=cnv_leiden_res0.66
T02_C1_G500,T02,1,500,metrics,success,2026-02-25 10:10:28.668369,2026-02-25 10:10:28.668369,2.26,cluster_key=cnv_leiden_res0.51
T02_C1_G5000,T02,1,5000,metrics,success,2026-02-25 10:10:34.250933,2026-02-25 10:10:34.250933,5.57,cluster_key=cnv_leiden_res0.7
T02_C1_Gall,T02,1,all,metrics,success,2026-02-25 10:11:06.053094,2026-02-25 10:11:06.053094,31.79,cluster_key=cnv_leiden_res0.68
T02_C2_G1000,T02,2,1000,metrics,success,2026-02-25 10:11:09.962152,2026-02-25 10:11:09.962152,3.9,cluster_key=cnv_leiden_res0.63
T02_C2_G10000,T02,2,10000,metrics,success,2026-02-25 10:11:19.825773,2026-02-25 10:11:19.825773,9.86,cluster_key=cnv_leiden_res0.7
T02_C2_G15000,T02,2,15000,metrics,success,2026-02-25 10:11:33.508305,2026-02-25 10:11:33.508305,13.66,cluster_key=cnv_leiden_res0.7
T02_C2_G20000,T02,2,20000,metrics,success,2026-02-25 10:11:50.718170,2026-02-25 10:11:50.718170,17.2,cluster_key=cnv_leiden_res0.7
T02_C2_G500,T02,2,500,metrics,success,2026-02-25 10:11:51.991373,2026-02-25 10:11:51.991373,1.26,cluster_key=cnv_leiden_res0.67
T02_C2_G5000,T02,2,5000,metrics,success,2026-02-25 10:11:58.516386,2026-02-25 10:11:58.516386,6.52,cluster_key=cnv_leiden_res0.7
T02_C2_Gall,T02,2,all,metrics,success,2026-02-25 10:12:20.879796,2026-02-25 10:12:20.879796,22.29,cluster_key=cnv_leiden_res0.7
T02_C3_G1000,T02,3,1000,metrics,success,2026-02-25 10:12:24.800218,2026-02-25 10:12:24.800218,3.88,cluster_key=cnv_leiden_res0.69
T02_C3_G10000,T02,3,10000,metrics,success,2026-02-25 10:12:34.775338,2026-02-25 10:12:34.775338,9.96,cluster_key=cnv_leiden_res0.78
T02_C3_G15000,T02,3,15000,metrics,success,2026-02-25 10:12:51.381421,2026-02-25 10:12:51.381421,16.59,cluster_key=cnv_leiden_res0.72
T02_C3_G20000,T02,3,20000,metrics,success,2026-02-25 10:13:15.581604,2026-02-25 10:13:15.581604,24.06,cluster_key=cnv_leiden_res0.7
T02_C3_G500,T02,3,500,metrics,success,2026-02-25 10:13:18.243347,2026-02-25 10:13:18.243347,2.64,cluster_key=cnv_leiden_res0.69
T02_C3_G5000,T02,3,5000,metrics,success,2026-02-25 10:13:24.462240,2026-02-25 10:13:24.462240,6.19,cluster_key=cnv_leiden_res0.7
T02_C3_Gall,T02,3,all,metrics,success,2026-02-25 10:13:49.962373,2026-02-25 10:13:49.962373,25.45,cluster_key=cnv_leiden_res0.7
T02_C5_G1000,T02,5,1000,metrics,success,2026-02-25 10:13:52.485955,2026-02-25 10:13:52.485955,2.44,cluster_key=cnv_leiden_res0.7
T02_C5_G10000,T02,5,10000,metrics,success,2026-02-25 10:14:02.517176,2026-02-25 10:14:02.517176,10.01,cluster_key=cnv_leiden_res0.76
T02_C5_G15000,T02,5,15000,metrics,success,2026-02-25 10:14:16.162659,2026-02-25 10:14:16.162659,13.59,cluster_key=cnv_leiden_res0.7
T02_C5_G20000,T02,5,20000,metrics,success,2026-02-25 10:14:43.940342,2026-02-25 10:14:43.940342,27.74,cluster_key=cnv_leiden_res0.7
T02_C5_G500,T02,5,500,metrics,success,2026-02-25 10:14:46.724710,2026-02-25 10:14:46.724710,2.7,cluster_key=cnv_leiden_res0.64
T02_C5_G5000,T02,5,5000,metrics,success,2026-02-25 10:14:53.095686,2026-02-25 10:14:53.095686,6.31,cluster_key=cnv_leiden_res0.7
T02_C5_Gall,T02,5,all,metrics,success,2026-02-25 10:15:19.947304,2026-02-25 10:15:19.947304,26.81,cluster_key=cnv_leiden_res0.7
T02_C10_G1000,T02,10,1000,metrics,success,2026-02-25 10:15:25.504712,2026-02-25 10:15:25.504712,4.66,cluster_key=cnv_leiden_res0.59
T02_C10_G10000,T02,10,10000,metrics,success,2026-02-25 10:15:36.799951,2026-02-25 10:15:36.799951,11.29,cluster_key=cnv_leiden_res0.71
T02_C10_G15000,T02,10,15000,metrics,success,2026-02-25 10:15:59.862575,2026-02-25 10:15:59.862575,22.08,cluster_key=cnv_leiden_res0.7
T02_C10_G20000,T02,10,20000,metrics,success,2026-02-25 10:16:21.022607,2026-02-25 10:16:21.022607,21.15,cluster_key=cnv_leiden_res0.7
T02_C10_G500,T02,10,500,metrics,success,2026-02-25 10:16:22.648738,2026-02-25 10:16:22.648738,1.62,cluster_key=cnv_leiden_res0.68
T02_C10_G5000,T02,10,5000,metrics,success,2026-02-25 10:16:31.025289,2026-02-25 10:16:31.025289,8.36,cluster_key=cnv_leiden_res0.7
T02_C10_Gall,T02,10,all,metrics,success,2026-02-25 10:16:59.536941,2026-02-25 10:16:59.536941,28.5,cluster_key=cnv_leiden_res0.7
T02_C20_G1000,T02,20,1000,metrics,success,2026-02-25 10:17:02.512373,2026-02-25 10:17:02.512373,2.97,cluster_key=cnv_leiden_res0.63
T02_C20_G10000,T02,20,10000,metrics,success,2026-02-25 10:17:15.385894,2026-02-25 10:17:15.385894,12.24,cluster_key=cnv_leiden_res0.7
T02_C20_G15000,T02,20,15000,metrics,success,2026-02-25 10:17:28.392245,2026-02-25 10:17:28.392245,12.98,cluster_key=cnv_leiden_res0.7
T02_C20_G20000,T02,20,20000,metrics,success,2026-02-25 10:17:47.682694,2026-02-25 10:17:47.682694,19.28,cluster_key=cnv_leiden_res0.7
T02_C20_G500,T02,20,500,metrics,success,2026-02-25 10:17:55.342293,2026-02-25 10:17:55.342293,3.06,cluster_key=cnv_leiden_res0.7
T02_C20_G5000,T02,20,5000,metrics,success,2026-02-25 10:18:01.214623,2026-02-25 10:18:01.214623,5.86,cluster_key=cnv_leiden_res0.77
T02_C20_Gall,T02,20,all,metrics,success,2026-02-25 10:18:28.455871,2026-02-25 10:18:28.455871,27.21,cluster_key=cnv_leiden_res0.7
T02_C50_G1000,T02,50,1000,metrics,success,2026-02-25 10:18:32.008578,2026-02-25 10:18:32.008578,3.53,cluster_key=cnv_leiden_res0.7
T02_C50_G10000,T02,50,10000,metrics,success,2026-02-25 10:18:43.543301,2026-02-25 10:18:43.543301,11.52,cluster_key=cnv_leiden_res0.7
T02_C50_G15000,T02,50,15000,metrics,success,2026-02-25 10:18:58.372566,2026-02-25 10:18:58.372566,14.78,cluster_key=cnv_leiden_res0.7
T02_C50_G20000,T02,50,20000,metrics,success,2026-02-25 10:19:17.230577,2026-02-25 10:19:17.230577,18.84,cluster_key=cnv_leiden_res0.7
T02_C50_G500,T02,50,500,metrics,success,2026-02-25 10:19:19.374990,2026-02-25 10:19:19.374990,2.11,cluster_key=cnv_leiden_res0.7
T02_C50_G5000,T02,50,5000,metrics,success,2026-02-25 10:19:25.232274,2026-02-25 10:19:25.232274,5.81,cluster_key=cnv_leiden_res0.86
T02_C50_Gall,T02,50,all,metrics,success,2026-02-25 10:20:01.449937,2026-02-25 10:20:01.449937,36.16,cluster_key=cnv_leiden_res0.7
T02_C70_G1000,T02,70,1000,metrics,success,2026-02-25 10:20:03.746487,2026-02-25 10:20:03.746487,2.26,cluster_key=cnv_leiden_res0.68
T02_C70_G10000,T02,70,10000,metrics,success,2026-02-25 10:20:15.830605,2026-02-25 10:20:15.830605,12.07,cluster_key=cnv_leiden_res0.7
T02_C70_G15000,T02,70,15000,metrics,success,2026-02-25 10:20:28.578917,2026-02-25 10:20:28.578917,12.74,cluster_key=cnv_leiden_res0.61
T02_C70_G500,T02,70,500,metrics,success,2026-02-25 10:20:29.546207,2026-02-25 10:20:29.546207,0.96,cluster_key=cnv_leiden_res0.7
T02_C70_G5000,T02,70,5000,metrics,success,2026-02-25 10:20:37.186414,2026-02-25 10:20:37.186414,7.64,cluster_key=cnv_leiden_res0.74
T02_C70_Gall,T02,70,all,metrics,success,2026-02-25 10:20:56.479436,2026-02-25 10:20:56.479436,19.28,cluster_key=cnv_leiden_res0.38
T02_C100_G1000,T02,100,1000,metrics,success,2026-02-25 10:20:58.014698,2026-02-25 10:20:58.014698,1.53,cluster_key=cnv_leiden_res0.7
T02_C100_G10000,T02,100,10000,metrics,success,2026-02-25 10:21:05.418386,2026-02-25 10:21:05.418386,7.39,cluster_key=cnv_leiden_res0.7
T02_C100_G15000,T02,100,15000,metrics,success,2026-02-25 10:21:16.163744,2026-02-25 10:21:16.163744,10.74,cluster_key=cnv_leiden_res0.7
T02_C100_G20000,T02,100,20000,metrics,success,2026-02-25 10:21:32.410995,2026-02-25 10:21:32.410995,16.24,cluster_key=cnv_leiden_res0.7
T02_C100_G500,T02,100,500,metrics,success,2026-02-25 10:21:34.161185,2026-02-25 10:21:34.161185,1.74,cluster_key=cnv_leiden_res0.7
T02_C100_G5000,T02,100,5000,metrics,success,2026-02-25 10:21:39.411971,2026-02-25 10:21:39.411971,5.18,cluster_key=cnv_leiden_res0.71
T02_C100_Gall,T02,100,all,metrics,success,2026-02-25 10:22:18.150084,2026-02-25 10:22:18.150084,38.71,cluster_key=cnv_leiden_res0.7
T03_C1_G1000,T03,1,1000,metrics,success,2026-02-25 10:22:20.602516,2026-02-25 10:22:20.602516,2.44,cluster_key=cnv_leiden_res0.56
T03_C1_G10000,T03,1,10000,metrics,success,2026-02-25 10:22:31.264582,2026-02-25 10:22:31.264582,10.64,cluster_key=cnv_leiden_res0.68
T03_C1_G15000,T03,1,15000,metrics,success,2026-02-25 10:22:44.628471,2026-02-25 10:22:44.628471,13.35,cluster_key=cnv_leiden_res0.62
T03_C1_G20000,T03,1,20000,metrics,success,2026-02-25 10:23:04.052005,2026-02-25 10:23:04.052005,19.41,cluster_key=cnv_leiden_res0.69
T03_C1_G500,T03,1,500,metrics,success,2026-02-25 10:23:06.116011,2026-02-25 10:23:06.116011,2.04,cluster_key=cnv_leiden_res0.45
T03_C1_G5000,T03,1,5000,metrics,success,2026-02-25 10:23:11.228064,2026-02-25 10:23:11.228064,5.1,cluster_key=cnv_leiden_res0.66
T03_C1_Gall,T03,1,all,metrics,success,2026-02-25 10:23:35.027875,2026-02-25 10:23:35.027875,23.79,cluster_key=cnv_leiden_res0.7
T03_C2_G1000,T03,2,1000,metrics,success,2026-02-25 10:23:37.337422,2026-02-25 10:23:37.337422,2.3,cluster_key=cnv_leiden_res0.55
T03_C2_G10000,T03,2,10000,metrics,success,2026-02-25 10:23:45.577292,2026-02-25 10:23:45.577292,8.22,cluster_key=cnv_leiden_res0.7
T03_C2_G15000,T03,2,15000,metrics,success,2026-02-25 10:24:01.071715,2026-02-25 10:24:01.071715,15.49,cluster_key=cnv_leiden_res0.69
T03_C2_G20000,T03,2,20000,metrics,success,2026-02-25 10:24:18.588177,2026-02-25 10:24:18.588177,17.51,cluster_key=cnv_leiden_res0.68
T03_C2_G500,T03,2,500,metrics,success,2026-02-25 10:24:20.778787,2026-02-25 10:24:20.778787,2.18,cluster_key=cnv_leiden_res0.67
T03_C2_G5000,T03,2,5000,metrics,success,2026-02-25 10:24:25.732351,2026-02-25 10:24:25.732351,4.92,cluster_key=cnv_leiden_res0.68
T03_C2_Gall,T03,2,all,metrics,success,2026-02-25 10:24:52.242771,2026-02-25 10:24:52.242771,26.49,cluster_key=cnv_leiden_res0.7
T03_C3_G1000,T03,3,1000,metrics,success,2026-02-25 10:24:54.824913,2026-02-25 10:24:54.824913,2.57,cluster_key=cnv_leiden_res0.61
T03_C3_G10000,T03,3,10000,metrics,success,2026-02-25 10:25:07.105526,2026-02-25 10:25:07.105526,12.13,cluster_key=cnv_leiden_res0.7
T03_C3_G15000,T03,3,15000,metrics,success,2026-02-25 10:25:19.460872,2026-02-25 10:25:19.460872,12.31,cluster_key=cnv_leiden_res0.7
T03_C3_G20000,T03,3,20000,metrics,success,2026-02-25 10:25:37.561117,2026-02-25 10:25:37.561117,18.05,cluster_key=cnv_leiden_res0.62
T03_C3_G500,T03,3,500,metrics,success,2026-02-25 10:25:39.708728,2026-02-25 10:25:39.708728,2.09,cluster_key=cnv_leiden_res0.59
T03_C3_G5000,T03,3,5000,metrics,success,2026-02-25 10:25:44.996615,2026-02-25 10:25:44.996615,5.26,cluster_key=cnv_leiden_res0.7
T03_C3_Gall,T03,3,all,metrics,success,2026-02-25 10:26:14.756533,2026-02-25 10:26:14.756533,29.75,cluster_key=cnv_leiden_res0.68
T03_C5_G1000,T03,5,1000,metrics,success,2026-02-25 10:26:17.214100,2026-02-25 10:26:17.214100,2.44,cluster_key=cnv_leiden_res0.64
T03_C5_G10000,T03,5,10000,metrics,success,2026-02-25 10:26:26.671410,2026-02-25 10:26:26.671410,9.44,cluster_key=cnv_leiden_res0.71
T03_C5_G15000,T03,5,15000,metrics,success,2026-02-25 10:26:42.540156,2026-02-25 10:26:42.540156,15.76,cluster_key=cnv_leiden_res0.7
T03_C5_G20000,T03,5,20000,metrics,success,2026-02-25 10:26:57.691925,2026-02-25 10:26:57.691925,15.13,cluster_key=cnv_leiden_res0.69
T03_C5_G500,T03,5,500,metrics,success,2026-02-25 10:26:59.405889,2026-02-25 10:26:59.405889,1.69,cluster_key=cnv_leiden_res0.69
T03_C5_G5000,T03,5,5000,metrics,success,2026-02-25 10:27:04.470497,2026-02-25 10:27:04.470497,5.04,cluster_key=cnv_leiden_res0.7
T03_C5_Gall,T03,5,all,metrics,success,2026-02-25 10:27:33.183585,2026-02-25 10:27:33.183585,28.68,cluster_key=cnv_leiden_res0.64
T03_C10_G1000,T03,10,1000,metrics,success,2026-02-25 10:27:35.683846,2026-02-25 10:27:35.683846,2.47,cluster_key=cnv_leiden_res0.63
T03_C10_G10000,T03,10,10000,metrics,success,2026-02-25 10:27:45.178279,2026-02-25 10:27:45.178279,9.48,cluster_key=cnv_leiden_res0.73
T03_C10_G15000,T03,10,15000,metrics,success,2026-02-25 10:28:00.575299,2026-02-25 10:28:00.575299,15.35,cluster_key=cnv_leiden_res0.7
T03_C10_G20000,T03,10,20000,metrics,success,2026-02-25 10:28:23.281858,2026-02-25 10:28:23.281858,22.69,cluster_key=cnv_leiden_res0.76
T03_C10_G500,T03,10,500,metrics,success,2026-02-25 10:28:25.186096,2026-02-25 10:28:25.186096,1.9,cluster_key=cnv_leiden_res0.7
T03_C10_G5000,T03,10,5000,metrics,success,2026-02-25 10:28:29.844063,2026-02-25 10:28:29.844063,4.65,cluster_key=cnv_leiden_res0.7
T03_C10_Gall,T03,10,all,metrics,success,2026-02-25 10:28:56.451548,2026-02-25 10:28:56.451548,26.59,cluster_key=cnv_leiden_res0.7
T03_C20_G1000,T03,20,1000,metrics,success,2026-02-25 10:28:58.844849,2026-02-25 10:28:58.844849,2.37,cluster_key=cnv_leiden_res0.66
T03_C20_G10000,T03,20,10000,metrics,success,2026-02-25 10:29:09.624801,2026-02-25 10:29:09.624801,10.76,cluster_key=cnv_leiden_res0.77
T03_C20_G15000,T03,20,15000,metrics,success,2026-02-25 10:29:21.721834,2026-02-25 10:29:21.721834,12.06,cluster_key=cnv_leiden_res0.7
T03_C20_G20000,T03,20,20000,metrics,success,2026-02-25 10:29:42.920686,2026-02-25 10:29:42.920686,21.19,cluster_key=cnv_leiden_res0.7
T03_C20_G500,T03,20,500,metrics,success,2026-02-25 10:29:45.075581,2026-02-25 10:29:45.075581,2.13,cluster_key=cnv_leiden_res0.69
T03_C20_G5000,T03,20,5000,metrics,success,2026-02-25 10:29:49.899335,2026-02-25 10:29:49.899335,4.8,cluster_key=cnv_leiden_res0.7
T03_C20_Gall,T03,20,all,metrics,success,2026-02-25 10:30:29.453138,2026-02-25 10:30:29.453138,39.53,cluster_key=cnv_leiden_res0.7
T03_C50_G1000,T03,50,1000,metrics,success,2026-02-25 10:30:32.446266,2026-02-25 10:30:32.446266,2.99,cluster_key=cnv_leiden_res0.58
T03_C50_G10000,T03,50,10000,metrics,success,2026-02-25 10:30:45.981472,2026-02-25 10:30:45.981472,13.53,cluster_key=cnv_leiden_res0.73
T03_C50_G15000,T03,50,15000,metrics,success,2026-02-25 10:31:03.033769,2026-02-25 10:31:03.033769,17.01,cluster_key=cnv_leiden_res0.7
T03_C50_G20000,T03,50,20000,metrics,success,2026-02-25 10:31:25.690363,2026-02-25 10:31:25.690363,22.63,cluster_key=cnv_leiden_res0.7
T03_C50_G500,T03,50,500,metrics,success,2026-02-25 10:31:29.005425,2026-02-25 10:31:29.005425,3.26,cluster_key=cnv_leiden_res0.66
T03_C50_G5000,T03,50,5000,metrics,success,2026-02-25 10:31:35.509033,2026-02-25 10:31:35.509033,6.45,cluster_key=cnv_leiden_res0.7
T03_C50_Gall,T03,50,all,metrics,success,2026-02-25 10:32:13.432361,2026-02-25 10:32:13.432361,37.91,cluster_key=cnv_leiden_res0.59
T03_C70_G1000,T03,70,1000,metrics,success,2026-02-25 10:32:18.012850,2026-02-25 10:32:18.012850,4.54,cluster_key=cnv_leiden_res0.68
T03_C70_G10000,T03,70,10000,metrics,success,2026-02-25 10:32:32.286690,2026-02-25 10:32:32.286690,14.25,cluster_key=cnv_leiden_res0.76
T03_C70_G15000,T03,70,15000,metrics,success,2026-02-25 10:32:59.102613,2026-02-25 10:32:59.102613,26.77,cluster_key=cnv_leiden_res0.69
T03_C70_G20000,T03,70,20000,metrics,success,2026-02-25 10:33:20.150016,2026-02-25 10:33:20.150016,21.04,cluster_key=cnv_leiden_res0.4
T03_C70_G500,T03,70,500,metrics,success,2026-02-25 10:33:22.556159,2026-02-25 10:33:22.556159,2.39,cluster_key=cnv_leiden_res0.66
T03_C70_G5000,T03,70,5000,metrics,success,2026-02-25 10:33:29.134070,2026-02-25 10:33:29.134070,6.57,cluster_key=cnv_leiden_res0.7
T03_C70_Gall,T03,70,all,metrics,success,2026-02-25 10:34:14.557630,2026-02-25 10:34:14.557630,45.41,cluster_key=cnv_leiden_res0.32
T03_C100_G1000,T03,100,1000,metrics,success,2026-02-25 10:34:17.709114,2026-02-25 10:34:17.709114,3.14,cluster_key=cnv_leiden_res0.7
T03_C100_G10000,T03,100,10000,metrics,success,2026-02-25 10:34:29.455088,2026-02-25 10:34:29.455088,11.74,cluster_key=cnv_leiden_res0.7
T03_C100_G15000,T03,100,15000,metrics,success,2026-02-25 10:34:47.765632,2026-02-25 10:34:47.765632,18.29,cluster_key=cnv_leiden_res0.7
T03_C100_G20000,T03,100,20000,metrics,success,2026-02-25 10:35:20.596133,2026-02-25 10:35:20.596133,32.81,cluster_key=cnv_leiden_res0.7
T03_C100_G500,T03,100,500,metrics,success,2026-02-25 10:35:22.972563,2026-02-25 10:35:22.972563,2.33,cluster_key=cnv_leiden_res0.68
T03_C100_G5000,T03,100,5000,metrics,success,2026-02-25 10:35:29.898684,2026-02-25 10:35:29.898684,6.92,cluster_key=cnv_leiden_res0.7
T03_C100_Gall,T03,100,all,metrics,success,2026-02-25 10:36:09.829926,2026-02-25 10:36:09.829926,39.28,cluster_key=cnv_leiden_res0.7
T04_C1_G1000,T04,1,1000,metrics,success,2026-02-25 10:36:12.369089,2026-02-25 10:36:12.369089,2.53,cluster_key=cnv_leiden_res0.54
T04_C1_G10000,T04,1,10000,metrics,success,2026-02-25 10:36:26.691739,2026-02-25 10:36:26.691739,14.26,cluster_key=cnv_leiden_res0.7
T04_C1_G15000,T04,1,15000,metrics,success,2026-02-25 10:36:44.721884,2026-02-25 10:36:44.721884,18.02,cluster_key=cnv_leiden_res0.64
T04_C1_G20000,T04,1,20000,metrics,success,2026-02-25 10:37:05.429370,2026-02-25 10:37:05.429370,20.69,cluster_key=cnv_leiden_res0.7
T04_C1_G500,T04,1,500,metrics,success,2026-02-25 10:37:07.283694,2026-02-25 10:37:07.283694,1.85,cluster_key=cnv_leiden_res0.51
T04_C1_G5000,T04,1,5000,metrics,success,2026-02-25 10:37:12.951042,2026-02-25 10:37:12.951042,5.65,cluster_key=cnv_leiden_res0.66
T04_C1_Gall,T04,1,all,metrics,success,2026-02-25 10:37:53.152518,2026-02-25 10:37:53.152518,40.19,cluster_key=cnv_leiden_res0.7
T04_C2_G1000,T04,2,1000,metrics,success,2026-02-25 10:37:55.256167,2026-02-25 10:37:55.256167,2.09,cluster_key=cnv_leiden_res0.56
T04_C2_G10000,T04,2,10000,metrics,success,2026-02-25 10:38:09.746773,2026-02-25 10:38:09.746773,14.47,cluster_key=cnv_leiden_res0.7
T04_C2_G15000,T04,2,15000,metrics,success,2026-02-25 10:38:24.615520,2026-02-25 10:38:24.615520,14.85,cluster_key=cnv_leiden_res0.69
T04_C2_G20000,T04,2,20000,metrics,success,2026-02-25 10:38:49.869756,2026-02-25 10:38:49.869756,25.24,cluster_key=cnv_leiden_res0.69
T04_C2_G500,T04,2,500,metrics,success,2026-02-25 10:38:51.331908,2026-02-25 10:38:51.331908,1.45,cluster_key=cnv_leiden_res0.7
T04_C2_G5000,T04,2,5000,metrics,success,2026-02-25 10:38:56.055891,2026-02-25 10:38:56.055891,4.72,cluster_key=cnv_leiden_res0.7
T04_C2_Gall,T04,2,all,metrics,success,2026-02-25 10:39:32.032202,2026-02-25 10:39:32.032202,35.97,cluster_key=cnv_leiden_res0.7
T04_C3_G1000,T04,3,1000,metrics,success,2026-02-25 10:39:34.131417,2026-02-25 10:39:34.131417,2.08,cluster_key=cnv_leiden_res0.7
T04_C3_G10000,T04,3,10000,metrics,success,2026-02-25 10:39:45.249004,2026-02-25 10:39:45.249004,11.11,cluster_key=cnv_leiden_res0.7
T04_C3_G15000,T04,3,15000,metrics,success,2026-02-25 10:40:01.456481,2026-02-25 10:40:01.456481,16.2,cluster_key=cnv_leiden_res0.7
T04_C3_G20000,T04,3,20000,metrics,success,2026-02-25 10:40:30.278124,2026-02-25 10:40:30.278124,28.81,cluster_key=cnv_leiden_res0.67
T04_C3_G500,T04,3,500,metrics,success,2026-02-25 10:40:32.328419,2026-02-25 10:40:32.328419,2.04,cluster_key=cnv_leiden_res0.69
T04_C3_G5000,T04,3,5000,metrics,success,2026-02-25 10:40:37.210274,2026-02-25 10:40:37.210274,4.87,cluster_key=cnv_leiden_res0.7
T04_C3_Gall,T04,3,all,metrics,success,2026-02-25 10:41:05.759986,2026-02-25 10:41:05.759986,28.54,cluster_key=cnv_leiden_res0.64
T04_C5_G1000,T04,5,1000,metrics,success,2026-02-25 10:41:07.866290,2026-02-25 10:41:07.866290,2.09,cluster_key=cnv_leiden_res0.68
T04_C5_G10000,T04,5,10000,metrics,success,2026-02-25 10:41:16.569170,2026-02-25 10:41:16.569170,8.69,cluster_key=cnv_leiden_res0.7
T04_C5_G15000,T04,5,15000,metrics,success,2026-02-25 10:41:30.211900,2026-02-25 10:41:30.211900,13.63,cluster_key=cnv_leiden_res0.69
T04_C5_G20000,T04,5,20000,metrics,success,2026-02-25 10:41:52.989047,2026-02-25 10:41:52.989047,22.76,cluster_key=cnv_leiden_res0.65
T04_C5_G500,T04,5,500,metrics,success,2026-02-25 10:41:55.312144,2026-02-25 10:41:55.312144,2.31,cluster_key=cnv_leiden_res0.67
T04_C5_G5000,T04,5,5000,metrics,success,2026-02-25 10:42:01.005294,2026-02-25 10:42:01.005294,5.66,cluster_key=cnv_leiden_res0.7
T04_C5_Gall,T04,5,all,metrics,success,2026-02-25 10:42:46.253108,2026-02-25 10:42:46.253108,45.23,cluster_key=cnv_leiden_res0.55
T04_C10_G1000,T04,10,1000,metrics,success,2026-02-25 10:42:48.341721,2026-02-25 10:42:48.341721,2.08,cluster_key=cnv_leiden_res0.64
T04_C10_G10000,T04,10,10000,metrics,success,2026-02-25 10:42:56.475025,2026-02-25 10:42:56.475025,8.12,cluster_key=cnv_leiden_res0.7
T04_C10_G15000,T04,10,15000,metrics,success,2026-02-25 10:43:10.611655,2026-02-25 10:43:10.611655,14.12,cluster_key=cnv_leiden_res0.67
T04_C10_G20000,T04,10,20000,metrics,success,2026-02-25 10:43:29.647642,2026-02-25 10:43:29.647642,19.02,cluster_key=cnv_leiden_res0.66
T04_C10_G500,T04,10,500,metrics,success,2026-02-25 10:43:30.841516,2026-02-25 10:43:30.841516,1.18,cluster_key=cnv_leiden_res0.66
T04_C10_Gall,T04,10,all,metrics,success,2026-02-25 10:44:06.005448,2026-02-25 10:44:06.005448,35.16,cluster_key=cnv_leiden_res0.69
T04_C20_G1000,T04,20,1000,metrics,success,2026-02-25 10:44:07.862774,2026-02-25 10:44:07.862774,1.84,cluster_key=cnv_leiden_res0.7
T04_C20_G10000,T04,20,10000,metrics,success,2026-02-25 10:44:16.904995,2026-02-25 10:44:16.904995,9.03,cluster_key=cnv_leiden_res0.7
T04_C20_G15000,T04,20,15000,metrics,success,2026-02-25 10:44:39.786207,2026-02-25 10:44:39.786207,22.87,cluster_key=cnv_leiden_res0.67
T04_C20_G20000,T04,20,20000,metrics,success,2026-02-25 10:45:13.642939,2026-02-25 10:45:13.642939,33.84,cluster_key=cnv_leiden_res0.63
T04_C20_G500,T04,20,500,metrics,success,2026-02-25 10:45:15.591771,2026-02-25 10:45:15.591771,1.93,cluster_key=cnv_leiden_res0.69
T04_C20_G5000,T04,20,5000,metrics,success,2026-02-25 10:45:21.906002,2026-02-25 10:45:21.906002,6.3,cluster_key=cnv_leiden_res0.7
T04_C20_Gall,T04,20,all,metrics,success,2026-02-25 10:45:53.578584,2026-02-25 10:45:53.578584,31.66,cluster_key=cnv_leiden_res0.59
T04_C50_G1000,T04,50,1000,metrics,success,2026-02-25 10:45:56.758463,2026-02-25 10:45:56.758463,3.17,cluster_key=cnv_leiden_res0.7
T04_C50_G10000,T04,50,10000,metrics,success,2026-02-25 10:46:06.806603,2026-02-25 10:46:06.806603,10.04,cluster_key=cnv_leiden_res0.7
T04_C50_G15000,T04,50,15000,metrics,success,2026-02-25 10:46:20.536559,2026-02-25 10:46:20.536559,13.72,cluster_key=cnv_leiden_res0.6
T04_C50_G20000,T04,50,20000,metrics,success,2026-02-25 10:46:42.705316,2026-02-25 10:46:42.705316,22.16,cluster_key=cnv_leiden_res0.6
T04_C50_G500,T04,50,500,metrics,success,2026-02-25 10:46:44.506891,2026-02-25 10:46:44.506891,1.79,cluster_key=cnv_leiden_res0.7
T04_C50_G5000,T04,50,5000,metrics,success,2026-02-25 10:46:49.735767,2026-02-25 10:46:49.735767,5.21,cluster_key=cnv_leiden_res0.7
T04_C50_Gall,T04,50,all,metrics,success,2026-02-25 10:47:29.967324,2026-02-25 10:47:29.967324,40.22,cluster_key=cnv_leiden_res0.51
T04_C70_G1000,T04,70,1000,metrics,success,2026-02-25 10:47:33.181008,2026-02-25 10:47:33.181008,3.19,cluster_key=cnv_leiden_res0.7
T04_C70_G10000,T04,70,10000,metrics,success,2026-02-25 10:47:44.483846,2026-02-25 10:47:44.483846,11.29,cluster_key=cnv_leiden_res0.7
T04_C70_G15000,T04,70,15000,metrics,success,2026-02-25 10:48:01.188441,2026-02-25 10:48:01.188441,16.66,cluster_key=cnv_leiden_res0.58
T04_C70_G20000,T04,70,20000,metrics,success,2026-02-25 10:48:25.043696,2026-02-25 10:48:25.043696,23.81,cluster_key=cnv_leiden_res0.59
T04_C70_G500,T04,70,500,metrics,success,2026-02-25 10:48:26.952208,2026-02-25 10:48:26.952208,1.9,cluster_key=cnv_leiden_res0.7
T04_C70_G5000,T04,70,5000,metrics,success,2026-02-25 10:48:33.043947,2026-02-25 10:48:33.043947,6.06,cluster_key=cnv_leiden_res0.7
T04_C70_Gall,T04,70,all,metrics,success,2026-02-25 10:49:14.783733,2026-02-25 10:49:14.783733,41.73,cluster_key=cnv_leiden_res0.49
T04_C100_G1000,T04,100,1000,metrics,success,2026-02-25 10:49:17.819748,2026-02-25 10:49:17.819748,3.03,cluster_key=cnv_leiden_res0.7
T04_C100_G10000,T04,100,10000,metrics,success,2026-02-25 10:49:32.345874,2026-02-25 10:49:32.345874,14.52,cluster_key=cnv_leiden_res0.7
T04_C100_G15000,T04,100,15000,metrics,success,2026-02-25 10:50:01.070718,2026-02-25 10:50:01.070718,28.72,cluster_key=cnv_leiden_res0.7
T04_C100_G20000,T04,100,20000,metrics,success,2026-02-25 10:50:37.446503,2026-02-25 10:50:37.446503,36.37,cluster_key=cnv_leiden_res0.65
T04_C100_G500,T04,100,500,metrics,success,2026-02-25 10:50:39.055276,2026-02-25 10:50:39.055276,1.59,cluster_key=cnv_leiden_res0.69
T04_C100_G5000,T04,100,5000,metrics,success,2026-02-25 10:50:45.563379,2026-02-25 10:50:45.563379,6.5,cluster_key=cnv_leiden_res0.7
T04_C100_Gall,T04,100,all,metrics,success,2026-02-25 10:51:18.481090,2026-02-25 10:51:18.481090,32.75,cluster_key=cnv_leiden_res0.67
T05_C1_G1000,T05,1,1000,metrics,success,2026-02-25 10:51:21.382347,2026-02-25 10:51:21.382347,2.88,cluster_key=cnv_leiden_res0.6
T05_C1_G10000,T05,1,10000,metrics,success,2026-02-25 10:51:31.152722,2026-02-25 10:51:31.152722,9.65,cluster_key=cnv_leiden_res0.7
T05_C1_G15000,T05,1,15000,metrics,success,2026-02-25 10:51:44.349914,2026-02-25 10:51:44.349914,13.19,cluster_key=cnv_leiden_res0.67
T05_C1_G20000,T05,1,20000,metrics,success,2026-02-25 10:52:08.739866,2026-02-25 10:52:08.739866,24.38,cluster_key=cnv_leiden_res0.54
T05_C1_G500,T05,1,500,metrics,success,2026-02-25 10:52:10.989400,2026-02-25 10:52:10.989400,2.24,cluster_key=cnv_leiden_res0.58
T05_C1_G5000,T05,1,5000,metrics,success,2026-02-25 10:52:17.583987,2026-02-25 10:52:17.583987,6.58,cluster_key=cnv_leiden_res0.64
T05_C1_Gall,T05,1,all,metrics,success,2026-02-25 10:52:51.233900,2026-02-25 10:52:51.233900,33.64,cluster_key=cnv_leiden_res0.61
T05_C2_G1000,T05,2,1000,metrics,success,2026-02-25 10:52:53.056523,2026-02-25 10:52:53.056523,1.81,cluster_key=cnv_leiden_res0.67
T05_C2_G10000,T05,2,10000,metrics,success,2026-02-25 10:53:01.136852,2026-02-25 10:53:01.136852,8.07,cluster_key=cnv_leiden_res0.7
T05_C2_G15000,T05,2,15000,metrics,success,2026-02-25 10:53:12.277681,2026-02-25 10:53:12.277681,11.09,cluster_key=cnv_leiden_res0.7
T05_C2_G20000,T05,2,20000,metrics,success,2026-02-25 10:53:33.402332,2026-02-25 10:53:33.402332,21.12,cluster_key=cnv_leiden_res0.67
T05_C2_G500,T05,2,500,metrics,success,2026-02-25 10:53:36.615672,2026-02-25 10:53:36.615672,3.13,cluster_key=cnv_leiden_res0.7
T05_C2_G5000,T05,2,5000,metrics,success,2026-02-25 10:53:43.326758,2026-02-25 10:53:43.326758,6.7,cluster_key=cnv_leiden_res0.7
T05_C2_Gall,T05,2,all,metrics,success,2026-02-25 10:54:18.350917,2026-02-25 10:54:18.350917,35.01,cluster_key=cnv_leiden_res0.69
T05_C3_G1000,T05,3,1000,metrics,success,2026-02-25 10:54:21.162683,2026-02-25 10:54:21.162683,2.8,cluster_key=cnv_leiden_res0.61
T05_C3_G10000,T05,3,10000,metrics,success,2026-02-25 10:54:30.540530,2026-02-25 10:54:30.540530,9.37,cluster_key=cnv_leiden_res0.7
T05_C3_G15000,T05,3,15000,metrics,success,2026-02-25 10:54:53.575180,2026-02-25 10:54:53.575180,23.03,cluster_key=cnv_leiden_res0.7
T05_C3_G20000,T05,3,20000,metrics,success,2026-02-25 10:55:21.387959,2026-02-25 10:55:21.387959,27.8,cluster_key=cnv_leiden_res0.7
T05_C3_G500,T05,3,500,metrics,success,2026-02-25 10:55:23.878777,2026-02-25 10:55:23.878777,2.48,cluster_key=cnv_leiden_res0.67
T05_C3_G5000,T05,3,5000,metrics,success,2026-02-25 10:55:30.318417,2026-02-25 10:55:30.318417,6.43,cluster_key=cnv_leiden_res0.7
T05_C3_Gall,T05,3,all,metrics,success,2026-02-25 10:56:11.027823,2026-02-25 10:56:11.027823,40.7,cluster_key=cnv_leiden_res0.7
T05_C5_G1000,T05,5,1000,metrics,success,2026-02-25 10:56:13.248565,2026-02-25 10:56:13.248565,2.21,cluster_key=cnv_leiden_res0.59
T05_C5_G10000,T05,5,10000,metrics,success,2026-02-25 10:56:24.357185,2026-02-25 10:56:24.357185,11.06,cluster_key=cnv_leiden_res0.7
T05_C5_G15000,T05,5,15000,metrics,success,2026-02-25 10:56:46.778282,2026-02-25 10:56:46.778282,22.41,cluster_key=cnv_leiden_res0.7
T05_C5_G20000,T05,5,20000,metrics,success,2026-02-25 10:57:17.770092,2026-02-25 10:57:17.770092,30.95,cluster_key=cnv_leiden_res0.7
T05_C5_G500,T05,5,500,metrics,success,2026-02-25 10:57:19.825979,2026-02-25 10:57:19.825979,2.04,cluster_key=cnv_leiden_res0.69
T05_C5_G5000,T05,5,5000,metrics,success,2026-02-25 10:57:28.121586,2026-02-25 10:57:28.121586,8.29,cluster_key=cnv_leiden_res0.7
T05_C5_Gall,T05,5,all,metrics,success,2026-02-25 10:58:02.146648,2026-02-25 10:58:02.146648,34.02,cluster_key=cnv_leiden_res0.7
T05_C10_G1000,T05,10,1000,metrics,success,2026-02-25 10:58:06.169207,2026-02-25 10:58:06.169207,4.02,cluster_key=cnv_leiden_res0.67
T05_C10_G10000,T05,10,10000,metrics,success,2026-02-25 10:58:18.860277,2026-02-25 10:58:18.860277,12.68,cluster_key=cnv_leiden_res0.7
T05_C10_G15000,T05,10,15000,metrics,success,2026-02-25 10:58:35.583342,2026-02-25 10:58:35.583342,16.67,cluster_key=cnv_leiden_res0.7
T05_C10_G20000,T05,10,20000,metrics,success,2026-02-25 10:59:06.102173,2026-02-25 10:59:06.102173,30.48,cluster_key=cnv_leiden_res0.7
T05_C10_G500,T05,10,500,metrics,success,2026-02-25 10:59:08.233652,2026-02-25 10:59:08.233652,2.12,cluster_key=cnv_leiden_res0.62
T05_C10_G5000,T05,10,5000,metrics,success,2026-02-25 10:59:15.811091,2026-02-25 10:59:15.811091,7.57,cluster_key=cnv_leiden_res0.7
T05_C10_Gall,T05,10,all,metrics,success,2026-02-25 10:59:54.503547,2026-02-25 10:59:54.503547,38.68,cluster_key=cnv_leiden_res0.7
T05_C20_G1000,T05,20,1000,metrics,success,2026-02-25 10:59:59.013759,2026-02-25 10:59:59.013759,4.5,cluster_key=cnv_leiden_res0.67
T05_C20_G10000,T05,20,10000,metrics,success,2026-02-25 11:00:13.173564,2026-02-25 11:00:13.173564,14.09,cluster_key=cnv_leiden_res0.7
T05_C20_G15000,T05,20,15000,metrics,success,2026-02-25 11:00:29.464893,2026-02-25 11:00:29.464893,16.27,cluster_key=cnv_leiden_res0.7
T05_C20_G20000,T05,20,20000,metrics,success,2026-02-25 11:01:01.713277,2026-02-25 11:01:01.713277,32.21,cluster_key=cnv_leiden_res0.7
T05_C20_G500,T05,20,500,metrics,success,2026-02-25 11:01:04.977534,2026-02-25 11:01:04.977534,3.18,cluster_key=cnv_leiden_res0.67
T05_C20_G5000,T05,20,5000,metrics,success,2026-02-25 11:01:12.301225,2026-02-25 11:01:12.301225,7.32,cluster_key=cnv_leiden_res0.7
T05_C20_Gall,T05,20,all,metrics,success,2026-02-25 11:01:54.172468,2026-02-25 11:01:54.172468,41.86,cluster_key=cnv_leiden_res0.7
T05_C50_G1000,T05,50,1000,metrics,success,2026-02-25 11:01:56.839651,2026-02-25 11:01:56.839651,2.62,cluster_key=cnv_leiden_res0.7
T05_C50_G10000,T05,50,10000,metrics,success,2026-02-25 11:02:08.503732,2026-02-25 11:02:08.503732,11.65,cluster_key=cnv_leiden_res0.7
T05_C50_G15000,T05,50,15000,metrics,success,2026-02-25 11:02:27.691324,2026-02-25 11:02:27.691324,19.17,cluster_key=cnv_leiden_res0.7
T05_C50_G20000,T05,50,20000,metrics,success,2026-02-25 11:03:25.553382,2026-02-25 11:03:25.553382,57.85,cluster_key=cnv_leiden_res0.7
T05_C50_G500,T05,50,500,metrics,success,2026-02-25 11:03:28.248186,2026-02-25 11:03:28.248186,2.63,cluster_key=cnv_leiden_res0.69
T05_C50_G5000,T05,50,5000,metrics,success,2026-02-25 11:03:35.698144,2026-02-25 11:03:35.698144,7.43,cluster_key=cnv_leiden_res0.7
T05_C50_Gall,T05,50,all,metrics,success,2026-02-25 11:04:14.750320,2026-02-25 11:04:14.750320,39.02,cluster_key=cnv_leiden_res0.7
T05_C70_G1000,T05,70,1000,metrics,success,2026-02-25 11:04:17.869363,2026-02-25 11:04:17.869363,3.11,cluster_key=cnv_leiden_res0.7
T05_C70_G10000,T05,70,10000,metrics,success,2026-02-25 11:04:29.401844,2026-02-25 11:04:29.401844,11.51,cluster_key=cnv_leiden_res0.7
T05_C70_G15000,T05,70,15000,metrics,success,2026-02-25 11:04:49.766083,2026-02-25 11:04:49.766083,20.34,cluster_key=cnv_leiden_res0.7
T05_C70_G20000,T05,70,20000,metrics,success,2026-02-25 11:05:18.896291,2026-02-25 11:05:18.896291,29.12,cluster_key=cnv_leiden_res0.64
T05_C70_G500,T05,70,500,metrics,success,2026-02-25 11:05:21.026058,2026-02-25 11:05:21.026058,2.0,cluster_key=cnv_leiden_res0.68
T05_C70_G5000,T05,70,5000,metrics,success,2026-02-25 11:05:27.613119,2026-02-25 11:05:27.613119,6.55,cluster_key=cnv_leiden_res0.7
T05_C70_Gall,T05,70,all,metrics,success,2026-02-25 11:07:05.949252,2026-02-25 11:07:05.949252,98.31,cluster_key=cnv_leiden_res0.64
T05_C100_G1000,T05,100,1000,metrics,success,2026-02-25 11:07:08.658230,2026-02-25 11:07:08.658230,2.66,cluster_key=cnv_leiden_res0.7
T05_C100_G10000,T05,100,10000,metrics,success,2026-02-25 11:07:17.801426,2026-02-25 11:07:17.801426,9.13,cluster_key=cnv_leiden_res0.7
T05_C100_G15000,T05,100,15000,metrics,success,2026-02-25 11:07:30.067653,2026-02-25 11:07:30.067653,12.25,cluster_key=cnv_leiden_res0.7
T05_C100_G20000,T05,100,20000,metrics,success,2026-02-25 11:08:01.592067,2026-02-25 11:08:01.592067,31.51,cluster_key=cnv_leiden_res0.7
T05_C100_G500,T05,100,500,metrics,success,2026-02-25 11:08:05.755276,2026-02-25 11:08:05.755276,4.16,cluster_key=cnv_leiden_res0.7
T05_C100_G5000,T05,100,5000,metrics,success,2026-02-25 11:08:13.413378,2026-02-25 11:08:13.413378,7.65,cluster_key=cnv_leiden_res0.7
T05_C100_Gall,T05,100,all,metrics,success,2026-02-25 11:10:08.368311,2026-02-25 11:10:08.368311,114.95,cluster_key=cnv_leiden_res0.7
T06_C1_G1000,T06,1,1000,metrics,success,2026-02-25 11:10:13.242259,2026-02-25 11:10:13.242259,4.86,cluster_key=cnv_leiden_res0.59
T06_C1_G10000,T06,1,10000,metrics,success,2026-02-25 11:10:23.334315,2026-02-25 11:10:23.334315,10.03,cluster_key=cnv_leiden_res0.68
T06_C1_G15000,T06,1,15000,metrics,success,2026-02-25 11:10:38.232290,2026-02-25 11:10:38.232290,14.88,cluster_key=cnv_leiden_res0.64
T06_C1_G20000,T06,1,20000,metrics,success,2026-02-25 11:11:43.239920,2026-02-25 11:11:43.239920,64.99,cluster_key=cnv_leiden_res0.7
T06_C1_G500,T06,1,500,metrics,success,2026-02-25 11:11:44.558479,2026-02-25 11:11:44.558479,1.3,cluster_key=cnv_leiden_res0.47
T06_C1_G5000,T06,1,5000,metrics,success,2026-02-25 11:11:49.294547,2026-02-25 11:11:49.294547,4.71,cluster_key=cnv_leiden_res0.66
T06_C1_Gall,T06,1,all,metrics,success,2026-02-25 11:13:41.235012,2026-02-25 11:13:41.235012,111.93,cluster_key=cnv_leiden_res0.67
T06_C2_G1000,T06,2,1000,metrics,success,2026-02-25 11:13:42.800553,2026-02-25 11:13:42.800553,1.55,cluster_key=cnv_leiden_res0.51
T06_C2_G10000,T06,2,10000,metrics,success,2026-02-25 11:13:51.516516,2026-02-25 11:13:51.516516,8.71,cluster_key=cnv_leiden_res0.64
T06_C2_G15000,T06,2,15000,metrics,success,2026-02-25 11:14:51.717448,2026-02-25 11:14:51.717448,60.19,cluster_key=cnv_leiden_res0.57
T06_C2_G20000,T06,2,20000,metrics,success,2026-02-25 11:18:01.751562,2026-02-25 11:18:01.751562,190.03,cluster_key=cnv_leiden_res0.5
T06_C2_G500,T06,2,500,metrics,success,2026-02-25 11:18:03.785338,2026-02-25 11:18:03.785338,2.03,cluster_key=cnv_leiden_res0.48
T06_C2_G5000,T06,2,5000,metrics,success,2026-02-25 11:18:08.899950,2026-02-25 11:18:08.899950,5.1,cluster_key=cnv_leiden_res0.69
T06_C2_Gall,T06,2,all,metrics,success,2026-02-25 11:19:19.910685,2026-02-25 11:19:19.910685,70.8,cluster_key=cnv_leiden_res0.52
T06_C3_G1000,T06,3,1000,metrics,success,2026-02-25 11:19:22.652249,2026-02-25 11:19:22.652249,2.73,cluster_key=cnv_leiden_res0.6
T06_C3_G10000,T06,3,10000,metrics,success,2026-02-25 11:19:33.594833,2026-02-25 11:19:33.594833,10.94,cluster_key=cnv_leiden_res0.6
T06_C3_G15000,T06,3,15000,metrics,success,2026-02-25 11:19:54.710136,2026-02-25 11:19:54.710136,21.11,cluster_key=cnv_leiden_res0.49
T06_C3_G20000,T06,3,20000,metrics,success,2026-02-25 11:21:40.419868,2026-02-25 11:21:40.419868,105.7,cluster_key=cnv_leiden_res0.45
T06_C3_G500,T06,3,500,metrics,success,2026-02-25 11:21:44.160225,2026-02-25 11:21:44.160225,3.73,cluster_key=cnv_leiden_res0.68
T06_C3_G5000,T06,3,5000,metrics,success,2026-02-25 11:21:50.295259,2026-02-25 11:21:50.295259,6.13,cluster_key=cnv_leiden_res0.66
T06_C3_Gall,T06,3,all,metrics,success,2026-02-25 11:23:33.937349,2026-02-25 11:23:33.937349,103.63,cluster_key=cnv_leiden_res0.43
T06_C5_G1000,T06,5,1000,metrics,success,2026-02-25 11:23:36.313414,2026-02-25 11:23:36.313414,2.35,cluster_key=cnv_leiden_res0.69
T06_C5_G10000,T06,5,10000,metrics,success,2026-02-25 11:24:40.882581,2026-02-25 11:24:40.882581,64.56,cluster_key=cnv_leiden_res0.7
T06_C5_G15000,T06,5,15000,metrics,success,2026-02-25 11:25:31.541863,2026-02-25 11:25:31.541863,50.65,cluster_key=cnv_leiden_res0.46
T06_C5_G20000,T06,5,20000,metrics,success,2026-02-25 11:26:20.056050,2026-02-25 11:26:20.056050,48.5,cluster_key=cnv_leiden_res0.49
T06_C5_G500,T06,5,500,metrics,success,2026-02-25 11:26:21.377826,2026-02-25 11:26:21.377826,1.3,cluster_key=cnv_leiden_res0.69
T06_C5_G5000,T06,5,5000,metrics,success,2026-02-25 11:26:27.079773,2026-02-25 11:26:27.079773,5.69,cluster_key=cnv_leiden_res0.67
T06_C5_Gall,T06,5,all,metrics,success,2026-02-25 11:27:44.575672,2026-02-25 11:27:44.575672,77.47,cluster_key=cnv_leiden_res0.45
T06_C10_G10000,T06,10,10000,metrics,success,2026-02-25 11:27:55.864634,2026-02-25 11:27:55.864634,11.28,cluster_key=cnv_leiden_res0.7
T06_C10_G15000,T06,10,15000,metrics,success,2026-02-25 11:28:37.055675,2026-02-25 11:28:37.055675,41.18,cluster_key=cnv_leiden_res0.56
T06_C10_G20000,T06,10,20000,metrics,success,2026-02-25 11:29:37.946256,2026-02-25 11:29:37.946256,60.88,cluster_key=cnv_leiden_res0.56
T06_C10_G500,T06,10,500,metrics,success,2026-02-25 11:29:39.173944,2026-02-25 11:29:39.173944,1.22,cluster_key=cnv_leiden_res0.63
T06_C10_G5000,T06,10,5000,metrics,success,2026-02-25 11:29:52.495792,2026-02-25 11:29:52.495792,13.32,cluster_key=cnv_leiden_res0.66
T06_C10_Gall,T06,10,all,metrics,success,2026-02-25 11:31:11.507058,2026-02-25 11:31:11.507058,79.0,cluster_key=cnv_leiden_res0.69
T06_C20_G1000,T06,20,1000,metrics,success,2026-02-25 11:31:12.851740,2026-02-25 11:31:12.851740,1.34,cluster_key=cnv_leiden_res0.57
T06_C20_G10000,T06,20,10000,metrics,success,2026-02-25 11:31:21.600826,2026-02-25 11:31:21.600826,8.74,cluster_key=cnv_leiden_res0.67
T06_C20_G20000,T06,20,20000,metrics,success,2026-02-25 11:32:46.161200,2026-02-25 11:32:46.161200,84.55,cluster_key=cnv_leiden_res0.7
T06_C20_G500,T06,20,500,metrics,success,2026-02-25 11:32:48.142078,2026-02-25 11:32:48.142078,1.97,cluster_key=cnv_leiden_res0.7
T06_C20_G5000,T06,20,5000,metrics,success,2026-02-25 11:32:53.810432,2026-02-25 11:32:53.810432,5.66,cluster_key=cnv_leiden_res0.65
T06_C20_Gall,T06,20,all,metrics,success,2026-02-25 11:34:17.393417,2026-02-25 11:34:17.393417,83.58,cluster_key=cnv_leiden_res0.7
T06_C50_G1000,T06,50,1000,metrics,success,2026-02-25 11:34:22.045174,2026-02-25 11:34:22.045174,4.65,cluster_key=cnv_leiden_res0.57
T06_C50_G10000,T06,50,10000,metrics,success,2026-02-25 11:35:24.069085,2026-02-25 11:35:24.069085,62.02,cluster_key=cnv_leiden_res0.7
T06_C50_G15000,T06,50,15000,metrics,success,2026-02-25 11:36:17.616735,2026-02-25 11:36:17.616735,52.9,cluster_key=cnv_leiden_res0.7
T06_C50_G500,T06,50,500,metrics,success,2026-02-25 11:36:20.449384,2026-02-25 11:36:20.449384,2.83,cluster_key=cnv_leiden_res0.7
T06_C50_G5000,T06,50,5000,metrics,success,2026-02-25 11:36:27.460891,2026-02-25 11:36:27.460891,7.0,cluster_key=cnv_leiden_res0.51
T06_C50_Gall,T06,50,all,metrics,success,2026-02-25 11:37:47.049312,2026-02-25 11:37:47.049312,79.58,cluster_key=cnv_leiden_res0.39
T06_C70_G1000,T06,70,1000,metrics,success,2026-02-25 11:37:59.401981,2026-02-25 11:37:59.401981,12.27,cluster_key=cnv_leiden_res0.66
T06_C70_G10000,T06,70,10000,metrics,success,2026-02-25 11:38:08.759511,2026-02-25 11:38:08.759511,9.33,cluster_key=cnv_leiden_res0.69
T06_C70_G15000,T06,70,15000,metrics,success,2026-02-25 11:38:51.923638,2026-02-25 11:38:51.923638,43.16,cluster_key=cnv_leiden_res0.69
T06_C70_G20000,T06,70,20000,metrics,success,2026-02-25 11:40:21.123937,2026-02-25 11:40:21.123937,89.19,cluster_key=cnv_leiden_res0.33
T06_C70_G500,T06,70,500,metrics,success,2026-02-25 11:40:22.265782,2026-02-25 11:40:22.265782,1.14,cluster_key=cnv_leiden_res0.67
T06_C70_G5000,T06,70,5000,metrics,success,2026-02-25 11:40:49.235370,2026-02-25 11:40:49.235370,26.96,cluster_key=cnv_leiden_res0.53
T06_C100_G1000,T06,100,1000,metrics,success,2026-02-25 11:40:53.088740,2026-02-25 11:40:53.088740,3.81,cluster_key=cnv_leiden_res0.69
T06_C100_G10000,T06,100,10000,metrics,success,2026-02-25 11:41:25.823714,2026-02-25 11:41:25.823714,32.72,cluster_key=cnv_leiden_res0.65
T06_C100_G15000,T06,100,15000,metrics,success,2026-02-25 11:41:43.357199,2026-02-25 11:41:43.357199,17.52,cluster_key=cnv_leiden_res0.57
T06_C100_G20000,T06,100,20000,metrics,success,2026-02-25 11:42:49.445777,2026-02-25 11:42:49.445777,66.08,cluster_key=cnv_leiden_res0.65
T06_C100_G500,T06,100,500,metrics,success,2026-02-25 11:42:53.242569,2026-02-25 11:42:53.242569,3.79,cluster_key=cnv_leiden_res0.7
T06_C100_G5000,T06,100,5000,metrics,success,2026-02-25 11:43:02.864870,2026-02-25 11:43:02.864870,9.62,cluster_key=cnv_leiden_res0.55
T06_C100_Gall,T06,100,all,metrics,success,2026-02-25 11:44:25.363071,2026-02-25 11:44:25.363071,82.49,cluster_key=cnv_leiden_res0.63
T07_C1_G1000,T07,1,1000,metrics,success,2026-02-25 11:44:27.261933,2026-02-25 11:44:27.261933,1.89,cluster_key=cnv_leiden_res0.6
T07_C1_G10000,T07,1,10000,metrics,success,2026-02-25 11:44:55.797789,2026-02-25 11:44:55.797789,28.51,cluster_key=cnv_leiden_res0.69
T07_C1_G15000,T07,1,15000,metrics,success,2026-02-25 11:45:39.447504,2026-02-25 11:45:39.447504,43.62,cluster_key=cnv_leiden_res0.7
T07_C1_G500,T07,1,500,metrics,success,2026-02-25 11:45:41.003178,2026-02-25 11:45:41.003178,1.54,cluster_key=cnv_leiden_res0.61
T07_C1_Gall,T07,1,all,metrics,success,2026-02-25 11:46:54.646784,2026-02-25 11:46:54.646784,73.64,cluster_key=cnv_leiden_res0.7
T07_C2_G1000,T07,2,1000,metrics,success,2026-02-25 11:46:56.676049,2026-02-25 11:46:56.676049,2.02,cluster_key=cnv_leiden_res0.63
T07_C2_G10000,T07,2,10000,metrics,success,2026-02-25 11:47:06.082198,2026-02-25 11:47:06.082198,9.38,cluster_key=cnv_leiden_res0.7
T07_C2_G15000,T07,2,15000,metrics,success,2026-02-25 11:47:19.549183,2026-02-25 11:47:19.549183,13.46,cluster_key=cnv_leiden_res0.7
T07_C2_G20000,T07,2,20000,metrics,success,2026-02-25 11:48:14.469845,2026-02-25 11:48:14.469845,54.91,cluster_key=cnv_leiden_res0.69
T07_C2_G500,T07,2,500,metrics,success,2026-02-25 11:48:15.960562,2026-02-25 11:48:15.960562,1.48,cluster_key=cnv_leiden_res0.64
T07_C2_G5000,T07,2,5000,metrics,success,2026-02-25 11:48:20.984693,2026-02-25 11:48:20.984693,5.0,cluster_key=cnv_leiden_res0.7
T07_C2_Gall,T07,2,all,metrics,success,2026-02-25 11:49:33.589213,2026-02-25 11:49:33.589213,72.59,cluster_key=cnv_leiden_res0.7
T07_C3_G1000,T07,3,1000,metrics,success,2026-02-25 11:49:36.924579,2026-02-25 11:49:36.924579,3.3,cluster_key=cnv_leiden_res0.6
T07_C3_G10000,T07,3,10000,metrics,success,2026-02-25 11:50:08.474906,2026-02-25 11:50:08.474906,31.52,cluster_key=cnv_leiden_res0.7
T07_C3_G15000,T07,3,15000,metrics,success,2026-02-25 11:50:52.676012,2026-02-25 11:50:52.676012,44.19,cluster_key=cnv_leiden_res0.7
T07_C3_G20000,T07,3,20000,metrics,success,2026-02-25 11:51:55.041230,2026-02-25 11:51:55.041230,62.35,cluster_key=cnv_leiden_res0.59
T07_C3_G500,T07,3,500,metrics,success,2026-02-25 11:51:57.176648,2026-02-25 11:51:57.176648,2.11,cluster_key=cnv_leiden_res0.64
T07_C3_G5000,T07,3,5000,metrics,success,2026-02-25 11:52:02.229857,2026-02-25 11:52:02.229857,5.03,cluster_key=cnv_leiden_res0.7
T07_C3_Gall,T07,3,all,metrics,success,2026-02-25 11:53:15.734698,2026-02-25 11:53:15.734698,73.49,cluster_key=cnv_leiden_res0.68
T07_C5_G1000,T07,5,1000,metrics,success,2026-02-25 11:53:17.664970,2026-02-25 11:53:17.664970,1.91,cluster_key=cnv_leiden_res0.65
T07_C5_G10000,T07,5,10000,metrics,success,2026-02-25 11:53:25.798305,2026-02-25 11:53:25.798305,8.09,cluster_key=cnv_leiden_res0.7
T07_C5_G15000,T07,5,15000,metrics,success,2026-02-25 11:53:48.750769,2026-02-25 11:53:48.750769,22.93,cluster_key=cnv_leiden_res0.7
T07_C5_G20000,T07,5,20000,metrics,success,2026-02-25 11:54:47.869353,2026-02-25 11:54:47.869353,59.08,cluster_key=cnv_leiden_res0.6
T07_C5_G500,T07,5,500,metrics,success,2026-02-25 11:54:50.589681,2026-02-25 11:54:50.589681,2.71,cluster_key=cnv_leiden_res0.66
T07_C5_G5000,T07,5,5000,metrics,success,2026-02-25 11:54:58.767514,2026-02-25 11:54:58.767514,8.16,cluster_key=cnv_leiden_res0.7
T07_C5_Gall,T07,5,all,metrics,success,2026-02-25 11:56:09.144753,2026-02-25 11:56:09.144753,70.35,cluster_key=cnv_leiden_res0.65
T07_C10_G1000,T07,10,1000,metrics,success,2026-02-25 11:56:10.998376,2026-02-25 11:56:10.998376,1.84,cluster_key=cnv_leiden_res0.69
T07_C10_G10000,T07,10,10000,metrics,success,2026-02-25 11:56:20.192238,2026-02-25 11:56:20.192238,9.16,cluster_key=cnv_leiden_res0.7
T07_C10_G15000,T07,10,15000,metrics,success,2026-02-25 11:56:52.269819,2026-02-25 11:56:52.269819,32.07,cluster_key=cnv_leiden_res0.7
T07_C10_G20000,T07,10,20000,metrics,success,2026-02-25 11:57:47.009486,2026-02-25 11:57:47.009486,54.71,cluster_key=cnv_leiden_res0.69
T07_C10_G500,T07,10,500,metrics,success,2026-02-25 11:57:48.632539,2026-02-25 11:57:48.632539,1.61,cluster_key=cnv_leiden_res0.69
T07_C10_G5000,T07,10,5000,metrics,success,2026-02-25 11:57:53.705206,2026-02-25 11:57:53.705206,5.05,cluster_key=cnv_leiden_res0.7
T07_C10_Gall,T07,10,all,metrics,success,2026-02-25 11:59:11.140858,2026-02-25 11:59:11.140858,77.43,cluster_key=cnv_leiden_res0.69
T07_C20_G1000,T07,20,1000,metrics,success,2026-02-25 11:59:13.479391,2026-02-25 11:59:13.479391,2.33,cluster_key=cnv_leiden_res0.59
T07_C20_G10000,T07,20,10000,metrics,success,2026-02-25 11:59:44.797718,2026-02-25 11:59:44.797718,31.29,cluster_key=cnv_leiden_res0.7
T07_C20_G15000,T07,20,15000,metrics,success,2026-02-25 12:00:02.332874,2026-02-25 12:00:02.332874,17.51,cluster_key=cnv_leiden_res0.7
T07_C20_G20000,T07,20,20000,metrics,success,2026-02-25 12:00:55.915810,2026-02-25 12:00:55.915810,53.57,cluster_key=cnv_leiden_res0.7
T07_C20_G500,T07,20,500,metrics,success,2026-02-25 12:00:57.399922,2026-02-25 12:00:57.399922,1.47,cluster_key=cnv_leiden_res0.68
T07_C20_G5000,T07,20,5000,metrics,success,2026-02-25 12:01:02.663616,2026-02-25 12:01:02.663616,5.26,cluster_key=cnv_leiden_res0.7
T07_C20_Gall,T07,20,all,metrics,success,2026-02-25 12:02:14.232744,2026-02-25 12:02:14.232744,71.51,cluster_key=cnv_leiden_res0.7
T07_C50_G1000,T07,50,1000,metrics,success,2026-02-25 12:02:16.428814,2026-02-25 12:02:16.428814,2.17,cluster_key=cnv_leiden_res0.71
T07_C50_G10000,T07,50,10000,metrics,success,2026-02-25 12:02:37.379935,2026-02-25 12:02:37.379935,20.94,cluster_key=cnv_leiden_res0.68
T07_C50_G15000,T07,50,15000,metrics,success,2026-02-25 12:03:21.743096,2026-02-25 12:03:21.743096,44.33,cluster_key=cnv_leiden_res0.68
T07_C50_G20000,T07,50,20000,metrics,success,2026-02-25 12:04:22.528772,2026-02-25 12:04:22.528772,60.77,cluster_key=cnv_leiden_res0.7
T07_C50_G500,T07,50,500,metrics,success,2026-02-25 12:04:24.248021,2026-02-25 12:04:24.248021,1.71,cluster_key=cnv_leiden_res0.7
T07_C50_G5000,T07,50,5000,metrics,success,2026-02-25 12:04:29.787933,2026-02-25 12:04:29.787933,5.53,cluster_key=cnv_leiden_res0.7
T07_C50_Gall,T07,50,all,metrics,success,2026-02-25 12:05:43.304790,2026-02-25 12:05:43.304790,73.49,cluster_key=cnv_leiden_res0.55
T07_C70_G1000,T07,70,1000,metrics,success,2026-02-25 12:05:47.909495,2026-02-25 12:05:47.909495,4.6,cluster_key=cnv_leiden_res0.68
T07_C70_G10000,T07,70,10000,metrics,success,2026-02-25 12:06:03.483124,2026-02-25 12:06:03.483124,15.54,cluster_key=cnv_leiden_res0.69
T07_C70_G15000,T07,70,15000,metrics,success,2026-02-25 12:06:30.731074,2026-02-25 12:06:30.731074,27.24,cluster_key=cnv_leiden_res0.59
T07_C70_G20000,T07,70,20000,metrics,success,2026-02-25 12:07:28.059334,2026-02-25 12:07:28.059334,57.31,cluster_key=cnv_leiden_res0.61
T07_C70_G500,T07,70,500,metrics,success,2026-02-25 12:07:30.196362,2026-02-25 12:07:30.196362,2.13,cluster_key=cnv_leiden_res0.69
T07_C100_G1000,T07,100,1000,metrics,success,2026-02-25 12:07:32.671758,2026-02-25 12:07:32.671758,2.43,cluster_key=cnv_leiden_res0.7
T07_C100_G10000,T07,100,10000,metrics,success,2026-02-25 12:08:02.104180,2026-02-25 12:08:02.104180,29.43,cluster_key=cnv_leiden_res0.7
T07_C100_G15000,T07,100,15000,metrics,success,2026-02-25 12:08:49.003526,2026-02-25 12:08:49.003526,46.89,cluster_key=cnv_leiden_res0.69
T07_C100_G20000,T07,100,20000,metrics,success,2026-02-25 12:09:21.648900,2026-02-25 12:09:21.648900,32.63,cluster_key=cnv_leiden_res0.65
T07_C100_G500,T07,100,500,metrics,success,2026-02-25 12:09:24.344228,2026-02-25 12:09:24.344228,2.68,cluster_key=cnv_leiden_res0.69
T07_C100_G5000,T07,100,5000,metrics,success,2026-02-25 12:09:30.984623,2026-02-25 12:09:30.984623,6.63,cluster_key=cnv_leiden_res0.7
T07_C100_Gall,T07,100,all,metrics,success,2026-02-25 12:10:40.715565,2026-02-25 12:10:40.715565,69.72,cluster_key=cnv_leiden_res0.7
T08_C1_G1000,T08,1,1000,metrics,success,2026-02-25 12:10:42.173973,2026-02-25 12:10:42.173973,1.45,cluster_key=cnv_leiden_res0.65
T08_C1_G10000,T08,1,10000,metrics,success,2026-02-25 12:10:49.414726,2026-02-25 12:10:49.414726,7.23,cluster_key=cnv_leiden_res0.7
T08_C1_G15000,T08,1,15000,metrics,success,2026-02-25 12:11:11.054657,2026-02-25 12:11:11.054657,21.62,cluster_key=cnv_leiden_res0.72
T08_C1_G20000,T08,1,20000,metrics,success,2026-02-25 12:12:04.560400,2026-02-25 12:12:04.560400,53.5,cluster_key=cnv_leiden_res0.7
T08_C1_G500,T08,1,500,metrics,success,2026-02-25 12:12:06.162203,2026-02-25 12:12:06.162203,1.59,cluster_key=cnv_leiden_res0.44
T08_C1_G5000,T08,1,5000,metrics,success,2026-02-25 12:12:12.577013,2026-02-25 12:12:12.577013,6.41,cluster_key=cnv_leiden_res0.72
T08_C1_Gall,T08,1,all,metrics,success,2026-02-25 12:13:20.177355,2026-02-25 12:13:20.177355,67.59,cluster_key=cnv_leiden_res0.66
T08_C2_G1000,T08,2,1000,metrics,success,2026-02-25 12:13:23.227556,2026-02-25 12:13:23.227556,3.04,cluster_key=cnv_leiden_res0.7
T08_C2_G10000,T08,2,10000,metrics,success,2026-02-25 12:13:32.746099,2026-02-25 12:13:32.746099,9.51,cluster_key=cnv_leiden_res0.73
T08_C2_G15000,T08,2,15000,metrics,success,2026-02-25 12:13:55.508739,2026-02-25 12:13:55.508739,22.76,cluster_key=cnv_leiden_res0.7
T08_C2_G20000,T08,2,20000,metrics,success,2026-02-25 12:14:48.391627,2026-02-25 12:14:48.391627,52.86,cluster_key=cnv_leiden_res0.7
T08_C2_G500,T08,2,500,metrics,success,2026-02-25 12:14:49.657077,2026-02-25 12:14:49.657077,1.26,cluster_key=cnv_leiden_res0.6
T08_C2_G5000,T08,2,5000,metrics,success,2026-02-25 12:14:54.271013,2026-02-25 12:14:54.271013,4.61,cluster_key=cnv_leiden_res0.71
T08_C2_Gall,T08,2,all,metrics,success,2026-02-25 12:16:03.102242,2026-02-25 12:16:03.102242,68.83,cluster_key=cnv_leiden_res0.7
T08_C3_G1000,T08,3,1000,metrics,success,2026-02-25 12:16:06.212054,2026-02-25 12:16:06.212054,3.08,cluster_key=cnv_leiden_res0.7
T08_C3_G10000,T08,3,10000,metrics,success,2026-02-25 12:16:36.434421,2026-02-25 12:16:36.434421,30.22,cluster_key=cnv_leiden_res0.72
T08_C3_G15000,T08,3,15000,metrics,success,2026-02-25 12:16:52.592605,2026-02-25 12:16:52.592605,16.12,cluster_key=cnv_leiden_res0.7
T08_C3_G20000,T08,3,20000,metrics,success,2026-02-25 12:17:57.423892,2026-02-25 12:17:57.423892,64.82,cluster_key=cnv_leiden_res0.7
T08_C3_G500,T08,3,500,metrics,success,2026-02-25 12:18:00.735242,2026-02-25 12:18:00.735242,3.3,cluster_key=cnv_leiden_res0.62
T08_C3_G5000,T08,3,5000,metrics,success,2026-02-25 12:18:08.853172,2026-02-25 12:18:08.853172,8.11,cluster_key=cnv_leiden_res0.81
T08_C5_G1000,T08,5,1000,metrics,success,2026-02-25 12:18:13.163070,2026-02-25 12:18:13.163070,4.3,cluster_key=cnv_leiden_res0.72
T08_C5_G10000,T08,5,10000,metrics,success,2026-02-25 12:18:25.495291,2026-02-25 12:18:25.495291,12.33,cluster_key=cnv_leiden_res0.7
T08_C5_G15000,T08,5,15000,metrics,success,2026-02-25 12:19:16.128230,2026-02-25 12:19:16.128230,50.63,cluster_key=cnv_leiden_res0.7
T08_C5_G20000,T08,5,20000,metrics,success,2026-02-25 12:20:19.396529,2026-02-25 12:20:19.396529,63.26,cluster_key=cnv_leiden_res0.7
T08_C5_G500,T08,5,500,metrics,success,2026-02-25 12:20:20.664262,2026-02-25 12:20:20.664262,1.26,cluster_key=cnv_leiden_res0.68
T08_C5_G5000,T08,5,5000,metrics,success,2026-02-25 12:20:45.123011,2026-02-25 12:20:45.123011,24.45,cluster_key=cnv_leiden_res0.7
T08_C5_Gall,T08,5,all,metrics,success,2026-02-25 12:21:55.096778,2026-02-25 12:21:55.096778,69.97,cluster_key=cnv_leiden_res0.7
T08_C10_G1000,T08,10,1000,metrics,success,2026-02-25 12:21:58.128517,2026-02-25 12:21:58.128517,3.01,cluster_key=cnv_leiden_res0.7
T08_C10_G10000,T08,10,10000,metrics,success,2026-02-25 12:22:08.141680,2026-02-25 12:22:08.141680,10.01,cluster_key=cnv_leiden_res0.7
T08_C10_G15000,T08,10,15000,metrics,success,2026-02-25 12:22:42.690944,2026-02-25 12:22:42.690944,34.54,cluster_key=cnv_leiden_res0.7
T08_C10_G20000,T08,10,20000,metrics,success,2026-02-25 12:23:34.755234,2026-02-25 12:23:34.755234,52.06,cluster_key=cnv_leiden_res0.7
T08_C10_G500,T08,10,500,metrics,success,2026-02-25 12:23:38.845068,2026-02-25 12:23:38.845068,4.08,cluster_key=cnv_leiden_res0.7
T08_C10_G5000,T08,10,5000,metrics,success,2026-02-25 12:23:46.655312,2026-02-25 12:23:46.655312,7.75,cluster_key=cnv_leiden_res0.7
T08_C10_Gall,T08,10,all,metrics,success,2026-02-25 12:24:58.488122,2026-02-25 12:24:58.488122,71.82,cluster_key=cnv_leiden_res0.7
T08_C20_G1000,T08,20,1000,metrics,success,2026-02-25 12:25:01.880913,2026-02-25 12:25:01.880913,3.39,cluster_key=cnv_leiden_res0.68
T08_C20_G10000,T08,20,10000,metrics,success,2026-02-25 12:25:35.753404,2026-02-25 12:25:35.753404,33.78,cluster_key=cnv_leiden_res0.7
T08_C20_G15000,T08,20,15000,metrics,success,2026-02-25 12:25:54.298778,2026-02-25 12:25:54.298778,18.54,cluster_key=cnv_leiden_res0.7
T08_C20_G20000,T08,20,20000,metrics,success,2026-02-25 12:27:03.373319,2026-02-25 12:27:03.373319,69.07,cluster_key=cnv_leiden_res0.7
T08_C20_G500,T08,20,500,metrics,success,2026-02-25 12:27:05.897189,2026-02-25 12:27:05.897189,2.52,cluster_key=cnv_leiden_res0.7
T08_C20_G5000,T08,20,5000,metrics,success,2026-02-25 12:27:11.732877,2026-02-25 12:27:11.732877,5.82,cluster_key=cnv_leiden_res0.7
T08_C20_Gall,T08,20,all,metrics,success,2026-02-25 12:28:28.548243,2026-02-25 12:28:28.548243,76.77,cluster_key=cnv_leiden_res0.7
T08_C50_G1000,T08,50,1000,metrics,success,2026-02-25 12:28:32.537798,2026-02-25 12:28:32.537798,3.98,cluster_key=cnv_leiden_res0.7
T08_C50_G10000,T08,50,10000,metrics,success,2026-02-25 12:29:19.384444,2026-02-25 12:29:19.384444,46.84,cluster_key=cnv_leiden_res0.7
T08_C50_G15000,T08,50,15000,metrics,success,2026-02-25 12:30:10.705467,2026-02-25 12:30:10.705467,51.31,cluster_key=cnv_leiden_res0.7
T08_C50_G20000,T08,50,20000,metrics,success,2026-02-25 12:31:08.350953,2026-02-25 12:31:08.350953,57.59,cluster_key=cnv_leiden_res0.7
T08_C50_G500,T08,50,500,metrics,success,2026-02-25 12:31:11.500924,2026-02-25 12:31:11.500924,3.14,cluster_key=cnv_leiden_res0.82
T08_C50_G5000,T08,50,5000,metrics,success,2026-02-25 12:31:21.917199,2026-02-25 12:31:21.917199,10.39,cluster_key=cnv_leiden_res0.7
T08_C50_Gall,T08,50,all,metrics,success,2026-02-25 12:32:34.775131,2026-02-25 12:32:34.775131,72.85,cluster_key=cnv_leiden_res0.7
T08_C70_G1000,T08,70,1000,metrics,success,2026-02-25 12:32:37.641097,2026-02-25 12:32:37.641097,2.86,cluster_key=cnv_leiden_res0.7
T08_C70_G10000,T08,70,10000,metrics,success,2026-02-25 12:32:57.909433,2026-02-25 12:32:57.909433,20.25,cluster_key=cnv_leiden_res0.7
T08_C70_G15000,T08,70,15000,metrics,success,2026-02-25 12:33:30.292594,2026-02-25 12:33:30.292594,32.38,cluster_key=cnv_leiden_res0.7
T08_C70_G20000,T08,70,20000,metrics,success,2026-02-25 12:34:38.677296,2026-02-25 12:34:38.677296,68.33,cluster_key=cnv_leiden_res0.7
T08_C70_G500,T08,70,500,metrics,success,2026-02-25 12:34:42.206197,2026-02-25 12:34:42.206197,3.52,cluster_key=cnv_leiden_res0.71
T08_C70_G5000,T08,70,5000,metrics,success,2026-02-25 12:34:55.699841,2026-02-25 12:34:55.699841,13.48,cluster_key=cnv_leiden_res0.7
T08_C70_Gall,T08,70,all,metrics,success,2026-02-25 12:36:12.895325,2026-02-25 12:36:12.895325,77.19,cluster_key=cnv_leiden_res0.3
T08_C100_G1000,T08,100,1000,metrics,success,2026-02-25 12:36:17.028116,2026-02-25 12:36:17.028116,4.12,cluster_key=cnv_leiden_res0.7
T08_C100_G10000,T08,100,10000,metrics,success,2026-02-25 12:36:28.509499,2026-02-25 12:36:28.509499,11.47,cluster_key=cnv_leiden_res0.7
T08_C100_G15000,T08,100,15000,metrics,success,2026-02-25 12:36:50.693031,2026-02-25 12:36:50.693031,22.18,cluster_key=cnv_leiden_res0.7
T08_C100_G20000,T08,100,20000,metrics,success,2026-02-25 12:37:30.637589,2026-02-25 12:37:30.637589,39.94,cluster_key=cnv_leiden_res0.7
T08_C100_G500,T08,100,500,metrics,success,2026-02-25 12:37:34.104802,2026-02-25 12:37:34.104802,3.45,cluster_key=cnv_leiden_res0.83
T08_C100_G5000,T08,100,5000,metrics,success,2026-02-25 12:37:42.465186,2026-02-25 12:37:42.465186,8.35,cluster_key=cnv_leiden_res0.7
T08_C100_Gall,T08,100,all,metrics,success,2026-02-25 12:38:58.436359,2026-02-25 12:38:58.436359,75.96,cluster_key=cnv_leiden_res0.7
T09_C1_G1000,T09,1,1000,metrics,success,2026-02-25 12:39:01.123456,2026-02-25 12:39:01.123456,2.67,cluster_key=cnv_leiden_res0.58
T09_C1_G10000,T09,1,10000,metrics,success,2026-02-25 12:39:33.424509,2026-02-25 12:39:33.424509,32.29,cluster_key=cnv_leiden_res0.8
T09_C1_G15000,T09,1,15000,metrics,success,2026-02-25 12:40:24.348239,2026-02-25 12:40:24.348239,50.86,cluster_key=cnv_leiden_res0.7
T09_C1_G20000,T09,1,20000,metrics,success,2026-02-25 12:41:21.462082,2026-02-25 12:41:21.462082,57.1,cluster_key=cnv_leiden_res0.66
T09_C1_G500,T09,1,500,metrics,success,2026-02-25 12:41:23.391121,2026-02-25 12:41:23.391121,1.92,cluster_key=cnv_leiden_res0.43
T09_C1_G5000,T09,1,5000,metrics,success,2026-02-25 12:41:29.240162,2026-02-25 12:41:29.240162,5.84,cluster_key=cnv_leiden_res0.7
T09_C1_Gall,T09,1,all,metrics,success,2026-02-25 12:42:33.380222,2026-02-25 12:42:33.380222,64.13,cluster_key=cnv_leiden_res0.7
T09_C2_G1000,T09,2,1000,metrics,success,2026-02-25 12:42:35.323099,2026-02-25 12:42:35.323099,1.93,cluster_key=cnv_leiden_res0.63
T09_C2_G10000,T09,2,10000,metrics,success,2026-02-25 12:42:45.949921,2026-02-25 12:42:45.949921,10.62,cluster_key=cnv_leiden_res0.88
T09_C2_G15000,T09,2,15000,metrics,success,2026-02-25 12:43:01.332051,2026-02-25 12:43:01.332051,15.33,cluster_key=cnv_leiden_res0.78
T09_C2_G20000,T09,2,20000,metrics,success,2026-02-25 12:43:50.071144,2026-02-25 12:43:50.071144,48.73,cluster_key=cnv_leiden_res0.82
T09_C2_G500,T09,2,500,metrics,success,2026-02-25 12:43:55.012491,2026-02-25 12:43:55.012491,4.93,cluster_key=cnv_leiden_res0.55
T09_C2_G5000,T09,2,5000,metrics,success,2026-02-25 12:44:03.320638,2026-02-25 12:44:03.320638,8.3,cluster_key=cnv_leiden_res0.83
T09_C2_Gall,T09,2,all,metrics,success,2026-02-25 12:45:18.139848,2026-02-25 12:45:18.139848,74.81,cluster_key=cnv_leiden_res0.7
T09_C3_G1000,T09,3,1000,metrics,success,2026-02-25 12:45:22.049169,2026-02-25 12:45:22.049169,3.9,cluster_key=cnv_leiden_res0.65
T09_C3_G10000,T09,3,10000,metrics,success,2026-02-25 12:45:36.042737,2026-02-25 12:45:36.042737,13.99,cluster_key=cnv_leiden_res0.95
T09_C3_G500,T09,3,500,metrics,success,2026-02-25 12:45:39.178288,2026-02-25 12:45:39.178288,3.06,cluster_key=cnv_leiden_res0.62
T09_C3_Gall,T09,3,all,metrics,success,2026-02-25 12:46:53.995033,2026-02-25 12:46:53.995033,74.81,cluster_key=cnv_leiden_res0.74
T09_C5_G1000,T09,5,1000,metrics,success,2026-02-25 12:46:57.506733,2026-02-25 12:46:57.506733,3.5,cluster_key=cnv_leiden_res0.56
T09_C5_G20000,T09,5,20000,metrics,success,2026-02-25 12:47:52.660630,2026-02-25 12:47:52.660630,55.14,cluster_key=cnv_leiden_res0.78
T09_C5_G500,T09,5,500,metrics,success,2026-02-25 12:47:56.189464,2026-02-25 12:47:56.189464,3.52,cluster_key=cnv_leiden_res0.64
T09_C5_G5000,T09,5,5000,metrics,success,2026-02-25 12:48:04.638629,2026-02-25 12:48:04.638629,8.44,cluster_key=cnv_leiden_res1.01
T09_C5_Gall,T09,5,all,metrics,success,2026-02-25 12:49:25.820771,2026-02-25 12:49:25.820771,81.15,cluster_key=cnv_leiden_res0.7
T09_C10_G1000,T09,10,1000,metrics,success,2026-02-25 12:49:28.123316,2026-02-25 12:49:28.123316,2.29,cluster_key=cnv_leiden_res0.6
T09_C10_G10000,T09,10,10000,metrics,success,2026-02-25 12:49:37.224067,2026-02-25 12:49:37.224067,9.07,cluster_key=cnv_leiden_res0.85
T09_C10_G15000,T09,10,15000,metrics,success,2026-02-25 12:49:59.721293,2026-02-25 12:49:59.721293,22.41,cluster_key=cnv_leiden_res0.84
T09_C10_G20000,T09,10,20000,metrics,success,2026-02-25 12:50:53.504502,2026-02-25 12:50:53.504502,53.76,cluster_key=cnv_leiden_res0.7
T09_C10_G500,T09,10,500,metrics,success,2026-02-25 12:50:54.491467,2026-02-25 12:50:54.491467,0.98,cluster_key=cnv_leiden_res0.7
T09_C10_G5000,T09,10,5000,metrics,success,2026-02-25 12:50:58.933590,2026-02-25 12:50:58.933590,4.43,cluster_key=cnv_leiden_res1.01
T09_C10_Gall,T09,10,all,metrics,success,2026-02-25 12:52:05.512169,2026-02-25 12:52:05.512169,66.57,cluster_key=cnv_leiden_res0.7
T09_C20_G1000,T09,20,1000,metrics,success,2026-02-25 12:52:07.318888,2026-02-25 12:52:07.318888,1.79,cluster_key=cnv_leiden_res0.56
T09_C20_G10000,T09,20,10000,metrics,success,2026-02-25 12:52:32.318868,2026-02-25 12:52:32.318868,24.99,cluster_key=cnv_leiden_res0.86
T09_C20_G15000,T09,20,15000,metrics,success,2026-02-25 12:53:17.672278,2026-02-25 12:53:17.672278,45.35,cluster_key=cnv_leiden_res0.7
T09_C20_G20000,T09,20,20000,metrics,success,2026-02-25 12:54:26.237791,2026-02-25 12:54:26.237791,68.53,cluster_key=cnv_leiden_res0.7
T09_C20_G500,T09,20,500,metrics,success,2026-02-25 12:54:28.827819,2026-02-25 12:54:28.827819,2.55,cluster_key=cnv_leiden_res0.69
T09_C20_G5000,T09,20,5000,metrics,success,2026-02-25 12:54:35.282471,2026-02-25 12:54:35.282471,6.45,cluster_key=cnv_leiden_res1.03
T09_C50_G1000,T09,50,1000,metrics,success,2026-02-25 12:54:38.293477,2026-02-25 12:54:38.293477,3.0,cluster_key=cnv_leiden_res0.67
T09_C50_G15000,T09,50,15000,metrics,success,2026-02-25 12:54:58.107114,2026-02-25 12:54:58.107114,19.76,cluster_key=cnv_leiden_res0.7
T09_C50_G500,T09,50,500,metrics,success,2026-02-25 12:55:00.299688,2026-02-25 12:55:00.299688,2.18,cluster_key=cnv_leiden_res0.74
T09_C50_G5000,T09,50,5000,metrics,success,2026-02-25 12:55:06.144447,2026-02-25 12:55:06.144447,5.84,cluster_key=cnv_leiden_res0.85
T09_C50_Gall,T09,50,all,metrics,success,2026-02-25 12:56:16.560980,2026-02-25 12:56:16.560980,70.41,cluster_key=cnv_leiden_res0.7
T09_C70_G1000,T09,70,1000,metrics,success,2026-02-25 12:56:20.463729,2026-02-25 12:56:20.463729,3.9,cluster_key=cnv_leiden_res0.7
T09_C70_G10000,T09,70,10000,metrics,success,2026-02-25 12:56:32.907809,2026-02-25 12:56:32.907809,12.44,cluster_key=cnv_leiden_res0.8
T09_C70_G15000,T09,70,15000,metrics,success,2026-02-25 12:57:15.390427,2026-02-25 12:57:15.390427,42.47,cluster_key=cnv_leiden_res0.7
T09_C70_G20000,T09,70,20000,metrics,success,2026-02-25 12:58:09.968531,2026-02-25 12:58:09.968531,54.56,cluster_key=cnv_leiden_res0.65
T09_C70_G500,T09,70,500,metrics,success,2026-02-25 12:58:13.411127,2026-02-25 12:58:13.411127,3.42,cluster_key=cnv_leiden_res0.72
T09_C70_G5000,T09,70,5000,metrics,success,2026-02-25 12:58:21.339055,2026-02-25 12:58:21.339055,7.88,cluster_key=cnv_leiden_res0.77
T09_C70_Gall,T09,70,all,metrics,success,2026-02-25 12:59:36.281790,2026-02-25 12:59:36.281790,74.93,cluster_key=cnv_leiden_res0.34
T09_C100_G1000,T09,100,1000,metrics,success,2026-02-25 12:59:40.838681,2026-02-25 12:59:40.838681,4.53,cluster_key=cnv_leiden_res0.7
T09_C100_G10000,T09,100,10000,metrics,success,2026-02-25 13:00:11.569132,2026-02-25 13:00:11.569132,30.72,cluster_key=cnv_leiden_res0.74
T09_C100_G15000,T09,100,15000,metrics,success,2026-02-25 13:01:02.050274,2026-02-25 13:01:02.050274,50.48,cluster_key=cnv_leiden_res0.62
T09_C100_G20000,T09,100,20000,metrics,success,2026-02-25 13:02:08.520899,2026-02-25 13:02:08.520899,66.46,cluster_key=cnv_leiden_res0.69
T09_C100_G500,T09,100,500,metrics,success,2026-02-25 13:02:11.462519,2026-02-25 13:02:11.462519,2.86,cluster_key=cnv_leiden_res0.7
T09_C100_G5000,T09,100,5000,metrics,success,2026-02-25 13:02:27.684178,2026-02-25 13:02:27.684178,16.21,cluster_key=cnv_leiden_res0.74
T09_C100_Gall,T09,100,all,metrics,success,2026-02-25 13:03:43.740871,2026-02-25 13:03:43.740871,76.05,cluster_key=cnv_leiden_res0.67
T10_C1_G1000,T10,1,1000,metrics,success,2026-02-25 13:03:48.201340,2026-02-25 13:03:48.201340,4.45,cluster_key=cnv_leiden_res0.59
T10_C1_G10000,T10,1,10000,metrics,success,2026-02-25 13:04:00.962735,2026-02-25 13:04:00.962735,11.73,cluster_key=cnv_leiden_res0.74
T10_C1_G15000,T10,1,15000,metrics,success,2026-02-25 13:04:30.314208,2026-02-25 13:04:30.314208,29.34,cluster_key=cnv_leiden_res0.67
T10_C1_G20000,T10,1,20000,metrics,success,2026-02-25 13:05:28.019953,2026-02-25 13:05:28.019953,57.62,cluster_key=cnv_leiden_res0.7
T10_C1_G500,T10,1,500,metrics,success,2026-02-25 13:05:30.385308,2026-02-25 13:05:30.385308,2.36,cluster_key=cnv_leiden_res0.45
T10_C1_G5000,T10,1,5000,metrics,success,2026-02-25 13:05:36.102993,2026-02-25 13:05:36.102993,5.71,cluster_key=cnv_leiden_res0.76
T10_C1_Gall,T10,1,all,metrics,success,2026-02-25 13:06:44.685581,2026-02-25 13:06:44.685581,68.57,cluster_key=cnv_leiden_res0.6
T10_C2_G1000,T10,2,1000,metrics,success,2026-02-25 13:06:47.047322,2026-02-25 13:06:47.047322,2.34,cluster_key=cnv_leiden_res0.68
T10_C2_G10000,T10,2,10000,metrics,success,2026-02-25 13:07:16.710053,2026-02-25 13:07:16.710053,29.66,cluster_key=cnv_leiden_res0.7
T10_C2_G15000,T10,2,15000,metrics,success,2026-02-25 13:07:38.402344,2026-02-25 13:07:38.402344,21.68,cluster_key=cnv_leiden_res0.7
T10_C2_G20000,T10,2,20000,metrics,success,2026-02-25 13:08:34.965291,2026-02-25 13:08:34.965291,56.55,cluster_key=cnv_leiden_res0.7
T10_C2_G500,T10,2,500,metrics,success,2026-02-25 13:08:37.182021,2026-02-25 13:08:37.182021,2.2,cluster_key=cnv_leiden_res0.66
T10_C2_G5000,T10,2,5000,metrics,success,2026-02-25 13:08:42.909999,2026-02-25 13:08:42.909999,5.71,cluster_key=cnv_leiden_res0.75
T10_C2_Gall,T10,2,all,metrics,success,2026-02-25 13:09:55.793585,2026-02-25 13:09:55.793585,72.87,cluster_key=cnv_leiden_res0.7
T10_C3_G1000,T10,3,1000,metrics,success,2026-02-25 13:09:59.086712,2026-02-25 13:09:59.086712,3.23,cluster_key=cnv_leiden_res0.7
T10_C3_G10000,T10,3,10000,metrics,success,2026-02-25 13:10:29.096271,2026-02-25 13:10:29.096271,30.0,cluster_key=cnv_leiden_res0.7
T10_C3_G15000,T10,3,15000,metrics,success,2026-02-25 13:11:14.469648,2026-02-25 13:11:14.469648,45.37,cluster_key=cnv_leiden_res0.7
T10_C3_G20000,T10,3,20000,metrics,success,2026-02-25 13:12:15.131459,2026-02-25 13:12:15.131459,60.65,cluster_key=cnv_leiden_res0.7
T10_C3_G500,T10,3,500,metrics,success,2026-02-25 13:12:19.589350,2026-02-25 13:12:19.589350,4.45,cluster_key=cnv_leiden_res0.56
T10_C3_G5000,T10,3,5000,metrics,success,2026-02-25 13:12:29.163375,2026-02-25 13:12:29.163375,9.57,cluster_key=cnv_leiden_res0.86
T10_C3_Gall,T10,3,all,metrics,success,2026-02-25 13:13:45.370429,2026-02-25 13:13:45.370429,76.16,cluster_key=cnv_leiden_res0.7
T10_C5_G1000,T10,5,1000,metrics,success,2026-02-25 13:13:48.673736,2026-02-25 13:13:48.673736,3.29,cluster_key=cnv_leiden_res0.7
T10_C5_G15000,T10,5,15000,metrics,success,2026-02-25 13:14:32.496717,2026-02-25 13:14:32.496717,43.82,cluster_key=cnv_leiden_res0.7
T10_C5_G20000,T10,5,20000,metrics,success,2026-02-25 13:15:32.501693,2026-02-25 13:15:32.501693,59.99,cluster_key=cnv_leiden_res0.7
T10_C5_G500,T10,5,500,metrics,success,2026-02-25 13:15:36.022180,2026-02-25 13:15:36.022180,3.51,cluster_key=cnv_leiden_res0.7
T10_C5_G5000,T10,5,5000,metrics,success,2026-02-25 13:15:44.919823,2026-02-25 13:15:44.919823,8.89,cluster_key=cnv_leiden_res0.83
T10_C5_Gall,T10,5,all,metrics,success,2026-02-25 13:16:58.994909,2026-02-25 13:16:58.994909,74.06,cluster_key=cnv_leiden_res0.7
T10_C10_G1000,T10,10,1000,metrics,success,2026-02-25 13:17:01.745441,2026-02-25 13:17:01.745441,2.74,cluster_key=cnv_leiden_res0.69
T10_C10_G10000,T10,10,10000,metrics,success,2026-02-25 13:17:34.359138,2026-02-25 13:17:34.359138,32.6,cluster_key=cnv_leiden_res0.7
T10_C10_G15000,T10,10,15000,metrics,success,2026-02-25 13:17:58.735247,2026-02-25 13:17:58.735247,24.37,cluster_key=cnv_leiden_res0.7
T10_C10_G20000,T10,10,20000,metrics,success,2026-02-25 13:18:56.760653,2026-02-25 13:18:56.760653,57.91,cluster_key=cnv_leiden_res0.7
T10_C10_G500,T10,10,500,metrics,success,2026-02-25 13:18:58.061124,2026-02-25 13:18:58.061124,1.29,cluster_key=cnv_leiden_res0.74
T10_C10_G5000,T10,10,5000,metrics,success,2026-02-25 13:19:04.808103,2026-02-25 13:19:04.808103,6.74,cluster_key=cnv_leiden_res0.7
T10_C10_Gall,T10,10,all,metrics,success,2026-02-25 13:20:27.492940,2026-02-25 13:20:27.492940,82.6,cluster_key=cnv_leiden_res0.7
T10_C20_G1000,T10,20,1000,metrics,success,2026-02-25 13:20:30.241113,2026-02-25 13:20:30.241113,2.64,cluster_key=cnv_leiden_res0.63
T10_C20_G10000,T10,20,10000,metrics,success,2026-02-25 13:20:59.183691,2026-02-25 13:20:59.183691,28.36,cluster_key=cnv_leiden_res0.7
T10_C20_G15000,T10,20,15000,metrics,success,2026-02-25 13:21:39.900549,2026-02-25 13:21:39.900549,40.69,cluster_key=cnv_leiden_res0.7
T10_C20_G20000,T10,20,20000,metrics,success,2026-02-25 13:22:37.002878,2026-02-25 13:22:37.002878,57.09,cluster_key=cnv_leiden_res0.7
T10_C20_G500,T10,20,500,metrics,success,2026-02-25 13:22:40.213914,2026-02-25 13:22:40.213914,3.18,cluster_key=cnv_leiden_res0.71
T10_C20_G5000,T10,20,5000,metrics,success,2026-02-25 13:22:45.291030,2026-02-25 13:22:45.291030,5.07,cluster_key=cnv_leiden_res0.7
T10_C20_Gall,T10,20,all,metrics,success,2026-02-25 13:23:58.964514,2026-02-25 13:23:58.964514,73.65,cluster_key=cnv_leiden_res0.7
T10_C50_G1000,T10,50,1000,metrics,success,2026-02-25 13:24:02.457568,2026-02-25 13:24:02.457568,3.48,cluster_key=cnv_leiden_res0.7
T10_C50_G10000,T10,50,10000,metrics,success,2026-02-25 13:24:21.425766,2026-02-25 13:24:21.425766,18.96,cluster_key=cnv_leiden_res0.7
T10_C50_G15000,T10,50,15000,metrics,success,2026-02-25 13:25:05.514397,2026-02-25 13:25:05.514397,43.97,cluster_key=cnv_leiden_res0.7
T10_C50_G20000,T10,50,20000,metrics,success,2026-02-25 13:26:02.025448,2026-02-25 13:26:02.025448,56.47,cluster_key=cnv_leiden_res0.7
T10_C50_G5000,T10,50,5000,metrics,success,2026-02-25 13:26:16.746862,2026-02-25 13:26:16.746862,14.71,cluster_key=cnv_leiden_res0.7
T10_C50_Gall,T10,50,all,metrics,success,2026-02-25 13:27:31.928960,2026-02-25 13:27:31.928960,75.17,cluster_key=cnv_leiden_res0.7
T10_C70_G1000,T10,70,1000,metrics,success,2026-02-25 13:27:35.839687,2026-02-25 13:27:35.839687,3.9,cluster_key=cnv_leiden_res0.7
T10_C70_G10000,T10,70,10000,metrics,success,2026-02-25 13:28:07.296192,2026-02-25 13:28:07.296192,31.39,cluster_key=cnv_leiden_res0.7
T10_C70_G15000,T10,70,15000,metrics,success,2026-02-25 13:28:24.381965,2026-02-25 13:28:24.381965,17.08,cluster_key=cnv_leiden_res0.7
T10_C70_G20000,T10,70,20000,metrics,success,2026-02-25 13:29:17.588545,2026-02-25 13:29:17.588545,53.2,cluster_key=cnv_leiden_res0.7
T10_C70_G500,T10,70,500,metrics,success,2026-02-25 13:29:20.069630,2026-02-25 13:29:20.069630,2.47,cluster_key=cnv_leiden_res0.7
T10_C70_G5000,T10,70,5000,metrics,success,2026-02-25 13:29:26.654171,2026-02-25 13:29:26.654171,6.58,cluster_key=cnv_leiden_res0.7
T10_C70_Gall,T10,70,all,metrics,success,2026-02-25 13:30:43.530864,2026-02-25 13:30:43.530864,76.87,cluster_key=cnv_leiden_res0.7
T10_C100_G1000,T10,100,1000,metrics,success,2026-02-25 13:31:00.897390,2026-02-25 13:31:00.897390,17.36,cluster_key=cnv_leiden_res0.7
T10_C100_G10000,T10,100,10000,metrics,success,2026-02-25 13:31:33.556185,2026-02-25 13:31:33.556185,32.65,cluster_key=cnv_leiden_res0.7
T10_C100_G15000,T10,100,15000,metrics,success,2026-02-25 13:32:21.757844,2026-02-25 13:32:21.757844,48.19,cluster_key=cnv_leiden_res0.7
T10_C100_G20000,T10,100,20000,metrics,success,2026-02-25 13:33:18.890168,2026-02-25 13:33:18.890168,57.13,cluster_key=cnv_leiden_res0.7
T10_C100_G500,T10,100,500,metrics,success,2026-02-25 13:33:21.770041,2026-02-25 13:33:21.770041,2.87,cluster_key=cnv_leiden_res0.69
T10_C100_G5000,T10,100,5000,metrics,success,2026-02-25 13:33:27.839642,2026-02-25 13:33:27.839642,6.06,cluster_key=cnv_leiden_res0.7
T10_C100_Gall,T10,100,all,metrics,success,2026-02-25 13:34:35.362892,2026-02-25 13:34:35.362892,67.52,cluster_key=cnv_leiden_res0.7
T02_C70_G20000,T02,70,20000,infercnv_rerun,failed,2026-03-02 20:14:21.094763,2026-03-02 20:14:21.094763,930.02,"Could not reach 4 clusters after 100 resolution adjustments (last resolution=0.5499999999999998, last_n_clusters=5)."
T04_C10_G5000,T04,10,5000,infercnv_rerun,failed,2026-03-02 20:16:37.075863,2026-03-02 20:16:37.075863,135.15,"Could not reach 4 clusters after 100 resolution adjustments (last resolution=0.7, last_n_clusters=3)."
T06_C10_G1000,T06,10,1000,infercnv_rerun,failed,2026-03-02 20:17:40.446039,2026-03-02 20:17:40.446039,63.29,"Could not reach 4 clusters after 100 resolution adjustments (last resolution=0.5499999999999998, last_n_clusters=3)."
T06_C20_G15000,T06,20,15000,infercnv_rerun,failed,2026-03-02 20:17:46.442816,2026-03-02 20:17:46.442816,5.89,Can't synchronously read data (filter returned failure during read)
T06_C50_G20000,T06,50,20000,infercnv_rerun,success,2026-03-02 20:17:46.690048,2026-03-02 20:17:46.690048,0.0,already exists
T06_C70_Gall,T06,70,all,infercnv_rerun,failed,2026-03-02 20:39:30.401170,2026-03-02 20:39:30.401170,1303.6,"Could not reach 4 clusters after 100 resolution adjustments (last resolution=0.1999999999999995, last_n_clusters=5)."
T07_C1_G20000,T07,1,20000,infercnv_rerun,success,2026-03-02 20:39:30.450063,2026-03-02 20:39:30.450063,0.0,already exists
T07_C1_G5000,T07,1,5000,infercnv_rerun,success,2026-03-02 20:39:30.475270,2026-03-02 20:39:30.475270,0.0,already exists
T07_C70_G5000,T07,70,5000,infercnv_rerun,success,2026-03-02 20:39:30.498797,2026-03-02 20:39:30.498797,0.0,already exists
T07_C70_Gall,T07,70,all,infercnv_rerun,success,2026-03-02 20:39:30.521798,2026-03-02 20:39:30.521798,0.0,already exists
T08_C3_Gall,T08,3,all,infercnv_rerun,success,2026-03-02 20:39:30.546616,2026-03-02 20:39:30.546616,0.0,already exists
T09_C3_G15000,T09,3,15000,infercnv_rerun,success,2026-03-02 20:39:30.576736,2026-03-02 20:39:30.576736,0.0,already exists
T09_C3_G20000,T09,3,20000,infercnv_rerun,success,2026-03-02 20:39:30.618725,2026-03-02 20:39:30.618725,0.0,already exists
T09_C3_G5000,T09,3,5000,infercnv_rerun,success,2026-03-02 20:39:30.653497,2026-03-02 20:39:30.653497,0.0,already exists
T09_C5_G10000,T09,5,10000,infercnv_rerun,success,2026-03-02 20:39:30.678170,2026-03-02 20:39:30.678170,0.0,already exists
T09_C5_G15000,T09,5,15000,infercnv_rerun,success,2026-03-02 20:39:30.700318,2026-03-02 20:39:30.700318,0.0,already exists
T09_C20_Gall,T09,20,all,infercnv_rerun,success,2026-03-02 20:39:30.722105,2026-03-02 20:39:30.722105,0.0,already exists
T09_C50_G10000,T09,50,10000,infercnv_rerun,success,2026-03-02 20:39:30.742470,2026-03-02 20:39:30.742470,0.0,already exists
T09_C50_G20000,T09,50,20000,infercnv_rerun,success,2026-03-02 20:39:30.763217,2026-03-02 20:39:30.763217,0.0,already exists
T10_C5_G10000,T10,5,10000,infercnv_rerun,success,2026-03-02 20:39:30.784378,2026-03-02 20:39:30.784378,0.0,already exists
T10_C50_G500,T10,50,500,infercnv_rerun,failed,2026-03-02 20:40:34.956356,2026-03-02 20:40:34.956356,64.14,"Could not reach 4 clusters after 100 resolution adjustments (last resolution=0.7, last_n_clusters=3)."
T06_C50_G20000,T06,50,20000,metrics,failed,2026-03-02 21:01:55.193040,2026-03-02 21:01:55.193040,0.1,Unable to synchronously open file (bad object header version number)
T07_C1_G20000,T07,1,20000,metrics,failed,2026-03-02 21:01:55.239521,2026-03-02 21:01:55.239521,0.01,Unable to synchronously open file (bad object header version number)
T07_C1_G5000,T07,1,5000,metrics,failed,2026-03-02 21:01:55.395275,2026-03-02 21:01:55.395275,0.15,Can't synchronously read data (filter returned failure during read)
T07_C70_G5000,T07,70,5000,metrics,success,2026-03-02 21:02:02.450472,2026-03-02 21:02:02.450472,7.03,cluster_key=cnv_leiden_res0.7
T07_C70_Gall,T07,70,all,metrics,success,2026-03-02 21:02:27.461741,2026-03-02 21:02:27.461741,24.98,cluster_key=cnv_leiden_res0.57
T08_C3_Gall,T08,3,all,metrics,success,2026-03-02 21:02:51.868125,2026-03-02 21:02:51.868125,24.4,cluster_key=cnv_leiden_res0.7
T09_C3_G15000,T09,3,15000,metrics,failed,2026-03-02 21:02:52.002399,2026-03-02 21:02:52.002399,0.1,'Unable to synchronously open object (unable to determine object type)'
T09_C3_G20000,T09,3,20000,metrics,failed,2026-03-02 21:02:52.036658,2026-03-02 21:02:52.036658,0.01,Unable to synchronously open file (bad object header version number)
T09_C3_G5000,T09,3,5000,metrics,failed,2026-03-02 21:02:52.107052,2026-03-02 21:02:52.107052,0.02,Can't synchronously read data (filter returned failure during read)
T09_C5_G10000,T09,5,10000,metrics,failed,2026-03-02 21:02:52.168006,2026-03-02 21:02:52.168006,0.03,Can't synchronously read data (filter returned failure during read)
T09_C5_G15000,T09,5,15000,metrics,failed,2026-03-02 21:02:52.503185,2026-03-02 21:02:52.503185,0.23,Can't synchronously read data (filter returned failure during read)
T09_C20_Gall,T09,20,all,metrics,failed,2026-03-02 21:02:52.686420,2026-03-02 21:02:52.686420,0.18,Unable to synchronously open file (bad object header version number)
T09_C50_G10000,T09,50,10000,metrics,failed,2026-03-02 21:02:52.789390,2026-03-02 21:02:52.789390,0.03,Can't synchronously read data (filter returned failure during read)
T09_C50_G20000,T09,50,20000,metrics,failed,2026-03-02 21:02:52.801247,2026-03-02 21:02:52.801247,0.01,Unable to synchronously open file (bad object header version number)
T10_C5_G10000,T10,5,10000,metrics,failed,2026-03-02 21:02:53.055340,2026-03-02 21:02:53.055340,0.25,Unable to synchronously open file (file signature not found)
T06_C50_G20000,T06,50,20000,infercnv_rerun,success,2026-03-02 21:17:42.544819,2026-03-02 21:17:42.544819,817.28,output=T06_C50_G20000_CNVinf.h5ad
T07_C1_G20000,T07,1,20000,infercnv_rerun,success,2026-03-02 21:31:13.963744,2026-03-02 21:31:13.963744,811.36,output=T07_C1_G20000_CNVinf.h5ad
T07_C1_G5000,T07,1,5000,infercnv_rerun,success,2026-03-02 21:32:47.999844,2026-03-02 21:32:47.999844,93.4,output=T07_C1_G5000_CNVinf.h5ad
T09_C3_G15000,T09,3,15000,infercnv_rerun,success,2026-03-02 21:41:05.859820,2026-03-02 21:41:05.859820,497.82,output=T09_C3_G15000_CNVinf.h5ad
T09_C3_G20000,T09,3,20000,infercnv_rerun,success,2026-03-02 21:55:00.222004,2026-03-02 21:55:00.222004,834.32,output=T09_C3_G20000_CNVinf.h5ad
T09_C3_G5000,T09,3,5000,infercnv_rerun,success,2026-03-02 21:56:58.535803,2026-03-02 21:56:58.535803,118.27,output=T09_C3_G5000_CNVinf.h5ad
T09_C5_G10000,T09,5,10000,infercnv_rerun,success,2026-03-02 22:01:48.122501,2026-03-02 22:01:48.122501,289.54,output=T09_C5_G10000_CNVinf.h5ad
T09_C5_G15000,T09,5,15000,infercnv_rerun,success,2026-03-02 22:09:51.042934,2026-03-02 22:09:51.042934,482.85,output=T09_C5_G15000_CNVinf.h5ad
T09_C20_Gall,T09,20,all,infercnv_rerun,success,2026-03-02 22:32:10.743036,2026-03-02 22:32:10.743036,1339.65,output=T09_C20_Gall_CNVinf.h5ad
T09_C50_G10000,T09,50,10000,infercnv_rerun,success,2026-03-02 22:36:20.537908,2026-03-02 22:36:20.537908,249.69,output=T09_C50_G10000_CNVinf.h5ad
T09_C50_G20000,T09,50,20000,infercnv_rerun,success,2026-03-02 22:49:54.518222,2026-03-02 22:49:54.518222,813.83,output=T09_C50_G20000_CNVinf.h5ad
T10_C5_G10000,T10,5,10000,infercnv_rerun,success,2026-03-02 22:53:56.865524,2026-03-02 22:53:56.865524,242.21,output=T10_C5_G10000_CNVinf.h5ad
T06_C50_G20000,T06,50,20000,metrics,success,2026-03-03 07:20:58.041254,2026-03-03 07:20:58.041254,20.61,cluster_key=cnv_leiden_res0.7
T07_C1_G20000,T07,1,20000,metrics,success,2026-03-03 07:21:16.012509,2026-03-03 07:21:16.012509,17.96,cluster_key=cnv_leiden_res0.7
T07_C1_G5000,T07,1,5000,metrics,success,2026-03-03 07:21:22.797929,2026-03-03 07:21:22.797929,6.78,cluster_key=cnv_leiden_res0.7
T09_C3_G15000,T09,3,15000,metrics,success,2026-03-03 07:21:38.581458,2026-03-03 07:21:38.581458,15.77,cluster_key=cnv_leiden_res0.93
T09_C3_G20000,T09,3,20000,metrics,success,2026-03-03 07:21:59.418708,2026-03-03 07:21:59.418708,20.83,cluster_key=cnv_leiden_res0.84
T09_C3_G5000,T09,3,5000,metrics,success,2026-03-03 07:22:05.800638,2026-03-03 07:22:05.800638,6.38,cluster_key=cnv_leiden_res1.03
T09_C5_G10000,T09,5,10000,metrics,success,2026-03-03 07:22:17.228839,2026-03-03 07:22:17.228839,11.42,cluster_key=cnv_leiden_res0.99
T09_C5_G15000,T09,5,15000,metrics,success,2026-03-03 07:22:33.226172,2026-03-03 07:22:33.226172,15.97,cluster_key=cnv_leiden_res0.92
T09_C20_Gall,T09,20,all,metrics,success,2026-03-03 07:22:59.502573,2026-03-03 07:22:59.502573,26.19,cluster_key=cnv_leiden_res0.7
T09_C50_G10000,T09,50,10000,metrics,success,2026-03-03 07:23:11.948376,2026-03-03 07:23:11.948376,12.44,cluster_key=cnv_leiden_res0.89
T09_C50_G20000,T09,50,20000,metrics,success,2026-03-03 07:23:36.930896,2026-03-03 07:23:36.930896,24.97,cluster_key=cnv_leiden_res0.7
T10_C5_G10000,T10,5,10000,metrics,success,2026-03-03 07:23:49.476263,2026-03-03 07:23:49.476263,12.54,cluster_key=cnv_leiden_res0.7
