run_id,template_id,count_fraction,gene_panel,n_genes,mean_countsxcell,nmi,ari,F1_all,F1_gain,F1_loss,AUC_gains,PR_gains,AUC_loss,PR_loss
T01_C1_G1000,T01,1,1000,1000,28.03233528137207,0.0101548909591532,0.0103521612693761,0.0762747292191118,0.1594488418468126,0.0,0.5274170672608106,0.0060671398676621,0.5105513759340631,0.0102011661268758
T01_C1_G10000,T01,1,10000,10000,138.86593627929688,0.1801220713901863,0.1745279801308374,0.247986290586114,0.5437049555232514,0.0,0.667094695143779,0.0469678114457516,0.5350733959602738,0.0128309586465431
T01_C1_G15000,T01,1,15000,15000,210.013412475586,0.2775686090156415,0.3250564830400298,0.3246966304036943,0.6638048278764462,0.0088863458463195,0.7394970066117037,0.1118610700758187,0.5353877493870052,0.0127278850324933
T01_C1_G20000,T01,1,20000,20000,287.1261901855469,0.300778631691425,0.3173749605294568,0.3261752214970748,0.669319269853598,0.012544812251537,0.7450606179758744,0.1330930777771203,0.5342317379217296,0.0127685413145147
T01_C1_G500,T01,1,500,500,8.569400787353516,0.0015103252659273,-0.0026256245103409,0.0338406076922813,0.0455162429729146,0.0,0.500256977487724,0.007600714285023,0.5052903072066073,0.010524658025112
T01_C1_G5000,T01,1,5000,5000,83.8832778930664,0.0098319048549713,0.0007090637944418,0.1467417293165529,0.337370502400294,0.0,0.5691394346729514,0.0093185939361561,0.5324713826477011,0.0136935790142478
T01_C1_Gall,T01,1,all,25691,372.7918090820313,0.5143708593506671,0.5291852572737361,0.3776041888972036,0.7620707399189481,0.0190488448953299,0.8094210834676085,0.2631176534610568,0.532947273777934,0.0127819905295777
T01_C2_G1000,T01,2,1000,1000,55.9416389465332,0.00634115338314,0.002381511467017,0.1070173975649486,0.2443697063951651,0.0,0.550944907764108,0.0073778822607447,0.5169715000740509,0.0103711385203086
T01_C2_G10000,T01,2,10000,10000,277.130126953125,0.2799659224185362,0.2838717074126943,0.2971177194375645,0.6377819475053896,0.0074116851831225,0.7250946981827514,0.1180423558020841,0.5319477917053931,0.0127044338354403
T01_C2_G15000,T01,2,15000,15000,419.7633972167969,0.5014456500656183,0.6141855515971588,0.3748722152478609,0.747277220021726,0.0215072621740395,0.7990228378442357,0.2591602361530449,0.5327604611639334,0.0130053665016334
T01_C2_G20000,T01,2,20000,20000,573.8572387695312,0.5842501412969219,0.6439565668764851,0.3845857736651401,0.759098469542928,0.0268956064237625,0.8078669062507847,0.2838291104958607,0.5325063627121118,0.0128857336055685
T01_C2_G500,T01,2,500,500,17.056781768798828,0.0032757459782745,0.0011244494624518,0.0553784850081784,0.0707445817477281,0.0,0.5040955274356631,0.0076883283126136,0.503593637431897,0.0105641721859704
T01_C2_G5000,T01,2,5000,5000,167.2026824951172,0.0105222870322433,0.0018110171455339,0.1688543587490107,0.4065599988575256,0.0,0.6016970891057685,0.013907372674984,0.531845729860644,0.0136961348733025
T01_C2_Gall,T01,2,all,25691,745.5836181640625,0.6927536056822552,0.6838567682172318,0.4444057529575475,0.8367709648025246,0.0677627028375306,0.8679382476730159,0.4599480525741857,0.5411431953357745,0.0149347691398581
T01_C3_G1000,T01,3,1000,1000,84.0733413696289,0.0403902335221056,0.0246859558863228,0.171082705633264,0.2989547710912106,0.0680831215582312,0.5683407333526572,0.0085421894988665,0.5364294000520807,0.0113889710648883
T01_C3_G10000,T01,3,10000,10000,415.9187622070313,0.3853203747790622,0.4658021999436811,0.3391485729054687,0.6884620462190699,0.0464509662554296,0.7598515478090829,0.1777700078203284,0.538962647290112,0.0136220584369188
T01_C3_G15000,T01,3,15000,15000,630.1687622070312,0.6478979320329835,0.7451027605395405,0.4136510958607223,0.802690144670635,0.0347211504026323,0.8412641167398563,0.3730902614610523,0.5336607823585149,0.0130347735170772
T01_C3_G20000,T01,3,20000,20000,860.8714599609375,0.6937714982668374,0.751758531389886,0.4383878617820157,0.8188666815585773,0.0657048376436892,0.8536970915238624,0.408528869762905,0.540089640003344,0.0144206216049991
T01_C3_G500,T01,3,500,500,25.4763412475586,0.003808231008669,0.0015299042030886,0.0647093267974317,0.0978316863019467,0.0,0.5068187635749356,0.0078348066791941,0.5100739897334408,0.0106824508693546
T01_C3_G5000,T01,3,5000,5000,251.0070953369141,0.0950468823727817,0.0773660021708618,0.1874553062445312,0.4509762503860032,0.0024342184059332,0.6245618239801554,0.0194455518041853,0.5302415797217975,0.0136241704366912
T01_C3_Gall,T01,3,all,25691,1118.3753662109375,0.8083099243222404,0.8281613020598003,0.4866964542183034,0.8784911054366795,0.1050645333889485,0.902793252241739,0.5812956187547303,0.5486397896039155,0.0185124088184235
T01_C5_G1000,T01,5,1000,1000,140.05836486816406,0.0721749942596991,0.0712338529084414,0.2460704891600375,0.3411312100315673,0.1665184471711996,0.5828273192840387,0.0105451579425887,0.5668511493054693,0.0162554147335665
T01_C5_G10000,T01,5,10000,10000,694.61279296875,0.5613292209512295,0.6181439977400653,0.367600182809905,0.743064326517412,0.0473149812451754,0.7981975352873034,0.2696160736658939,0.537247768182109,0.0135879180301976
T01_C5_G15000,T01,5,15000,15000,1051.728759765625,0.785139518040575,0.8468812154535812,0.4445454161157919,0.8499413830477971,0.0374262875318717,0.8798225261947566,0.5086952611415438,0.531585246795121,0.0129592090848949
T01_C5_G20000,T01,5,20000,20000,1435.8516845703125,0.8595962470630694,0.9079829920303146,0.4827388928925172,0.8706348817878663,0.0920505783243391,0.8968030612105926,0.5540626807664704,0.5441806828392071,0.0157937770812517
T01_C5_G500,T01,5,500,500,42.57492065429688,0.0103107117136481,0.0070279594298568,0.0699632478596908,0.1290711801343142,0.0,0.5139627643794022,0.0082599501841089,0.5166879710267318,0.0108595227161433
T01_C5_G5000,T01,5,5000,5000,419.191650390625,0.1853216541104297,0.1999354278105306,0.21754781593095,0.5233946559864167,0.0105217096723407,0.663215746637401,0.0384906249834124,0.5314763177372873,0.0136183099778733
T01_C5_Gall,T01,5,all,25691,1863.958984375,0.9636169387763016,0.9833026891156308,0.521654607902989,0.9110960746481324,0.1386153816312814,0.9316438699461524,0.6973105825140247,0.5550703895395168,0.022304143797302
T01_C10_G1000,T01,10,1000,1000,280.1451110839844,0.1085161260749741,0.0708324992738146,0.2470757026631637,0.415372917799598,0.1219380216721029,0.6103110455182109,0.0176753539792348,0.5569950635698788,0.0166162478383
T01_C10_G10000,T01,10,10000,10000,1389.260986328125,0.7480188730220746,0.7591175754019569,0.4280503082674471,0.814560294884568,0.0873918170982982,0.8530888860595182,0.4389372605754595,0.5425892681992037,0.0149501712985743
T01_C10_G15000,T01,10,15000,15000,2103.626220703125,0.8366652506098512,0.8625868016480429,0.4965643485937497,0.8893169415186309,0.1027103091113497,0.9143253354383244,0.6597854075790335,0.5442933057802851,0.0152684652139527
T01_C10_G20000,T01,10,20000,20000,2871.13720703125,0.9805300526516046,0.9923577652594489,0.5767812339883395,0.910551234754964,0.2594007122931299,0.9321966964665164,0.6994507309935599,0.5904619811244952,0.0371796176624657
T01_C10_G500,T01,10,500,500,85.00788879394531,0.0085502439295514,0.0043323908424082,0.0810580499176922,0.1534792807465289,0.0,0.5238485089805169,0.0090210381398792,0.5146323069754085,0.0108872121902518
T01_C10_G5000,T01,10,5000,5000,837.61669921875,0.3806864803404599,0.3843364040862708,0.2922592372959714,0.6329427460223281,0.0566849207840855,0.7271861641253228,0.1010236832984239,0.5384301192782535,0.0141253772756695
T01_C10_Gall,T01,10,all,25691,3727.91796875,0.9805300526516046,0.9923577652594489,0.6016282815795937,0.9375188241928438,0.2911372433224761,0.955290197037642,0.7951767213686739,0.5994450756341774,0.0499446081859266
T01_C20_G1000,T01,20,1000,1000,559.9645385742188,0.1284036279388223,0.1057479779641701,0.2609867533086544,0.4639229544776365,0.1092920029340221,0.6337287716691973,0.0297294831616187,0.5501971176280315,0.0139857400731389
T01_C20_G10000,T01,20,10000,10000,2779.5693359375,0.7950574049761757,0.7660581037970139,0.5237113731228571,0.8521901478989422,0.2523709257395982,0.8847659749351573,0.5706335470814872,0.5867691844334385,0.028154019356039
T01_C20_G15000,T01,20,15000,15000,4208.32421875,0.984060143794344,0.9938208432600084,0.6267622835315646,0.9126144773917512,0.3768519418506186,0.9349801428433286,0.7500208585907849,0.6291731584954929,0.0664573125533549
T01_C20_G20000,T01,20,20000,20000,5741.5,0.9892809412037634,0.9954517683640732,0.7021011641141469,0.9297372068339312,0.514306532193627,0.9497837280111856,0.7818037823328624,0.6860023434891371,0.1549959631651819
T01_C20_G500,T01,20,500,500,170.73817443847656,0.02193416643928,0.0181825806032535,0.1340775955232217,0.1887104910718325,0.0835322335859791,0.5394848424535431,0.0132562743090855,0.5371718172584397,0.0114637821451748
T01_C20_G5000,T01,20,5000,5000,1674.30126953125,0.5715455407520263,0.5797322900955655,0.3460872328623538,0.7039575081683674,0.0937697042102544,0.7754715890765455,0.1880825691774333,0.5422063299498614,0.0156095685939263
T01_C20_Gall,T01,20,all,25691,7455.8369140625,1.0,1.0,0.7372784830712089,0.9527507275471924,0.5680406637063206,0.9688626619755588,0.8483362546928723,0.7097745196453937,0.2030060010922015
T01_C50_G1000,T01,50,1000,1000,1402.6529541015625,0.2486718355078784,0.239562940598492,0.2869523058362057,0.531405264500023,0.1070528700703319,0.6770508713541189,0.0726559989310009,0.5395908596238095,0.011821207939224
T01_C50_G10000,T01,50,10000,10000,6951.47412109375,0.9650976778377126,0.9849816357457836,0.6802418037361686,0.8833807948585967,0.535940027647933,0.9122505405536222,0.6727861106823295,0.693576026412069,0.1057794551783161
T01_C50_G15000,T01,50,15000,15000,10523.248046875,0.9893152029178996,0.9955766372935542,0.7516905814363632,0.921663642322246,0.6248112698257395,0.9430104587658648,0.7918527333152937,0.7374534080904956,0.2208097264771757
T01_C50_G20000,T01,50,20000,20000,14354.75390625,0.9939548871550612,0.9970415046201658,0.8239994788522254,0.9423223975392022,0.7402654544554352,0.9610077142864704,0.8271160678367937,0.8049830455302047,0.3803263934238831
T01_C50_G500,T01,50,500,500,426.1325073242188,0.0468440695470262,0.0266848037067447,0.159262580350192,0.2363519593867935,0.0943161649297957,0.5608814426089517,0.0241702936319162,0.5362984607617719,0.0112698767984486
T01_C50_G5000,T01,50,5000,5000,4189.0439453125,0.8286335079077667,0.8874450948891317,0.4796344003602578,0.7812921977275046,0.2750192598395386,0.8327297571598218,0.3591775560436107,0.589576688990365,0.0250143328039786
T01_C50_Gall,T01,50,all,25691,18639.591796875,1.0,1.0,0.8620461569193486,0.9595875617851942,0.7972788358805379,0.9749581847442872,0.8723972388025534,0.8417993459045777,0.4760210235508764
T01_C70_G1000,T01,70,1000,1000,1963.9510498046875,0.2619596637184291,0.2290218014250723,0.3080108120289801,0.5546126384693029,0.1274931344954563,0.6924526948744028,0.1028859743706062,0.5412831017675134,0.0112870494832523
T01_C70_G10000,T01,70,10000,10000,9729.751953125,0.9701061006395232,0.9865071342108692,0.7216699826487557,0.8865305436375469,0.6101894193859075,0.9150408264230436,0.682712786659256,0.7297678342603114,0.1648447114349085
T01_C70_G15000,T01,70,15000,15000,14730.6025390625,0.970643503747092,0.9872884037961516,0.7822988640808752,0.9220182460616112,0.6823121407621925,0.9433670824735558,0.7918259778513864,0.7691734126087649,0.3048292463292935
T01_C70_G20000,T01,70,20000,20000,20096.392578125,0.9512407380917388,0.9783187049336168,0.8465485498195781,0.9432600411260842,0.7801940821156897,0.9619165988292264,0.8282607985016782,0.8309807457764582,0.4465486670096217
T01_C70_G500,T01,70,500,500,596.0914916992188,0.0608707296264492,0.0471158741159642,0.1713062617912268,0.2431258098916976,0.1023037480077647,0.5599161874296062,0.0296499538132089,0.5385206423020664,0.0113715482850618
T01_C70_G5000,T01,70,5000,5000,5864.283203125,0.8193969971690992,0.8898657228975525,0.5334940536626547,0.7882426975358192,0.3691177144253831,0.8389508749437484,0.390326364924891,0.6215865046121225,0.0390388554443656
T01_C70_Gall,T01,70,all,25691,26095.4296875,0.9431752837136832,0.9721068719996488,0.8829310054851479,0.9588672743219258,0.8340863497467526,0.9745999299266416,0.8704767310768574,0.8684438877152904,0.5410232770826915
T01_C100_G1000,T01,100,1000,1000,2756.833984375,0.2504455574260004,0.2246026134058799,0.2978585407913302,0.5578722868232445,0.1001272703782473,0.6934750730125478,0.1269880525793635,0.5294538483197962,0.0105375940387627
T01_C100_G10000,T01,100,10000,10000,13920.5185546875,0.9676813526636708,0.983047539692638,0.7687906331108934,0.8677878427102728,0.7072299633267417,0.8999463879598983,0.637620383100434,0.7844784165254107,0.2576899818895016
T01_C100_G15000,T01,100,15000,15000,21065.599609375,0.9762178792777764,0.989446909722234,0.8317520321536861,0.9077532732916472,0.7821369521084095,0.9314406094199628,0.7593441782332462,0.8322962183358458,0.3991813902617217
T01_C100_G20000,T01,100,20000,20000,28713.3984375,0.9892693924098866,0.995448698338123,0.8881357839326042,0.9264350138165472,0.8639198651774999,0.9468932341354592,0.7931446053051755,0.8926607892948498,0.5649138898763363
T01_C100_G500,T01,100,500,500,847.2423095703125,0.0918858558986262,0.0628283371647899,0.2082721491175014,0.2555684184143005,0.1616098978467871,0.5688835804213999,0.0428156819472978,0.5517270414662868,0.0120265698039202
T01_C100_G5000,T01,100,5000,5000,8341.42578125,0.7696384960300877,0.7773109898633881,0.6124545720971538,0.7485181735276286,0.5350854418988412,0.8121609272299797,0.3612595412383569,0.6905287748746282,0.0870219044417636
T01_C100_Gall,T01,100,all,25691,37279.1796875,0.9953238951529332,0.998409050086032,0.9211823051721738,0.9458453416467668,0.906409951731655,0.9626400839115434,0.8420973658899815,0.9262785703442546,0.6558283716011515
T02_C1_G1000,T02,1,1000,1000,28.580442428588867,0.0094214027624435,0.0041983386404293,0.2231963074789939,0.255918056944964,0.0,0.5613730263618163,0.0155004659959927,0.5065573767377596,0.0019980544453598
T02_C1_G10000,T02,1,10000,10000,141.4834442138672,0.2001400289199636,0.2110935803250737,0.4798178406281277,0.5947797857520151,0.0,0.6961678127949269,0.0788764037363425,0.507333517785747,0.0043127384652199
T02_C1_G15000,T02,1,15000,15000,214.37619018554688,0.2994035980596078,0.2889279530380357,0.5439553104707022,0.6913373632460897,0.0396473437976519,0.7587735284827124,0.1978684111780342,0.5269651008092375,0.0060459232261113
T02_C1_G20000,T02,1,20000,20000,292.1624755859375,0.3054163767408525,0.319972379095249,0.544035148160037,0.7021738793327329,0.0066724570032362,0.7670408284445198,0.2259429744765086,0.518590701868142,0.0049968679442295
T02_C1_G500,T02,1,500,500,8.5094633102417,0.0033358200204342,-0.0008489773937683,0.001742012744803,0.0043182106783765,0.0,0.4887548544098771,0.0029173282343893,0.5122178815139402,0.0081592379184686
T02_C1_G5000,T02,1,5000,5000,84.9794921875,0.0438183023358587,0.0369949245739269,0.3142026244024302,0.4079429973165241,0.0,0.6013281653892915,0.0232275804799855,0.526229443313115,0.0047772386146741
T02_C1_Gall,T02,1,all,25691,378.5749206542969,0.3379267795766615,0.3337895607151983,0.5740936415475519,0.7454728341546912,0.0004480035319793,0.7979628374034089,0.3323699229101509,0.517822210752572,0.005015377114242
T02_C2_G1000,T02,2,1000,1000,57.1419563293457,0.0095899174839571,0.0081599497499331,0.3258620092421286,0.3332217807429407,0.0,0.5715218560713966,0.0204195352582164,0.5041441753747359,0.001989946536767
T02_C2_G10000,T02,2,10000,10000,283.5835876464844,0.2986913143915939,0.2813019263003005,0.5317897343800687,0.6670571795743782,0.0,0.742959629435747,0.1335194197577899,0.5141857516021396,0.004380100656278
T02_C2_G15000,T02,2,15000,15000,428.8643493652344,0.3886686809780941,0.3868534778787298,0.61201740682348,0.7522214748861041,0.1738141408197961,0.8025847703134109,0.2999694088610589,0.5673332818742772,0.0237221709394243
T02_C2_G20000,T02,2,20000,20000,584.5938720703125,0.4078405633530237,0.3952005218613623,0.6232438501460433,0.7794128957691234,0.1101130062462288,0.8227009479223097,0.3799761387962405,0.5463931478390995,0.008540617243154
T02_C2_G500,T02,2,500,500,16.980283737182617,0.002905186293486,0.0015253037895221,0.0057044668291563,0.0179417541861753,0.0,0.4863610502983938,0.0029075838815532,0.5181530774139625,0.0082783088058854
T02_C2_G5000,T02,2,5000,5000,170.3099365234375,0.1138604300937953,0.1084301796813358,0.3719762414421066,0.4879205425474557,0.0,0.6412537429628545,0.0383716180669134,0.5305030900632737,0.0048266065510205
T02_C2_Gall,T02,2,all,25691,757.150634765625,0.4380418770602027,0.4313180604635657,0.6518425483236153,0.8181882793294529,0.102601074282972,0.8521264003892088,0.484779918489895,0.543781977886354,0.0079372183350753
T02_C3_G1000,T02,3,1000,1000,85.74053955078125,0.0229508367831261,0.0282150315499577,0.3479168827487345,0.3717279499439648,0.0,0.5886994217526282,0.0262610821159546,0.5077466817140519,0.0020021599463607
T02_C3_G10000,T02,3,10000,10000,424.91796875,0.3101459485605028,0.3263920986983361,0.5686270478740763,0.7109988310989551,0.0010476925709932,0.773437796145499,0.2102585173557653,0.5117079223110113,0.0043570286538305
T02_C3_G15000,T02,3,15000,15000,642.5875244140625,0.4036040828459759,0.401030983969202,0.6563129152267925,0.7871233721644503,0.2584189097106084,0.8289159217388721,0.3862403911591796,0.5924592633709412,0.0460245096538968
T02_C3_G20000,T02,3,20000,20000,876.6995239257812,0.4650800744290318,0.4519404064759673,0.6758738887677771,0.8206806290605028,0.210510781515385,0.8547800727650893,0.4830759623501394,0.5739222194738357,0.0187823846588817
T02_C3_G500,T02,3,500,500,25.523658752441406,0.0039487593684365,0.0020981312349427,0.0090241920656137,0.0260242493721587,0.0,0.4862554497127743,0.0029072150260754,0.5200408211644685,0.0083354263545459
T02_C3_G5000,T02,3,5000,5000,255.1190795898437,0.165488312251586,0.1813849186582349,0.4257361958089765,0.5454170827659824,0.043268440857343,0.6723869662750483,0.0562351043885669,0.5408812621005663,0.0050166907886919
T02_C3_Gall,T02,3,all,25691,1135.726318359375,0.5786244598886624,0.5214447151013069,0.702778940324821,0.8561009690140026,0.2078372045305374,0.882982518087478,0.5716169377079705,0.571959714020195,0.0174807232238814
T02_C5_G1000,T02,5,1000,1000,142.80599975585938,0.0423061524481273,0.0480277128119416,0.4124185200769114,0.4454414088269564,0.0,0.6199314649849241,0.0394330442065481,0.508705313565164,0.0020081853721064
T02_C5_G10000,T02,5,10000,10000,707.9140625,0.4124665386654846,0.409265457836482,0.6259397126371541,0.7739387985697461,0.0389660962756971,0.8187463476334546,0.3350750666020683,0.5241625182494917,0.0045336121311046
T02_C5_G15000,T02,5,15000,15000,1071.25,0.5740523261173852,0.5050559251201315,0.7058557506420301,0.8380398288068396,0.3006337946928093,0.869072065280985,0.5134113030565958,0.6053488614929469,0.0543813258090229
T02_C5_G20000,T02,5,20000,20000,1461.626220703125,0.5770077933489777,0.522461086710746,0.7245471913439402,0.8680456706459889,0.2619686729207799,0.8936444401264271,0.5959534845642904,0.5887014258831584,0.0251367956795851
T02_C5_G500,T02,5,500,500,42.30757141113281,0.0048856695033889,0.0027418272553916,0.0127974214987671,0.0358321740430607,0.0,0.4865387608725678,0.0029072168506927,0.5220452621271631,0.0084043126853585
T02_C5_G5000,T02,5,5000,5000,424.94085693359375,0.289802839387361,0.2933792720706619,0.4880915343537752,0.614069458648859,0.0693799018194103,0.7119411379980726,0.0978783029328241,0.5441886479252808,0.0054460919512157
T02_C5_Gall,T02,5,all,25691,1892.876953125,0.6352367633928766,0.5664404749883519,0.746779881114036,0.8989239473170301,0.2529084094858973,0.9199097574032156,0.6748067889630642,0.5845372116310671,0.0222562002314997
T02_C10_G1000,T02,10,1000,1000,284.9716186523437,0.1078223567507724,0.1090580918569952,0.4705265561812137,0.524874034623802,0.0,0.6645141058187439,0.0733614167726329,0.5168867734650978,0.0020462653493929
T02_C10_G10000,T02,10,10000,10000,1415.8880615234375,0.5477229368939432,0.4876971675892471,0.7016814769783218,0.8435841278033204,0.143290779693871,0.874980234219582,0.5024968714101038,0.5473970942168979,0.0068766495411502
T02_C10_G15000,T02,10,15000,15000,2142.11669921875,0.6605705514924515,0.5663049070131734,0.767540156155652,0.8963426315753906,0.3762532088816485,0.9193397962002146,0.6570094991055626,0.630075298112658,0.055319266888773
T02_C10_G20000,T02,10,20000,20000,2922.947998046875,0.6691455878680386,0.5853839291636239,0.7830899342811839,0.9230836349812752,0.3343869872385351,0.9422966275225212,0.7386920139250764,0.6121074243218811,0.0324002478384078
T02_C10_G500,T02,10,500,500,85.0205078125,0.0160362448666377,0.0117189693824601,0.0107884123152432,0.0285794119753485,0.0,0.4853421368288118,0.0029255933898748,0.5212713742216727,0.0084293916831765
T02_C10_G5000,T02,10,5000,5000,850.2720947265625,0.4758435364714854,0.4551760247229121,0.6109392273991422,0.741200831638993,0.1747043120961229,0.7959412403820684,0.2242938524249645,0.5700488282558621,0.0098469596270607
T02_C10_Gall,T02,10,all,25691,3785.754638671875,0.82945362845525,0.8254097503925053,0.8019200444412268,0.944416698520242,0.3492124968065719,0.9617604358379568,0.8058948779307598,0.6156378612372537,0.0331948109660798
T02_C20_G1000,T02,20,1000,1000,570.9550170898438,0.1493452375013053,0.1369014972739354,0.5145323524929468,0.5644939401407658,0.0495270278597724,0.6879691971438938,0.1048433282998027,0.5182975498447141,0.0020132326467991
T02_C20_G10000,T02,20,10000,10000,2831.63330078125,0.6347257115720513,0.5529402216443631,0.7454495164851184,0.8804793260464496,0.2206779105164201,0.9071545425878358,0.6206346408739452,0.5656763941702975,0.0087217357930677
T02_C20_G15000,T02,20,15000,15000,4284.982421875,0.7025764622933116,0.6093205939794808,0.8148809093961158,0.9232874342002212,0.5064979071430347,0.944210297144025,0.7562419686619186,0.6812302086321017,0.0809413381545041
T02_C20_G20000,T02,20,20000,20000,5848.12939453125,0.7748924020256455,0.7227066987452819,0.8237788993492795,0.9464272993448556,0.4536544378947594,0.9641741350004795,0.8286467670846887,0.656271047273938,0.0481200186113357
T02_C20_G500,T02,20,500,500,169.5473175048828,0.0140082875647596,0.012542096009002,0.010969152697474,0.0223332224805264,0.0,0.4881892268877084,0.0029664925624666,0.5161794494229665,0.0084192831352215
T02_C20_G5000,T02,20,5000,5000,1700.537109375,0.5954576373788432,0.5382725146192019,0.6657989091317955,0.7944681420596513,0.2305124656653517,0.8372113295153752,0.3307628196708851,0.5816556936503599,0.0116175582279707
T02_C20_Gall,T02,20,all,25691,7571.51025390625,0.8750975522104425,0.8637230952033806,0.8432696705140318,0.9613604276438108,0.4990169860561637,0.9776612305190918,0.8728618185693026,0.6748596088090059,0.0662949349562819
T02_C50_G1000,T02,50,1000,1000,1426.9495849609375,0.2341003936369365,0.2334625589030091,0.5820232281185462,0.6322031129033979,0.1993814529821882,0.7361697829045548,0.1850912313856139,0.5599768943821216,0.0025246475739142
T02_C50_G10000,T02,50,10000,10000,7078.47216796875,0.6730008052890875,0.5822227257623273,0.7962988679428233,0.9120853614871643,0.3765583809155054,0.935844570089656,0.7340314154393422,0.6167130929698682,0.0169911364544491
T02_C50_G15000,T02,50,15000,15000,10715.0400390625,0.680009397418216,0.5849373111704439,0.8618583350616436,0.9418822816303104,0.6528344330805185,0.9613269712060352,0.8331456967358429,0.7515049296620598,0.1456302881904206
T02_C50_G20000,T02,50,20000,20000,14621.1005859375,0.8127397429540382,0.7639011308779649,0.8734837133076667,0.9570452805322353,0.6510532925710998,0.9739686339870196,0.8780967958214367,0.7491558188649879,0.119162435856215
T02_C50_G500,T02,50,500,500,425.1490478515625,0.0015151403898408,-0.0008182027142699,0.0147566739754421,0.0302837684937204,0.0,0.4973178873831284,0.0030046206016805,0.5085738671774708,0.0083543288056933
T02_C50_G5000,T02,50,5000,5000,4252.880859375,0.6372731052462721,0.5707340974840001,0.7259704335492978,0.8507630831717649,0.3017897895605697,0.8841261463793388,0.4963881518914745,0.5989478939480212,0.0178047257861131
T02_C50_Gall,T02,50,all,25691,18928.775390625,0.883092292791654,0.8765315838506882,0.8935674095264018,0.9678564437725272,0.7060413054339614,0.9831590125416618,0.9031020459243844,0.781433092360823,0.2088781141406937
T02_C70_G1000,T02,70,1000,1000,1998.062255859375,0.2017968779896685,0.1967884980442183,0.5994757510876121,0.6521423981982863,0.2100895159364965,0.7503304194816189,0.2169247006480545,0.5646093003969587,0.0026869409475147
T02_C70_G10000,T02,70,10000,10000,9911.138671875,0.6532618324619028,0.5690019154816454,0.8152193633756708,0.9161527136626426,0.4676632091145548,0.9396910133582153,0.7555443060497111,0.6531892539579286,0.028214059827178
T02_C70_G15000,T02,70,15000,15000,15000.1357421875,0.7855920784558525,0.6457676501271288,0.874870845883289,0.943590227458528,0.7019531948276457,0.962985469342667,0.8414478693228384,0.7802673880832955,0.2099492159511566
T02_C70_G500,T02,70,500,500,595.8911743164062,0.0117787923270628,0.0073504843951572,0.0139666995515034,0.0313310887397382,0.0,0.4983400096697972,0.0030321987929345,0.5082551950418748,0.0083467847739445
T02_C70_G5000,T02,70,5000,5000,5952.814453125,0.6369760056746387,0.5673775622626047,0.7353293768176452,0.8582706222165626,0.3189849457709194,0.8910424606441061,0.5343090353625848,0.6034679860046958,0.0234789758144749
T02_C70_Gall,T02,70,all,25691,26500.283203125,0.7930832540901707,0.6541351092996467,0.90051734248835,0.9652955601417446,0.7424663919615422,0.981010130345536,0.8987103740229041,0.8047243034825291,0.2893876972700994
T02_C100_G1000,T02,100,1000,1000,2805.96728515625,0.2317715757812008,0.2557225509573569,0.5895500752094315,0.6403756814224205,0.2029196127394433,0.7444245135229476,0.2289420940834643,0.5602273187195163,0.0023794282480093
T02_C100_G10000,T02,100,10000,10000,14176.337890625,0.6361893658966973,0.5565513578969442,0.8052441493038333,0.8926438739152694,0.5203615804960535,0.9203172700413986,0.7086534428726835,0.676128710475004,0.0321053585661857
T02_C100_G15000,T02,100,15000,15000,21448.791015625,0.6916734957396563,0.591810128511171,0.8695112710953826,0.9273496820636448,0.7285765852530628,0.9489266239916228,0.8043871339046623,0.7963268318226561,0.2217318233819802
T02_C100_G20000,T02,100,20000,20000,29243.236328125,0.8244926731495055,0.8072738916562432,0.8853678417820768,0.9429593641427376,0.7447880249564705,0.961633927704839,0.8480205575550125,0.8059866745011873,0.2056590344245357
T02_C100_G500,T02,100,500,500,846.8059692382812,0.0306198756977289,0.023307259591869,0.0155587841529551,0.0391627109454231,0.0,0.5063038549063159,0.0030893626378009,0.502583054842297,0.0083108272529776
T02_C100_G5000,T02,100,5000,5000,8465.435546875,0.6098469951747683,0.5483295999155665,0.7088652405009895,0.8201949199063995,0.3506989877785187,0.8628546611494189,0.4966297750999809,0.6123836388008548,0.0233578442762407
T02_C100_Gall,T02,100,all,25691,37857.5234375,0.846717685135898,0.8493305987804007,0.9016617390219576,0.9548294958850404,0.7765775286587467,0.9714870062739672,0.8754236944863991,0.8270343170388366,0.2789393413199277
T03_C1_G1000,T03,1,1000,1000,28.17034721374512,0.0087341728918274,0.0017672254215987,0.1382795779718172,0.3897891417746847,0.0,0.6098158102883706,0.0030252158763098,0.494379958341772,0.0056859050031523
T03_C1_G10000,T03,1,10000,10000,138.55599975585938,0.1179993382103753,0.0908654831545076,0.2091598309761499,0.4470066574870414,0.0,0.6179577809609237,0.009685978761557,0.5196497857388258,0.0071040483514106
T03_C1_G15000,T03,1,15000,15000,208.89431762695312,0.083128946697646,0.069808646594809,0.2071493067950353,0.4405753849113785,0.0051609866720123,0.6167362906218258,0.0097779022646383,0.5217307241832543,0.0066939120805108
T03_C1_G20000,T03,1,20000,20000,285.2768249511719,0.0531268929092364,0.0383675754904105,0.1879736246003434,0.4358105158659012,0.002192483730776,0.618699745638379,0.0111478518659044,0.5226636025887478,0.0067207183323115
T03_C1_G500,T03,1,500,500,8.463722229003906,0.0049343247455571,0.0016556692273452,0.0503296472855913,0.1028052998128504,0.0,0.5153302299886215,0.0024349509656483,0.5066169327010643,0.0047174388002709
T03_C1_G5000,T03,1,5000,5000,83.66167449951172,0.04555317920967,0.0289423241248004,0.1221328419906393,0.3487921457532481,0.0,0.5769678612786168,0.0046729029491609,0.5282087702647528,0.007943490581585
T03_C1_Gall,T03,1,all,25691,367.4944763183594,0.0644975096241004,0.042733580406601,0.1747010561506289,0.439902201232644,0.0013042601914823,0.6230903056052197,0.0152938122608307,0.5236581058286386,0.0068634923583628
T03_C2_G1000,T03,2,1000,1000,56.5962142944336,0.0170223343564116,0.0065799707098566,0.2073099730105978,0.4778112323736844,0.0,0.596863558596519,0.0054249185167334,0.4919968832592258,0.0056601896198567
T03_C2_G10000,T03,2,10000,10000,277.7247619628906,0.1671203969122551,0.1520484268594176,0.219507342736675,0.500926626772309,0.0,0.6486165462025093,0.0215238013828512,0.5189515544969759,0.0070993578891795
T03_C2_G15000,T03,2,15000,15000,417.6790161132813,0.1730035179290451,0.1561901785662938,0.2204473631137807,0.5071964140328891,0.0103038081867357,0.6546065060117905,0.0217133977117892,0.5229918891661683,0.0067299967145773
T03_C2_G20000,T03,2,20000,20000,570.5559692382812,0.1123740974014,0.089749145702981,0.2192289359659218,0.5252572974717169,0.0095173272012752,0.6653401760397686,0.0257129145881996,0.5242986727219279,0.0067215561411035
T03_C2_G500,T03,2,500,500,16.8391170501709,0.0053250556226983,0.0027135772781891,0.0812493602827357,0.1611755333834807,0.0,0.5270515545863385,0.0024844682680791,0.5082471122190295,0.0047498794438244
T03_C2_G5000,T03,2,5000,5000,167.83201599121094,0.05630664066117,0.0489088318744915,0.1282075947427318,0.4013347030635737,0.0,0.6028911870257386,0.0096298113591712,0.52838811868418,0.0079618168204637
T03_C2_Gall,T03,2,all,25691,734.9889526367188,0.1265534905462616,0.1044316727391411,0.2139624271008351,0.5389680841563728,0.0077405535237749,0.6734633493563535,0.0378141207591525,0.5243876817222949,0.0068490398257908
T03_C3_G1000,T03,3,1000,1000,84.72792053222656,0.0225409806758393,0.0143549591718678,0.2228328497121475,0.4773648626840698,0.0,0.5796214816230689,0.0052570134703621,0.4917814057721601,0.0056637652780429
T03_C3_G10000,T03,3,10000,10000,416.6174926757813,0.2164054180327522,0.2033043837745419,0.2202503170521988,0.5309985356608438,0.0,0.6669878896043533,0.0313758557150819,0.5198153157467459,0.0071247947235237
T03_C3_G15000,T03,3,15000,15000,626.7547607421875,0.2329539682300795,0.2157044859812193,0.2278411835444428,0.5369069757975613,0.0128565699269555,0.6721454403758289,0.0327202856263982,0.5235292098129048,0.0067477241773572
T03_C3_G20000,T03,3,20000,20000,856.4511108398438,0.2187707644801968,0.1953583165399252,0.2494755937784283,0.5762158675633449,0.0275428450777784,0.6936830126078856,0.0389259690113373,0.527902617083282,0.0068077551063131
T03_C3_G500,T03,3,500,500,25.34227180480957,0.001724612310478,-0.001088211694255,0.0812850056202604,0.1553490580652103,0.0,0.523258132664216,0.0024362139283872,0.5093953923101356,0.0047760451366983
T03_C3_G5000,T03,3,5000,5000,251.60568237304688,0.1421857579150635,0.1352587866780231,0.1316043815912628,0.4200113380836315,0.0,0.6105017276580778,0.0128773070091335,0.5283615696854804,0.0079545514743077
T03_C3_Gall,T03,3,all,25691,1102.4833984375,0.2601935762392487,0.2397252053471414,0.2456317955599454,0.5944563995117181,0.0236142735904024,0.7042485469739459,0.0545931209133781,0.5274207892086517,0.0068884445033912
T03_C5_G1000,T03,5,1000,1000,141.328857421875,0.040729208075316,0.0370368920653024,0.2636107635021501,0.5610592941336519,0.0615053289550458,0.6509013134029028,0.0095440651021606,0.5130083851405176,0.0060203121404173
T03_C5_G10000,T03,5,10000,10000,694.7681274414062,0.275878051214842,0.2655435805489019,0.2238377026111979,0.5558891929246195,0.0021348286514945,0.6819037357096714,0.0521688004010851,0.5208495526357784,0.0071344669790563
T03_C5_G15000,T03,5,15000,15000,1044.394287109375,0.293815086994069,0.2481556958974145,0.2418838679955849,0.5772898485579171,0.0120440296426561,0.6949045465346471,0.055671148572572,0.5229417988282112,0.0067106646199995
T03_C5_G20000,T03,5,20000,20000,1427.1474609375,0.3194249293792831,0.2897696778469835,0.2703246678403248,0.6197992999423165,0.034916714700075,0.7200531315944206,0.0717254357260848,0.529124273805708,0.0068166199248688
T03_C5_G500,T03,5,500,500,42.31467056274414,0.0082583233404698,0.0036638541896937,0.0741681904171655,0.1253741807934378,0.0,0.5130851482416399,0.0023949135213249,0.5092338963106194,0.0047909216894769
T03_C5_G5000,T03,5,5000,5000,419.8785400390625,0.1893852161859028,0.1870770153727012,0.1348227042223697,0.4306606532923507,0.0004072241512829,0.6169120921277981,0.0253296192632062,0.525343071350082,0.0079047674678612
T03_C5_Gall,T03,5,all,25691,1837.47314453125,0.4020378264848409,0.3751299147634604,0.2779191974374332,0.648194651944944,0.0382803530809158,0.7372220267426005,0.0915670001836727,0.5294368270067369,0.0069368322907171
T03_C10_G1000,T03,10,1000,1000,281.9881591796875,0.0478843216232178,0.0436112466454471,0.221626652438521,0.564512095375916,0.0295408666074106,0.6734080958434253,0.0113958016116067,0.5071908572884174,0.0058394827211796
T03_C10_G10000,T03,10,10000,10000,1389.4755859375,0.3305919605145769,0.3120005757852006,0.2282963187664419,0.5686403495397062,0.0121846529242101,0.6919999642588259,0.0701724454162364,0.5217600125969972,0.0071227725622588
T03_C10_G15000,T03,10,15000,15000,2089.1142578125,0.407082548527746,0.3769917757692584,0.2775297119722095,0.6216633598946161,0.0499045141773615,0.7226359251853466,0.0773252446245197,0.5314613827364734,0.0068641258331813
T03_C10_G20000,T03,10,20000,20000,2854.369873046875,0.4531749029320496,0.4238313139987005,0.3394179331621535,0.6654658204773857,0.1267976669192883,0.749889869109855,0.1028320375826039,0.5516160109475033,0.008301173969519
T03_C10_G500,T03,10,500,500,85.04022216796875,0.0091079603365021,0.0066515062364294,0.083137870624133,0.1625975051463599,0.0,0.5244302618841605,0.0024626976038033,0.5113687289388387,0.0048318571384498
T03_C10_G5000,T03,10,5000,5000,839.4408569335938,0.2228297727290034,0.235282422170358,0.1344108361473337,0.4368558611781841,0.0104463230867988,0.6253464583141893,0.0350757816452889,0.5246497032174807,0.0078476202937006
T03_C10_Gall,T03,10,all,25691,3674.9462890625,0.5558831253677915,0.5401333091624515,0.4150434902051482,0.6971569620115382,0.2481064648666371,0.7701913905267667,0.1331118328926271,0.5882312948176297,0.0148719433818641
T03_C20_G1000,T03,20,1000,1000,564.226318359375,0.059916964300755,0.0513358047807274,0.2179867179084042,0.5520295990744521,0.0558927154755905,0.6677123203677222,0.0121546593572801,0.5147757982876829,0.0059041791667827
T03_C20_G10000,T03,20,10000,10000,2780.550537109375,0.4040041601606376,0.3834730736653777,0.3126692066495137,0.5843976412220125,0.1545797042483322,0.7051008860632108,0.0813671393292976,0.5558574173317553,0.0093984234548633
T03_C20_G15000,T03,20,15000,15000,4178.82177734375,0.4976545342669917,0.4669065350477966,0.4149563387545533,0.6470675158583946,0.2778295790352906,0.7415512051316779,0.1068271879857266,0.5947346595296084,0.0163283546676086
T03_C20_G20000,T03,20,20000,20000,5708.8359375,0.6729249118589776,0.6880151540872842,0.5256224160339418,0.6956929603997712,0.430418558879578,0.7724769114214178,0.1403237061028218,0.651156147152466,0.0371271778061435
T03_C20_G500,T03,20,500,500,169.92587280273438,0.016840009665015,0.0144078667488664,0.135532923778858,0.1024142661502438,0.0,0.4438073453583053,0.0021414205319064,0.5097602818453446,0.0048586172853657
T03_C20_G5000,T03,20,5000,5000,1679.9407958984375,0.2079361962727829,0.1804366856117036,0.1316142130173426,0.4271029348240609,0.0207929279408816,0.6288851321818169,0.0421650196173753,0.5208828870619046,0.0077929653822148
T03_C20_Gall,T03,20,all,25691,7349.892578125,0.7578004971797286,0.7853243125870534,0.5994995401554257,0.7147232029983537,0.5416731274625294,0.7853510497855161,0.1762195116071238,0.7006694565946459,0.078995297602624
T03_C50_G1000,T03,50,1000,1000,1410.814697265625,0.0467255857837937,0.030988969873633,0.1785372963128848,0.5733112364296191,0.0284586916922151,0.684926059735164,0.0206667844428642,0.5084428929218785,0.0058868987623166
T03_C50_G10000,T03,50,10000,10000,6953.9169921875,0.4654480949586242,0.427124282652286,0.4557813023920305,0.5987134474900389,0.3813402338793977,0.7177630307816817,0.0897637154793673,0.6263977322809376,0.0218804677395531
T03_C50_G15000,T03,50,15000,15000,10448.9638671875,0.6950299944251701,0.709741250166488,0.6115198618341197,0.6630542163974402,0.5853208561665642,0.755896375569607,0.12374435875836,0.7180873786231602,0.0723077802416769
T03_C50_G20000,T03,50,20000,20000,14275.1328125,0.8078725239664762,0.8356822580936559,0.7004215273614454,0.7254001323757127,0.6879917368512524,0.7954980779599948,0.1660192431459975,0.7752019031345322,0.13462484832369
T03_C50_G500,T03,50,500,500,425.6356506347656,0.0140738461110706,0.0090261574544421,0.0943096292500399,0.0804181547341402,0.0659433523553063,0.4913380860107058,0.002373410527868,0.529800004785459,0.0049243268554133
T03_C50_G5000,T03,50,5000,5000,4200.50927734375,0.2413438503366582,0.2153169429910845,0.1819753381771683,0.4237091586779603,0.0928607233445776,0.6321602751396099,0.0489360873106987,0.5313621662258255,0.0079307057590908
T03_C50_Gall,T03,50,all,25691,18374.732421875,0.8619369523400908,0.878406421952202,0.7387670755878696,0.735741312247454,0.7395828485414008,0.8027286885207412,0.2054418098937317,0.8078337661586898,0.2302135893523699
T03_C70_G1000,T03,70,1000,1000,1974.3209228515625,0.0553847510619493,0.0325997195125994,0.1665895516076208,0.558570000953172,0.0289725445131469,0.6816121592981447,0.0222927673252429,0.5066464913109114,0.0058610528035854
T03_C70_G10000,T03,70,10000,10000,9734.03515625,0.4753104692248333,0.4335235599931885,0.4815564406636134,0.5918756115030798,0.4257282548291916,0.7154548420463146,0.0855127835661518,0.6427568259850792,0.0261807280845653
T03_C70_G15000,T03,70,15000,15000,14628.9462890625,0.7405448359500837,0.7665073791556413,0.651137351051911,0.658226335119644,0.6469470056926363,0.7545515709199867,0.1258953760148568,0.7500807088554561,0.0909587296969032
T03_C70_G20000,T03,70,20000,20000,19985.740234375,0.8490325384639442,0.8660993554796318,0.7351618240350947,0.7147989241419238,0.7438123796498811,0.7897147182984623,0.1631818319403057,0.8097831647855883,0.1792912556480371
T03_C70_G500,T03,70,500,500,595.34619140625,0.0214396447790382,0.0108524573172844,0.0944539510933637,0.0747561761427458,0.0702540758284885,0.4950706477810814,0.0024272735527287,0.5278698455786235,0.0049152331743568
T03_C70_G5000,T03,70,5000,5000,5881.12451171875,0.2493168646424961,0.2202257985880968,0.1983258852274803,0.4200773614012035,0.1175902303762379,0.6324780095311184,0.0475230436094637,0.535749973673276,0.0081241971675245
T03_C70_Gall,T03,70,all,25691,25724.625,0.7873912760375749,0.7075998331356703,0.7673871978862368,0.7243063820380522,0.7843755454903728,0.7956805447784564,0.1983774674801502,0.8376601118196307,0.2895610686352277
T03_C100_G1000,T03,100,1000,1000,2771.419677734375,0.0513792448644876,0.0351757834254503,0.1568663938089508,0.5266160170587891,0.0326308840224265,0.6700990508374395,0.0259264779839879,0.5052249711040557,0.005816272265548
T03_C100_G10000,T03,100,10000,10000,13916.7353515625,0.4978013586765872,0.4883953110823034,0.4982648615485599,0.5567258884863243,0.4670933541555011,0.6975015957314968,0.0797526173727011,0.6584989574178349,0.030009084865574
T03_C100_G15000,T03,100,15000,15000,20912.341796875,0.7128963488840411,0.7316906523555593,0.6738122560720513,0.6291762560950628,0.6914769762471412,0.7386826645574688,0.1130248565022717,0.775002916700467,0.102038594564135
T03_C100_G20000,T03,100,20000,20000,28546.435546875,0.8203671083695478,0.843876427496065,0.7549775288703864,0.6865187721741081,0.7831691340010969,0.7725609433302533,0.1451370890500034,0.8361238273060134,0.2131711841604276
T03_C100_G500,T03,100,500,500,846.4727783203125,0.0350423134123925,0.0248805453494235,0.0835237219794083,0.0571497846025842,0.0714067396664149,0.4957289348398157,0.0025200352312084,0.5260301858678571,0.0049472824453481
T03_C100_G5000,T03,100,5000,5000,8360.4921875,0.2491500054948721,0.212141626740413,0.2440114221565229,0.3898778305323746,0.1903201409541544,0.6212527681950961,0.0470389492009313,0.5545148550536679,0.0093464664776918
T03_C100_Gall,T03,100,all,25691,36749.47265625,0.8733844373766451,0.8903468289534885,0.7841871724369045,0.7018739490441543,0.8162493243434834,0.7821367781586785,0.1755060565021006,0.8604168338687429,0.3226082188634774
T04_C1_G1000,T04,1,1000,1000,28.06545829772949,0.0029556263363396,0.008158408656849,0.0270850716773844,0.0393391882768907,0.0,0.4911919727993602,0.0001960845088988,0.5124511063715012,0.006708005975178
T04_C1_G10000,T04,1,10000,10000,138.01025390625,0.0102008528509006,0.0086609769374149,0.1223036406291562,0.3185383893705068,0.0,0.56154916633864,0.0017563956056995,0.5219832452353556,0.0059960273269249
T04_C1_G15000,T04,1,15000,15000,208.0678253173828,0.021527660693065,-0.0027876584943936,0.1122079052589042,0.2845191596127641,0.0,0.5509279761599083,0.0016764229805651,0.5203784315567201,0.0059562618692272
T04_C1_G20000,T04,1,20000,20000,284.8485717773437,0.0115729424471713,-0.0001107617798187,0.1093039839283884,0.3074627945168802,0.0,0.5639759285657165,0.0019526744648168,0.5184321696079113,0.0059238626890035
T04_C1_G500,T04,1,500,500,8.406940460205078,0.0048267096900859,-0.0017190319442737,0.0633107556500839,0.146914923343494,0.0,0.5306367863072391,0.0017005098855779,0.5039703243214488,0.0034894208859683
T04_C1_G5000,T04,1,5000,5000,83.65773010253906,0.0053972893300086,0.0061139022552276,0.108232051226365,0.2316617584077109,0.0,0.5297493050912634,0.0010249128681523,0.5170960650182439,0.0062267991586982
T04_C1_Gall,T04,1,all,25691,366.6380004882813,0.0088829783184128,-0.0017038541455295,0.092303450470164,0.2534776104177378,0.0,0.5468153198935809,0.0016000178380628,0.5170569616531542,0.0057451592065233
T04_C2_G1000,T04,2,1000,1000,56.01025390625,0.0054508910850923,-0.0034941387570336,0.050258315802878,0.1114440359398903,0.0,0.5069880070990421,0.0001991799894351,0.5111036786832321,0.0067294984114322
T04_C2_G10000,T04,2,10000,10000,275.8383178710937,0.0217211700151082,0.0109748473175014,0.1171026284456763,0.3563079516302287,0.0,0.5815455461940766,0.0021036752038309,0.5207653283596704,0.005989558595269
T04_C2_G15000,T04,2,15000,15000,415.7594604492188,0.0267133529840037,0.0007952456732221,0.0914770401884926,0.3127762115802801,7.141747869044035e-05,0.5686060716547727,0.0019987853860388,0.5217985392862395,0.0059797971254384
T04_C2_G20000,T04,2,20000,20000,569.6924438476562,0.0300883368377948,0.012569242850374,0.0952823852700765,0.3354950580553719,0.0005932640882829,0.5799160806227909,0.0026591228961891,0.5199135145808681,0.0059446832859414
T04_C2_G500,T04,2,500,500,16.88091468811035,0.0057524633962375,0.0103386357738078,0.0829214646839123,0.1663990782135667,0.0,0.5312259027714313,0.0016380384290053,0.5039933259115086,0.0035022939450184
T04_C2_G5000,T04,2,5000,5000,166.98501586914062,0.0198569158027534,0.0069003410194818,0.1080765242971292,0.2565495781513787,0.0,0.5399536551051054,0.0010658647784358,0.5167848821341353,0.0062259106134352
T04_C2_Gall,T04,2,all,25691,733.2767944335938,0.0144368414228471,-0.0020273005103467,0.0881610484710342,0.3053769269534219,0.0029818343266789,0.5698894144465593,0.0021574284860992,0.5192494371569326,0.0057650771516576
T04_C3_G1000,T04,3,1000,1000,84.09857940673828,0.0280215756678479,0.0211633469934217,0.0581520039054819,0.1108694892472027,0.0,0.504200986907365,0.0001987136897776,0.5116159379885349,0.006737308822041
T04_C3_G10000,T04,3,10000,10000,414.1340637207031,0.0314944377857012,0.0152545389903438,0.0966385401136713,0.3041655273140968,0.0,0.5644994206246055,0.0017662919242245,0.5194613524551044,0.0059794032162426
T04_C3_G15000,T04,3,15000,15000,624.0078735351562,0.0575772740763518,0.0232962178643917,0.0832081137613482,0.3133013187872128,0.000340093243912,0.5710911104850319,0.0020668988819015,0.5218010936165317,0.0059883671772994
T04_C3_G20000,T04,3,20000,20000,854.6064453125,0.0205743794247321,0.0003935621182575,0.0992929254457157,0.3728449715824852,0.0026979332862592,0.5968631797265546,0.0032712552850533,0.5201736605565761,0.0059471455927803
T04_C3_G500,T04,3,500,500,25.371450424194336,0.0030546087822757,0.0023076372644276,0.105198646088349,0.1929014412680522,0.0,0.5345362304339004,0.0016534344932509,0.5038401994648676,0.0034952302760722
T04_C3_G5000,T04,3,5000,5000,250.87380981445312,0.0375855360921571,0.0212662181320697,0.0948611421029451,0.2178771048063659,0.0,0.5294379244679708,0.0010251482395139,0.5160237349880429,0.0062226648158372
T04_C3_Gall,T04,3,all,25691,1099.9156494140625,0.0146886593224907,0.0082197545178837,0.0903188097843909,0.3179309445111278,0.0050569801512315,0.576627239192426,0.0023784814075158,0.5178619677301294,0.0057502751214905
T04_C5_G1000,T04,5,1000,1000,140.26025390625,0.0127992483487576,0.0064831987177099,0.0668236529719828,0.1100943533765774,0.0,0.5016972082584291,0.0002008944778271,0.5123778663789554,0.0067522899343504
T04_C5_G10000,T04,5,10000,10000,690.2650146484375,0.0386003209107491,0.0225846163006827,0.0867453965368051,0.3097348550250479,0.0041349717733095,0.5700250657686031,0.0019024359100009,0.5209843907560389,0.0059866383636287
T04_C5_G15000,T04,5,15000,15000,1040.02685546875,0.057257401742759,0.0140864220496504,0.0894108552345151,0.3436477341324014,0.0072748836104668,0.5863407562134996,0.0025963956969279,0.5217621386980507,0.0059699383822573
T04_C5_G20000,T04,5,20000,20000,1424.5205078125,0.0612866250544052,0.037639073856632,0.1284816675077845,0.4512225319337868,0.0151906458387453,0.632998943990633,0.0057169565595866,0.5201235192795877,0.0059140558064436
T04_C5_G500,T04,5,500,500,42.19242858886719,0.0062567427279898,-0.0001461786556897,0.0805167514299211,0.1507498940799177,0.0,0.5192223685792405,0.0015852439860435,0.5106441250307341,0.0035531653801063
T04_C5_G5000,T04,5,5000,5000,418.4794921875,0.0346998374919395,0.0218510464192191,0.0842785649805822,0.2201700053548621,0.0102874944448621,0.5332359457031575,0.0010668122374363,0.5203938229817126,0.0062481415950309
T04_C5_Gall,T04,5,all,25691,1833.1923828125,0.0651113543465985,0.0861588406812511,0.120420549705905,0.3907610660778677,0.0211080457252451,0.6078916299844459,0.0037318452656781,0.518537125018973,0.0057248031123731
T04_C10_G1000,T04,10,1000,1000,280.57965087890625,0.0280299281986474,0.0212762601733274,0.0556863031859031,0.1443410284234887,0.0,0.5123412962982119,0.0002002076241816,0.5150507389011074,0.0067908987442126
T04_C10_G10000,T04,10,10000,10000,1380.2034912109375,0.052934635349284,0.0428137717990007,0.0894946779645313,0.3133887933176826,0.0057976143519148,0.5757209723190004,0.0022810275541144,0.515289164102729,0.0059358174928355
T04_C10_G15000,T04,10,15000,15000,2079.637939453125,0.0501524220314077,0.0222615123917327,0.1163039818327968,0.363782922149623,0.036177694451747,0.598269053144671,0.0034992693542971,0.5238800739070653,0.0059519432398187
T04_C10_G20000,T04,10,20000,20000,2848.444091796875,0.112896853064278,0.0957796670324828,0.184991652835215,0.4974991215604748,0.0740115166168306,0.6579444345157967,0.0086067036674503,0.5305041480125919,0.006162449696564
T04_C10_G500,T04,10,500,500,84.68217468261719,0.0115768582565303,0.0057499085400364,0.0759072426182546,0.152746124028319,0.0,0.5215459848560267,0.0015943720062958,0.5112375292368188,0.0035816483053354
T04_C10_Gall,T04,10,all,25691,3666.3857421875,0.0811072945400152,0.0660633706477705,0.2459115218058809,0.450767917578409,0.1675927783223355,0.6362854249889854,0.0060262870944957,0.5547311142035364,0.0077706845885402
T04_C20_G1000,T04,20,1000,1000,561.7862548828125,0.0389558275663598,0.0339130421559462,0.0324531789005825,0.1310854702281983,0.0,0.5145110924009814,0.0002010630672063,0.5147078679829832,0.006826671399979
T04_C20_G10000,T04,20,10000,10000,2761.06396484375,0.0419394278733619,0.0372675934197648,0.1510503795871914,0.3565759737993965,0.0854728741979901,0.6002603233875309,0.003834376393073,0.5312867433214878,0.0060796269358794
T04_C20_G15000,T04,20,15000,15000,4159.31640625,0.0990732884979009,0.0558931919919244,0.3078018716360571,0.4441775964737869,0.2687373403959419,0.6381798636349716,0.0080363642285185,0.5887500235220399,0.0108391324347342
T04_C20_G20000,T04,20,20000,20000,5696.3232421875,0.335916937991539,0.3369351683245946,0.3305692494767202,0.5642036233453198,0.2564778504890364,0.6961850026450023,0.0178777850507181,0.5824607936675887,0.0110242840019019
T04_C20_G500,T04,20,500,500,169.6821746826172,0.0164918652321481,0.0055524247405666,0.1915126576880759,0.1155152071650993,0.0576916258523394,0.4213202749984224,0.0013522999744733,0.526421809524674,0.0038097791573513
T04_C20_G5000,T04,20,5000,5000,1674.0772705078125,0.063418748135301,0.0539332272452969,0.0785103886406227,0.2622494573125739,0.0135169261665932,0.5624964488714903,0.0017479202891309,0.5104468765968058,0.0061528764572922
T04_C20_Gall,T04,20,all,25691,7332.771484375,0.3286430089855643,0.253700244494107,0.4215735481239379,0.4906639920931823,0.3894107054255188,0.6601328983928381,0.0104609677542324,0.6275413558017578,0.020314615760691
T04_C50_G1000,T04,50,1000,1000,1405.0228271484375,0.0410834900451475,0.0082890831619761,0.1990393498407022,0.1578059531365744,0.1877285900868992,0.5326205407247624,0.0002102986316276,0.5603990278047778,0.0079231296964318
T04_C50_G10000,T04,50,10000,10000,6904.5732421875,0.1931954984186655,0.167513206748606,0.3740131176812258,0.3159693362560609,0.3777275072819226,0.5899903987999885,0.0037722924749016,0.6225326092051932,0.0156337325095482
T04_C50_G15000,T04,50,15000,15000,10400.2265625,0.3393877233211523,0.3054250645030408,0.5463725939573961,0.4128284559188902,0.5693339001385812,0.6314562309753576,0.009824976597511,0.7089308516162282,0.0525782260549593
T04_C50_G20000,T04,50,20000,20000,14239.748046875,0.5720161641152514,0.4756703492892474,0.5482828902628095,0.550135897934386,0.5423084793221905,0.6935400519428291,0.0183128188535711,0.6937030648711109,0.0422601488130392
T04_C50_G500,T04,50,500,500,425.2594604492188,0.0108936911730087,0.0071556980081084,0.1155360903768549,0.0788784777430254,0.063254041941743,0.4730878496384617,0.0015238132901173,0.5272455578038413,0.0036414555337453
T04_C50_G5000,T04,50,5000,5000,4186.2177734375,0.0303551373578413,0.0345641300762683,0.0837313354999928,0.249824875334604,0.0333222730291892,0.5649039506843087,0.0018554745838317,0.5107512339108674,0.0061224578890876
T04_C50_Gall,T04,50,all,25691,18331.927734375,0.5834165377935774,0.4869072709371065,0.5964553970739959,0.4676698886301984,0.6135841545657996,0.6541723979335592,0.0109773704401038,0.7287521452612187,0.0652715576441771
T04_C70_G1000,T04,70,1000,1000,1967.39111328125,0.0394323974510552,0.0177199927590676,0.4064308856612948,0.1510050647862892,0.4068113631438475,0.5361516632725077,0.0002221006660404,0.6350689630648468,0.0154362189964047
T04_C70_G10000,T04,70,10000,10000,9666.978515625,0.2441138937384209,0.1991101665044561,0.4760743820809334,0.3278145997936169,0.4982092886875747,0.5969069913489613,0.0042608538420682,0.672411160516644,0.0282815587607489
T04_C70_G15000,T04,70,15000,15000,14559.8046875,0.4008701758896639,0.319282783508695,0.6073788956022773,0.412694721609226,0.640794449078456,0.632672201511928,0.0095461301533438,0.7464936297411434,0.086242152423518
T04_C70_G20000,T04,70,20000,20000,19933.68359375,0.6900224163915704,0.7602613828013094,0.6142238778403508,0.5157984365916143,0.6296053760644891,0.6777934478044436,0.0151155299290764,0.7386684171574582,0.0698100922417677
T04_C70_G500,T04,70,500,500,595.794189453125,0.0068576784993651,0.0074510261219344,0.1219693680952392,0.0718541893840334,0.0930720038653306,0.4804331464510384,0.001607212483768,0.5352071302583432,0.0036939649705537
T04_C70_G5000,T04,70,5000,5000,5860.83349609375,0.0261478255460954,0.0331976279593533,0.1010773906399725,0.251364809754132,0.0621050662884122,0.5673767404122614,0.0020457753915642,0.5177084715168572,0.0061449594197691
T04_C70_Gall,T04,70,all,25691,25664.69921875,0.7141255963557559,0.7675190231543287,0.6375469746953464,0.4602724605726179,0.6650753306656886,0.6519350855016754,0.0097672107232388,0.7584125635040789,0.0911616828262329
T04_C100_G1000,T04,100,1000,1000,2761.90625,0.0545830904749351,0.0510723960130599,0.3050855245005974,0.0749781063936733,0.3057891777747644,0.4896578216174918,0.0001973432316253,0.5947285012601319,0.010597717519409
T04_C100_G10000,T04,100,10000,10000,13823.833984375,0.3243286496907462,0.2565211221597205,0.5635359043346264,0.2965352282277817,0.6031469939548239,0.5851089686407512,0.00395177417144,0.7232676733401233,0.0527057712727681
T04_C100_G15000,T04,100,15000,15000,20817.671875,0.4980575684017317,0.433453456319192,0.6422051937146521,0.3995973018360992,0.6822656395214663,0.6282029411663446,0.0081538501808005,0.76990543440225,0.1085049231270288
T04_C100_G20000,T04,100,20000,20000,28471.861328125,0.6045065695146086,0.503226787069451,0.6558584274224842,0.4904458010772685,0.6836440393483512,0.6662322379496892,0.0140712846283958,0.7694249166812684,0.0925701280972755
T04_C100_G500,T04,100,500,500,846.2288818359375,0.0262539415715679,0.0129525432322438,0.1158895042113383,0.075230232953088,0.1023050297518566,0.4957117337030316,0.0020400081196366,0.5345417052021749,0.0037567806063227
T04_C100_G5000,T04,100,5000,5000,8331.9423828125,0.0381290590465689,0.0214698968461353,0.1839868273505784,0.2167969719501145,0.1656264641807944,0.5574354964727383,0.0020847059069447,0.5437797263720381,0.0068165362507084
T04_C100_Gall,T04,100,all,25691,36663.85546875,0.6481673996173035,0.5277787895480961,0.6850345432414314,0.4348258225348872,0.7244535525245545,0.641104572293818,0.009402101605687,0.7945628444221334,0.1289520958087966
T05_C1_G1000,T05,1,1000,1000,28.566246032714844,0.0029589479545774,-6.491993262573964e-05,0.1551013468858918,0.1856907572291699,0.0185700678566195,0.5352998509467879,0.0257715752211643,0.5022002923743888,0.011968442449958
T05_C1_G10000,T05,1,10000,10000,146.7996826171875,0.472049931267355,0.4741849751033059,0.4281850847664095,0.5997934577023321,0.0,0.7002720351955651,0.1565222897245919,0.5308324525161899,0.0148765985726119
T05_C1_G15000,T05,1,15000,15000,220.59622192382807,0.5105923071312961,0.5482256405913394,0.4623294031622003,0.6593688690046036,0.0,0.7379151929066367,0.2359474393944053,0.5316363594585509,0.0157582097273266
T05_C1_G20000,T05,1,20000,20000,300.2334289550781,0.5355795804068142,0.4862689658155751,0.4873824862534783,0.6855103039354215,0.0,0.7563748809729298,0.286479246477518,0.5275161310023884,0.0151981354681262
T05_C1_G500,T05,1,500,500,8.536277770996094,0.0026370511165055,-0.0008874073442171,0.0550491774240298,0.0824675445591572,0.0,0.5111585175414124,0.0226229591294374,0.5089483640778886,0.0140744648722958
T05_C1_G5000,T05,1,5000,5000,87.69164276123047,0.2176551885443126,0.2204364574862641,0.3386031754333837,0.4677816501422336,0.0,0.6300970643637146,0.0669318775978587,0.5267300099665332,0.0134445043731841
T05_C1_Gall,T05,1,all,25691,388.3730163574219,0.4776823531947342,0.3423688322606131,0.5123944235237565,0.72099071855829,0.0,0.7807378444371152,0.3738904078146666,0.5255777040424265,0.0154515829579421
T05_C2_G1000,T05,2,1000,1000,57.0583610534668,0.010478814440924,0.0060904820881665,0.1958550805507721,0.2418557053652902,0.016447350024848,0.5505055105953967,0.0284819531190733,0.5029329110056957,0.0120380795473937
T05_C2_G10000,T05,2,10000,10000,293.3998413085937,0.6672446667852815,0.7017742262389471,0.4993112438838801,0.674913938055178,0.0763218441376158,0.7491859219166034,0.2524733368383641,0.5503414516741671,0.0207994196297842
T05_C2_G15000,T05,2,15000,15000,440.9676513671875,0.7299540765235903,0.7268094568703742,0.5270021500162321,0.7320002995251862,0.044297540616564,0.7880790762961353,0.3754604453055745,0.5390291397710913,0.0180605994532203
T05_C2_G20000,T05,2,20000,20000,600.0228881835938,0.7678869700263963,0.749957871904869,0.5672201605820534,0.7798633790694331,0.0223358340337253,0.8222554491234237,0.47091436707279,0.5307355734316106,0.0154058114556613
T05_C2_G500,T05,2,500,500,16.98659324645996,0.0040360963039486,-0.0013751118725437,0.0877810952602487,0.1310534263596067,0.0,0.5214066759407356,0.0236032014041889,0.5121684092161604,0.0142275430474546
T05_C2_G5000,T05,2,5000,5000,174.78469848632812,0.4501748395764927,0.4509315493356771,0.396600133027587,0.5492242123401613,0.0046755338102596,0.6744464302210992,0.1123283200250113,0.5297299139067937,0.0134940172073566
T05_C2_Gall,T05,2,all,25691,776.746826171875,0.7603061237336954,0.7148712496454072,0.5943970217965467,0.8188009327619657,0.0073977093751733,0.8515437702742901,0.5635758589472585,0.5256021429852815,0.015383458028643
T05_C3_G1000,T05,3,1000,1000,85.31309509277344,0.0369002467017426,0.0265674793874708,0.2166722889606843,0.2773473219352083,0.0134150149781201,0.5608676172883534,0.0319697590331569,0.5079041331881733,0.0120792979528618
T05_C3_G10000,T05,3,10000,10000,439.849365234375,0.7675628469616447,0.8072107015623666,0.5508952000310839,0.7295474616077823,0.1180111408504028,0.7865392777194509,0.3493247974386743,0.5595226727517555,0.0331714401154365
T05_C3_G15000,T05,3,15000,15000,661.0426025390625,0.7975853233629391,0.8081236030415372,0.5838438925585276,0.7871340337764294,0.1019173492109258,0.827932608829006,0.4864167862612005,0.5526770766456488,0.0315141379155714
T05_C3_G20000,T05,3,20000,20000,899.7152709960938,0.8258624033293755,0.822323176408735,0.6289558463022275,0.8306265256940648,0.1168429976765129,0.8610416097896093,0.5841757250756029,0.5538619081200797,0.0263995178151175
T05_C3_G500,T05,3,500,500,25.618295669555664,0.005862794608663,0.0004164047754293,0.1284125352954188,0.1533227100397776,0.0,0.5135641581370435,0.0234985462531055,0.5141209351982005,0.0142868291207964
T05_C3_G5000,T05,3,5000,5000,261.9471740722656,0.5338945775404271,0.5363629081129699,0.4384992931563207,0.6056574178487257,0.0037424989199835,0.7071889012085213,0.1573860205880503,0.5296371619175245,0.0135071149789826
T05_C3_Gall,T05,3,all,25691,1165.12060546875,0.8351620148946535,0.8191240347371893,0.6455227256921775,0.8610010586810707,0.0837816711363805,0.8850339553493721,0.6645546968381305,0.5436187376492058,0.0206618356263624
T05_C5_G1000,T05,5,1000,1000,142.2231903076172,0.0803856176958407,0.0360501264843514,0.2349714749500256,0.3073641165595327,0.0206380331232682,0.5710759254368699,0.0368769057005213,0.5157489368459236,0.012102133081724
T05_C5_G10000,T05,5,10000,10000,733.2373657226562,0.8587503298371937,0.884914964151256,0.5982582893242502,0.7794315112195802,0.1526947271720151,0.8225852246630747,0.4474546122076561,0.5666334807071295,0.0451219595130486
T05_C5_G15000,T05,5,15000,15000,1101.62060546875,0.9000685286941327,0.9189323561427848,0.6465043976253387,0.8369795567170333,0.2003941759633443,0.8662935206041009,0.5938722139758796,0.578581995437883,0.0613840458103221
T05_C5_G20000,T05,5,20000,20000,1499.4188232421875,0.9336873557347856,0.9421470758549524,0.6919994455193795,0.8779832258307064,0.2305330192781648,0.8992829809229763,0.6942881304914148,0.5855462950117925,0.0609738696527879
T05_C5_G500,T05,5,500,500,42.89590072631836,0.0176404216324366,0.0135680677355842,0.1343314178233769,0.1722661496358498,0.0,0.5199590397343016,0.024388369928611,0.516967260363355,0.0143937843673124
T05_C5_G5000,T05,5,5000,5000,436.5425720214844,0.7233253856367087,0.7576578464688596,0.4968637795588582,0.6803461329599028,0.0014299390445313,0.7535941292705554,0.2391894659518064,0.5273351284999448,0.0134657975647151
T05_C5_Gall,T05,5,all,25691,1941.8682861328125,0.9343461506252448,0.9477693295767592,0.7103865623914154,0.9071298306164745,0.2113992019198408,0.9235329332862952,0.7708904794452587,0.5779025487551339,0.0526892443708688
T05_C10_G1000,T05,10,1000,1000,284.6569519042969,0.187777479246444,0.150211243154835,0.311392962241749,0.3712761060682485,0.1487283462665012,0.5986605270820377,0.0551653333896787,0.5553725186610474,0.0152556274143618
T05_C10_G10000,T05,10,10000,10000,1464.59228515625,0.942475029166716,0.9631699289882132,0.6731187929068725,0.8518056408556448,0.2263040590553939,0.8788583468148238,0.6121947932123519,0.5847681405034661,0.0723726693343589
T05_C10_G15000,T05,10,15000,15000,2201.75244140625,0.9495629679404765,0.9650828236712796,0.7219083696066962,0.8954513982506882,0.3234826668900269,0.9143641229870938,0.7391834325418518,0.6147769763760612,0.1245963300691909
T05_C10_G20000,T05,10,20000,20000,2997.275146484375,0.974644501326441,0.9842415656966164,0.7637730678873885,0.92685614086833,0.374955856036233,0.9406898859536108,0.8221840603209997,0.6310428107950444,0.1508650422807203
T05_C10_G500,T05,10,500,500,85.91088104248047,0.0396623563168017,0.0093354558687212,0.1576676692993228,0.2207555470351158,0.0,0.5424630566475769,0.0292101808662008,0.5151715848244326,0.0144394800771737
T05_C10_G5000,T05,10,5000,5000,871.839111328125,0.8363064606114422,0.8609734006186166,0.5764403736842704,0.7742112835452382,0.0139323430097165,0.8192635780423062,0.4028640800891724,0.5271244930575195,0.0133705666286239
T05_C10_Gall,T05,10,all,25691,3883.736572265625,0.974644501326441,0.9842415656966164,0.7736009637216846,0.9438293167229564,0.363869992351489,0.9549045761553564,0.867232692468794,0.6252919596119402,0.1440586152404966
T05_C20_G1000,T05,20,1000,1000,569.1868896484375,0.3296123874171584,0.3481201442875487,0.3921580431131208,0.4536409238812596,0.2361075162643508,0.639669751427914,0.0995882708547552,0.5791734863844722,0.0278604452707151
T05_C20_G10000,T05,20,10000,10000,2928.3154296875,0.978975202907051,0.9907353292764758,0.7572070440488474,0.9051644776860704,0.4106665031113319,0.9234950086030956,0.7635801355584891,0.6447903206692882,0.1697474114145628
T05_C20_G15000,T05,20,15000,15000,4403.8759765625,0.9876646398374078,0.9948822445510658,0.7843011774482919,0.9341621864977182,0.4557912938245467,0.947387313470104,0.8445956728795726,0.6608241338525171,0.225134838319109
T05_C20_G20000,T05,20,20000,20000,5995.2626953125,0.9961773376467346,0.9990074402064696,0.8182451638466518,0.9555472245307592,0.5089054324027876,0.965396576096227,0.8966865201623168,0.6819924046229225,0.2813353945788275
T05_C20_G500,T05,20,500,500,171.74606323242188,0.0622659320233291,0.0396197969783003,0.1945582192891677,0.27875092426881,0.0,0.568030821122091,0.0408233573792735,0.5120694520970251,0.0144749837766289
T05_C20_G5000,T05,20,5000,5000,1743.2996826171875,0.944865402197009,0.9649281585408436,0.6677992153073268,0.8391723284218287,0.2047394712372294,0.8705903615369769,0.5754311771480751,0.5745608809046847,0.0246657197425148
T05_C20_Gall,T05,20,all,25691,7767.47412109375,0.9961773376467346,0.9990074402064696,0.8261106529096209,0.9656906185995324,0.5138285756794053,0.9736681663029878,0.9211313718345798,0.6831881907257612,0.2864114435636033
T05_C50_G1000,T05,50,1000,1000,1422.3619384765625,0.6042655862335004,0.6548924571350949,0.4542717431550016,0.5240449093288275,0.2856950028317307,0.6804787044912727,0.1720148419500031,0.5915174089292933,0.0360679020678268
T05_C50_G10000,T05,50,10000,10000,7321.47412109375,0.992199861826472,0.9975556398463404,0.8016220816461905,0.9243377151247628,0.5315468903585227,0.940131436852112,0.8281123366179003,0.6928661242829863,0.2753587217894271
T05_C50_G15000,T05,50,15000,15000,11009.4697265625,0.992199861826472,0.9975556398463404,0.832649361713933,0.9465074424606276,0.6045836980879596,0.9577923702230496,0.8819901446287501,0.7265860659385699,0.3563924589774254
T05_C50_G20000,T05,50,20000,20000,14990.8642578125,0.9961773376467346,0.9990074402064696,0.8583461681709232,0.9638043447190944,0.6398138481131846,0.97232332643452,0.9199014404622864,0.7439787094881558,0.42185829752211
T05_C50_G500,T05,50,500,500,429.4566345214844,0.1116908676581832,0.071587262632541,0.2226168392483616,0.3257074787233855,0.0,0.5930411263715456,0.0607300245777127,0.5068284101714168,0.0144028333510299
T05_C50_G5000,T05,50,5000,5000,4358.33935546875,0.9578252964047764,0.9767879491198544,0.7262324327024225,0.8611263081422919,0.393987510913969,0.8899197807398802,0.6681964715986575,0.6352890745124966,0.0862008148120016
T05_C50_Gall,T05,50,all,25691,19418.68359375,0.9961773376467346,0.9990074402064696,0.8706952537732574,0.9746292236641813,0.658644271559079,0.981524005060958,0.9426139562588652,0.7533324252903852,0.4393173259491055
T05_C70_G1000,T05,70,1000,1000,1991.0899658203125,0.6732534722981446,0.7301517811588313,0.4740199683271468,0.5370324538049054,0.3243357613156685,0.6893918071268291,0.1980864923100856,0.6034738902664181,0.0438582742225789
T05_C70_G10000,T05,70,10000,10000,10249.7802734375,0.9878856439234618,0.9956196476865794,0.8125684972798323,0.9284719671952152,0.5614626160083745,0.9438973354571476,0.8392709442833366,0.7060518086407416,0.3063709700907107
T05_C70_G15000,T05,70,15000,15000,15412.6025390625,0.9876646398374078,0.9948822445510658,0.8543209342484531,0.9494413038877634,0.6720471357548463,0.9607628516667218,0.8898756826849662,0.7621367133772146,0.4154105633579198
T05_C70_G20000,T05,70,20000,20000,20986.447265625,0.9846760631376522,0.9910093252055932,0.8772568846107583,0.9651344143450762,0.7029451875004876,0.9738639757069008,0.923681769399386,0.7790913502565964,0.4779952524367519
T05_C70_G500,T05,70,500,500,601.873046875,0.1178583378997857,0.087012559511427,0.2519212802370688,0.3523054304080188,0.04595713990185,0.6044778098411191,0.0736607773974824,0.5199850790799974,0.0142295853722413
T05_C70_G5000,T05,70,5000,5000,6102.4580078125,0.9668476438867468,0.9830367486949956,0.7407685146786214,0.8656216535095095,0.4412807080962023,0.8942170214023903,0.6887283025241343,0.6526442418297722,0.1135513845673083
T05_C70_Gall,T05,70,all,25691,27186.158203125,0.991644879377756,0.9963361308116964,0.8894187509479066,0.9749760837135276,0.7227050884260087,0.9822112792072104,0.9440385591064748,0.7900964171880394,0.5038093296537571
T05_C100_G1000,T05,100,1000,1000,2796.966552734375,0.6870272531364894,0.7330180189701109,0.4661025484149405,0.5196334208758461,0.3388872899589111,0.6824676085576834,0.2041316474151545,0.6077454127936524,0.0397431158183922
T05_C100_G10000,T05,100,10000,10000,14655.3408203125,0.9878856439234618,0.9956196476865794,0.8141749522732147,0.9056105477039956,0.6290254557907,0.9248005092469288,0.7949227809231402,0.7393371089226705,0.3423248897340564
T05_C100_G15000,T05,100,15000,15000,22035.896484375,0.9844537139513736,0.993688790647014,0.8651703574457512,0.9327148541808652,0.744381807779216,0.946421359859453,0.8571494738659494,0.805030532245081,0.4782061377573068
T05_C100_G20000,T05,100,20000,20000,29981.646484375,0.9878856439234618,0.9956196476865794,0.8910756145130524,0.9528049826980328,0.7765580691736815,0.963014654202606,0.8977724224200957,0.8250044355584305,0.5527105642726886
T05_C100_G500,T05,100,500,500,855.4964599609375,0.121215373329204,0.0804500170491057,0.2557669148637816,0.3644038589757615,0.0303445533668648,0.6138946066527374,0.0878305762520411,0.5112680024811793,0.0142301938792026
T05_C100_G5000,T05,100,5000,5000,8678.408203125,0.9514215738282056,0.9729700811700858,0.7268269844417338,0.8330922326366448,0.4846738467833827,0.8695978853542146,0.6426808514442541,0.6692801820671924,0.125635339608325
T05_C100_Gall,T05,100,all,25691,38837.35546875,0.9878856439234618,0.9956196476865794,0.9084366222186022,0.9647074381545552,0.8065125780661895,0.9730442878395142,0.9231567470144652,0.8444934179266527,0.5907469048600189
T06_C1_G1000,T06,1,1000,1000,28.179811477661133,0.0058428969067064,0.0062523521011591,0.1030190030320302,0.3414859630204891,0.0,0.591740984004558,0.0087332219323404,0.5051186424058678,0.0049887276104908
T06_C1_G10000,T06,1,10000,10000,138.5315399169922,0.0282595883784109,0.0157224749131641,0.2056933562551188,0.3808468408687196,0.0,0.5868741053707043,0.0098774569261043,0.5148798368904627,0.0092670339793292
T06_C1_G15000,T06,1,15000,15000,208.8824920654297,0.0325341894643764,0.0118240989591602,0.2052011454185154,0.423042547821249,0.0,0.6081233758824571,0.0148216653500543,0.5227698556480351,0.0096373525081814
T06_C1_G20000,T06,1,20000,20000,286.0528259277344,0.0601462770883229,0.0289245976451634,0.2224424811080287,0.4843738572910478,0.0021790205720007,0.641077978230254,0.0215358827653158,0.5233467454090928,0.0092978884138749
T06_C1_G500,T06,1,500,500,8.391167640686035,0.0051350488315157,0.0028612281617713,0.0164905862950592,0.0875429481793769,0.0,0.5118745783335182,0.0017573241279229,0.5110779067126111,0.0087105613902009
T06_C1_G5000,T06,1,5000,5000,84.10015869140625,0.0140590138982067,-0.0009554101642166,0.1164261314657445,0.2813631117542171,0.0,0.5486355185430393,0.0047477369208254,0.5261662456809321,0.0087866212999403
T06_C1_Gall,T06,1,all,25691,368.13958740234375,0.1035522010397487,0.0505940744812789,0.225755833961335,0.5068625692378945,0.0026650938116896,0.6542296542236417,0.0315253031072792,0.5211861712823852,0.0093362450566693
T06_C2_G1000,T06,2,1000,1000,56.240535736083984,0.0092247086521849,-0.0027687064897088,0.1353521970850153,0.4325622853004863,0.0,0.6174120782802646,0.0139352244840902,0.5086033812715626,0.005043820438349
T06_C2_G10000,T06,2,10000,10000,276.8099365234375,0.0856958619736949,0.0705178506880334,0.2039365589612932,0.4369773094955853,0.0003541988256707,0.6168265102232194,0.0184307633863094,0.521462456706917,0.0094006918067709
T06_C2_G15000,T06,2,15000,15000,417.69244384765625,0.1255939353125274,0.0695331539365434,0.2205816044395862,0.48859329337922,0.00071001818099,0.6448311022241471,0.0289309924691105,0.5221645189416491,0.0096329734112869
T06_C2_G20000,T06,2,20000,20000,571.8612060546875,0.2301297045621857,0.1422870397242349,0.2617341937414244,0.5718287061213132,0.010589046969013,0.6897646826674954,0.0537448057009173,0.5232306847535252,0.0092772326804969
T06_C2_G500,T06,2,500,500,17.01656150817871,0.0031172181917938,3.3080875510981315e-05,0.0158909145822377,0.0795182389167138,0.0,0.5051157711624902,0.0017430516106516,0.51560991439535,0.0088367850222101
T06_C2_G5000,T06,2,5000,5000,167.78390502929688,0.0518427365717239,0.056635932437502,0.1177292523581268,0.3294234942229811,0.0,0.571197246548399,0.0074850423959926,0.5278842214279255,0.0088406811938281
T06_C2_Gall,T06,2,all,25691,736.2791748046875,0.301026447061984,0.1677868214325675,0.2836328311283534,0.6009882184132056,0.0361982639174702,0.7070854705631814,0.079383185778411,0.5277423933306977,0.0096855108427425
T06_C3_G1000,T06,3,1000,1000,84.49132537841797,0.0442546623372726,0.0261460105080709,0.1511563002315238,0.4793719636501232,0.0129661502167485,0.6413304621823327,0.0286531225119744,0.5171789783344938,0.0050810479493339
T06_C3_G10000,T06,3,10000,10000,415.4337463378906,0.1188143679296237,0.0814774827001661,0.2424334700994194,0.4506257347323044,0.0635563517036132,0.627029853825706,0.0236847118274937,0.5334797684241505,0.010747556721623
T06_C3_G15000,T06,3,15000,15000,626.61669921875,0.3115334583220515,0.1745468958710644,0.2802895665298135,0.5383668460182963,0.069331528610438,0.6721629256562114,0.0450583007552896,0.5360644914820332,0.0110310571521838
T06_C3_G20000,T06,3,20000,20000,857.623046875,0.485730606294272,0.3905267126478108,0.3211200241083491,0.622148757935954,0.0722399796420806,0.7194652983835149,0.0859265343148706,0.534723893269257,0.010422563731169
T06_C3_G500,T06,3,500,500,25.680599212646484,0.0071183101893268,0.0082266528206177,0.0154737899034944,0.0692004300998515,0.0,0.4985108895054551,0.0017389021959486,0.5190874573987234,0.0089024438766761
T06_C3_G5000,T06,3,5000,5000,251.7752380371093,0.0798546033864289,0.0723780570043383,0.1191189465263222,0.34298517450902,0.001309347451892,0.5787272117691449,0.0106839972758612,0.5275211638697257,0.0088174020827057
T06_C3_Gall,T06,3,all,25691,1104.4188232421875,0.364120276616474,0.217172185221573,0.3374398085229342,0.6526260535962495,0.0850222590746455,0.7384807674985335,0.1189243868837483,0.5365766211110559,0.0115259765343151
T06_C5_G1000,T06,5,1000,1000,140.7003173828125,0.0491573945545457,0.0224676458089049,0.154645339366151,0.4913275014303546,0.0259100396557786,0.6484463537963284,0.0434320444466516,0.5255603252741161,0.0051374883431063
T06_C5_G10000,T06,5,10000,10000,692.5780639648438,0.2962201672085552,0.3012473522456414,0.3194865761606991,0.4992968822177106,0.1756165440065149,0.6527861254753214,0.0390169197945889,0.5644826891109443,0.0271727551401079
T06_C5_G15000,T06,5,15000,15000,1044.603271484375,0.5353600296669289,0.4883282456058943,0.3724948010942779,0.5979817586199221,0.2013085702399072,0.7062893837894334,0.0770326229704028,0.5742635448023251,0.0294588381686349
T06_C5_G20000,T06,5,20000,20000,1429.4100341796875,0.6732230751178544,0.6438408696007062,0.4426244189740783,0.6943695277221005,0.2460519370733947,0.765592518862343,0.1514793533198233,0.5851139762043832,0.0306131078377614
T06_C5_G500,T06,5,500,500,42.51734924316406,0.0067685932982807,0.0062609717380226,0.021768330550602,0.0894380591190019,0.0,0.5001908797542427,0.0017393124315925,0.5225381217109951,0.0089687883430103
T06_C5_G5000,T06,5,5000,5000,419.4637145996094,0.1153189518963152,0.0692472313566619,0.1332232807664842,0.3426795660879005,0.0306231680767691,0.5806797936430778,0.0147709408543017,0.5334986472919965,0.0089675189072258
T06_C5_Gall,T06,5,all,25691,1840.697998046875,0.6914113442770511,0.6137634862983201,0.4627526555373628,0.7223906175815092,0.2672861618907045,0.7848332716906908,0.1990334220179198,0.5904830360383662,0.0336361610356694
T06_C10_G10000,T06,10,10000,10000,1384.160888671875,0.608246400309359,0.6296463349291839,0.4443970422573233,0.6044694955979846,0.316158335790015,0.7118051734355736,0.0856028121927793,0.6041165276648929,0.0606019234169021
T06_C10_G15000,T06,10,15000,15000,2089.159423828125,0.7711710113270603,0.8121805888262347,0.5128440559563313,0.716709313155207,0.3576281615451838,0.7816299750497812,0.1660777083978854,0.622269619360219,0.0701366515320085
T06_C10_G20000,T06,10,20000,20000,2858.631591796875,0.8674855390678207,0.900239699007214,0.5948699192248196,0.7959081949026712,0.4417915611970027,0.8386223669722416,0.2923390554175703,0.6531391858502718,0.092488563646487
T06_C10_G500,T06,10,500,500,84.87460327148438,0.0123697660574097,0.0094459780108733,0.0356667357343357,0.154090692116116,0.0,0.5183130964422915,0.001767057568804,0.5228264274548461,0.0090038428399743
T06_C10_G5000,T06,10,5000,5000,838.3950805664062,0.1609193413092921,0.088207969420728,0.1384353402074143,0.3596672034242478,0.0405460389307455,0.5935256136628239,0.0307395509401215,0.5321453797622386,0.0095217158352232
T06_C10_Gall,T06,10,all,25691,3681.396728515625,0.8975942918606841,0.922200468383013,0.6335565812603853,0.8241721789564089,0.4946968046670242,0.8606462280289418,0.3609164232865295,0.6745458309111032,0.1204651803568601
T06_C20_G1000,T06,20,1000,1000,563.369873046875,0.1936096963706583,0.1628481827171477,0.3477018569069661,0.6097893969930036,0.2641604536267937,0.7179297316812192,0.1206203542451173,0.5947677150035294,0.0133513363503505
T06_C20_G10000,T06,20,10000,10000,2768.328125,0.8167118435910649,0.8324975924514303,0.5482197679911657,0.6956697014410018,0.4362418705744896,0.7704720524026639,0.1519126118605852,0.6464170081077343,0.0877631817136945
T06_C20_G20000,T06,20,20000,20000,5718.08203125,0.9177646566027868,0.94016210622026,0.7178635311832923,0.8501525890544644,0.625406522167604,0.8830545600903286,0.4040308357144148,0.7389006667241298,0.2168044905122628
T06_C20_G500,T06,20,500,500,169.89511108398438,0.0171182547119543,0.0170811640320657,0.066491063795553,0.0786760068435435,0.0,0.433664618955092,0.001564573556962,0.5175253838989179,0.0089963975591788
T06_C20_G5000,T06,20,5000,5000,1675.853271484375,0.2318442152937842,0.121390715090453,0.1643209767771926,0.3939190439665999,0.0696548072265194,0.614183386300513,0.0488858266329601,0.5340785959960611,0.0101834789085205
T06_C20_Gall,T06,20,all,25691,7362.7939453125,0.9540290793980444,0.9704165150683968,0.7428621696762214,0.8680481586284868,0.6604871302592745,0.8981983696397918,0.4801112640147078,0.7580672823669264,0.2498763332784634
T06_C50_G1000,T06,50,1000,1000,1408.32568359375,0.2412164958091527,0.1494679314592382,0.3657890729510309,0.6640310943452168,0.275276951405806,0.7567475782013788,0.1731677036061497,0.5914929953768507,0.0149267276152839
T06_C50_G10000,T06,50,10000,10000,6918.8896484375,0.9246813246370696,0.9488171188862664,0.6518651528395503,0.744700139094859,0.5880297572448574,0.8072979039290924,0.2507646033015399,0.7155116099754125,0.1599784285510166
T06_C50_G15000,T06,50,15000,15000,10443.4755859375,0.9803776682559566,0.989412720950112,0.7532174525471658,0.8205943264093817,0.7094755823593182,0.8619029116893738,0.3903753513713245,0.786349309783583,0.3015535003671083
T06_C50_G20000,T06,50,20000,20000,14293.337890625,0.976423770109855,0.9865533208132692,0.8252305329338294,0.8668373524317403,0.797393911202099,0.8985696742499991,0.512426247837117,0.8438502715498943,0.4327775106902392
T06_C50_G500,T06,50,500,500,425.6648254394531,0.0172146684310072,0.0192334945502565,0.0352066713838665,0.0783379949354709,0.0,0.4896773365281636,0.0018121223921064,0.5105332401685991,0.0089495356577887
T06_C50_G5000,T06,50,5000,5000,4188.40673828125,0.3668511088070793,0.2025921157443937,0.2395176104339485,0.3990422611162249,0.1783798414954177,0.6235262690001608,0.0787101794198538,0.5576321102118393,0.013933615948955
T06_C50_Gall,T06,50,all,25691,18406.984375,0.9590019823010804,0.9723244496646886,0.8433831742060293,0.8794011202710372,0.8198303560570288,0.9087116472380616,0.5736225844993945,0.8599255893645279,0.5011172828230229
T06_C70_G1000,T06,70,1000,1000,1971.4755859375,0.2610656490853181,0.1633176811491448,0.4300169787029007,0.6681767987454538,0.3614095771171131,0.7604700488458217,0.2022873204698414,0.6205304464998804,0.0210835186638135
T06_C70_G10000,T06,70,10000,10000,9684.5888671875,0.9476718137653232,0.9685054617778664,0.6852097007666242,0.7337435554869591,0.650091716091504,0.8009541701572712,0.2576397856652837,0.7485336551892483,0.2157524356013594
T06_C70_G15000,T06,70,15000,15000,14618.9541015625,0.9593919748952768,0.98081224593768,0.7858064695231799,0.815772507440217,0.7652560338144339,0.8587510839176163,0.3983551853742379,0.8215080592503898,0.3862823443570524
T06_C70_G20000,T06,70,20000,20000,20009.33203125,0.9410674917404086,0.9554007063676736,0.844125512427869,0.8640992108577193,0.8297304752556011,0.896450637251071,0.514853875756745,0.8676280217465498,0.5090812682380613
T06_C70_G500,T06,70,500,500,596.1482543945312,0.0241463270596384,0.0199154448573938,0.0358381997487956,0.0878662650525034,0.0,0.4916177951426222,0.0019774723385651,0.5101771047517139,0.0089441244208021
T06_C70_G5000,T06,70,5000,5000,5863.40869140625,0.3487383092184467,0.1744783953259694,0.3064459820798086,0.3989321995165918,0.2717714743863956,0.6265266342899842,0.0857643090009224,0.5848620769889585,0.0189951804756762
T06_C100_G1000,T06,100,1000,1000,2767.676513671875,0.2554820759657911,0.1767112720331198,0.414175115613568,0.6591201952613316,0.3399737650644257,0.753294529562217,0.2097608068104955,0.6070481367873142,0.0129402640740767
T06_C100_G10000,T06,100,10000,10000,13851.830078125,0.9459427860295744,0.9702797391352956,0.699551539767903,0.6786362016828995,0.7020800237782002,0.7666587691586024,0.2173463195699038,0.7790263077323559,0.2506467298395018
T06_C100_G15000,T06,100,15000,15000,20902.814453125,0.973912827326101,0.987478965273743,0.808787293963699,0.768035371846546,0.8257432687360488,0.8250420942186697,0.3429362963670204,0.8646843393851957,0.4414256929425617
T06_C100_G20000,T06,100,20000,20000,28581.8828125,0.9796400351841464,0.9903474928061384,0.8528491359542844,0.8273015210078863,0.8626395945855416,0.867592208877783,0.4485424616490953,0.8937817587559019,0.5766575266098376
T06_C100_G500,T06,100,500,500,846.36376953125,0.0236678905051188,0.0230295956227362,0.0313032642027244,0.0909176551499288,0.0,0.5031688942399254,0.0022413521148987,0.50515295445911,0.0089054836517902
T06_C100_G5000,T06,100,5000,5000,8338.6923828125,0.349352420664938,0.1988415132942114,0.3666805794068891,0.3674134771905095,0.3622408862220236,0.6147054168516253,0.0779326575129508,0.6148239472798905,0.0249421709282412
T06_C100_Gall,T06,100,all,25691,36813.953125,0.9796400351841464,0.9903474928061384,0.870072335237166,0.8532211074132884,0.87541764085225,0.8872976158041925,0.5058228440096726,0.9037674013950516,0.6256246932400545
T07_C1_G1000,T07,1,1000,1000,28.379337310791016,0.0054738646695475,0.0004251838812943,0.2238839002280621,0.434721306551354,0.0,0.6285014686636969,0.0153432741410353,0.5082552956529263,0.00506952790947
T07_C1_G10000,T07,1,10000,10000,139.2712860107422,0.02704394905732,0.0198444117262561,0.1998481054826317,0.418197327567616,0.0,0.6040386378168954,0.0055977591484087,0.5182666974056979,0.0055809886224615
T07_C1_G15000,T07,1,15000,15000,209.1356506347656,0.0060098954030085,-0.0009973456453377,0.1508998164559546,0.381643827580609,0.0,0.5899817369606307,0.0043018951116719,0.5261494556492046,0.0059076305019322
T07_C1_G20000,T07,1,20000,20000,285.7563171386719,0.0114629397846655,0.0095781364450804,0.1435135536270174,0.3637230742846015,0.0,0.5869195554675197,0.0041965292135811,0.5237812513623737,0.0055977097214928
T07_C1_G500,T07,1,500,500,8.478706359863281,0.0035554557980237,0.0053644364348158,0.0076913145180197,0.0182157587678047,0.0,0.4924037345552429,0.0019007478992481,0.5118045083209782,0.0039371474101774
T07_C1_G5000,T07,1,5000,5000,84.8958969116211,0.0058430454248405,0.0025706002170295,0.1914961695843287,0.4488687733449902,0.0,0.6200782794328129,0.0061354532658801,0.5199023897465764,0.005928264915985
T07_C1_Gall,T07,1,all,25691,368.56939697265625,0.0052993662700175,-0.0021849556764372,0.1593270578017342,0.4236729256665993,0.0,0.6137523390656021,0.0065843785087062,0.522046149849243,0.0058773130264364
T07_C2_G1000,T07,2,1000,1000,56.789432525634766,0.004217849703286,-0.0008288827800921,0.2632783237634239,0.4942197136882815,0.0,0.6520283386403868,0.0199224734175089,0.5100300391289567,0.0050964765966764
T07_C2_G10000,T07,2,10000,10000,278.171142578125,0.0578038816229688,0.0328540196004488,0.1984989172022529,0.4615307725033676,2.823440321419561e-05,0.6289230417840131,0.0079091449643981,0.520567401295666,0.0056155725396021
T07_C2_G15000,T07,2,15000,15000,417.8627624511719,0.0424295278712032,0.0293671105728473,0.146557155586432,0.4059122072562024,0.0003280148344634,0.6070469574698797,0.0053493493979338,0.5229814407081034,0.0058769714817963
T07_C2_G20000,T07,2,20000,20000,571.1600952148438,0.0145312016114217,-0.001648994134463,0.1587908530074559,0.4214209823315345,0.0002022278445555,0.6159115810358995,0.0061502228086152,0.5207141888767504,0.0055683536104689
T07_C2_G500,T07,2,500,500,16.88880157470703,0.002641798524318,-0.001989108723734,0.0112796947418547,0.0274450906698974,0.0,0.4920323441764951,0.0019297370947496,0.5146263072897521,0.0039922418841418
T07_C2_G5000,T07,2,5000,5000,169.57176208496094,0.0395973320836197,0.0287270602417071,0.2105304017500512,0.5112048790970187,0.0,0.6523809915432097,0.0087054740873088,0.5188473872476731,0.0059202840099674
T07_C2_Gall,T07,2,all,25691,737.1395874023438,0.0815807370962395,0.0755189198948048,0.1837299892570507,0.5101224855454398,0.0001069655426297,0.6576376270469924,0.0115577700519259,0.5217021969680475,0.0058819046751455
T07_C3_G1000,T07,3,1000,1000,85.21687316894531,0.0178311506029631,0.0102633820938834,0.2865058266548625,0.5331981548487813,0.0,0.6710374753689584,0.0270521323468835,0.5113475186580069,0.0051230625308918
T07_C3_G10000,T07,3,10000,10000,417.3761901855469,0.0772085452008523,0.0768489518779295,0.2036499433615881,0.4856972948751184,0.011629224347586,0.6434964515592457,0.0094950113062104,0.5241790329569193,0.0056223390400824
T07_C3_G15000,T07,3,15000,15000,626.9637451171875,0.0820736627617235,0.0690800988678927,0.1528582618866068,0.4381947196265733,0.0049973451728119,0.6236058172453874,0.0064800042181428,0.524098489467237,0.0058772599583385
T07_C3_G20000,T07,3,20000,20000,856.9976196289062,0.0546238879231004,0.0511156773310529,0.164641331699913,0.448245308276655,0.0029330321304065,0.6297123093331604,0.0074776576976184,0.5219602603131276,0.0055760020926158
T07_C3_G500,T07,3,500,500,25.33123016357422,0.0041023697114908,-0.0001317499778902,0.0154564864213717,0.032031885944063,0.0,0.4879152804412193,0.0019183776950812,0.5189558731566509,0.0040185885688658
T07_C3_G5000,T07,3,5000,5000,254.1332855224609,0.0533068441296035,0.0385084820892355,0.2039645734334128,0.5257482420643698,0.0,0.6620397685214111,0.0099632041590542,0.5216602933043899,0.0059631633047021
T07_C3_Gall,T07,3,all,25691,1105.708984375,0.0994811843686841,0.0937823043834834,0.1938101243693626,0.5320406711171828,0.0065971474519208,0.669928023817303,0.0132258703152994,0.5225445587750644,0.005866777794832
T07_C5_G1000,T07,5,1000,1000,142.3990478515625,0.0354535609040819,0.0211016549713321,0.3243296423975414,0.5405862537161495,0.0,0.6476583969785643,0.0344088675119602,0.5127921457707645,0.0051390501391375
T07_C5_G10000,T07,5,10000,10000,695.4100952148438,0.1106434367247845,0.0998616229272523,0.2955804393782991,0.488227947210482,0.1755179894279474,0.643163026193756,0.0110378679394861,0.5704282068204285,0.0129050566095991
T07_C5_G15000,T07,5,15000,15000,1045.626953125,0.1263547265128383,0.1078161296059779,0.2310677082340738,0.4532311812609463,0.1220970240713804,0.630595305888611,0.0076842759534223,0.55425152351947,0.0082644839126037
T07_C5_G20000,T07,5,20000,20000,1428.3824462890625,0.1000127744174848,0.0978240459829028,0.2280830765638555,0.4674395345837952,0.098858643600499,0.6397652610599402,0.0088111130595562,0.5459665582070391,0.0066529471883392
T07_C5_G500,T07,5,500,500,42.24132537841797,0.0043559291527084,-0.0004614024429702,0.0231331038448651,0.0502814741487602,0.0,0.4893547731507737,0.0019051672831001,0.522150915092242,0.0040517643297046
T07_C5_G5000,T07,5,5000,5000,423.34228515625,0.080476545024311,0.0661806255127458,0.2057743610070524,0.528358674732545,0.0049282659542112,0.6586543248419484,0.0115605918602201,0.5231533259804136,0.0059530086949884
T07_C5_Gall,T07,5,all,25691,1842.8486328125,0.1695050765582591,0.163617849987259,0.2594731277169974,0.5393870152147867,0.1134258462787423,0.6749234318777997,0.0140541563610839,0.5494257755627477,0.0072851079819146
T07_C10_G1000,T07,10,1000,1000,285.0567932128906,0.0486950715590751,0.0334692605142843,0.3465681303716117,0.5865045419121171,0.0,0.674838485894,0.0505678589199952,0.5136201969817707,0.0051396776466678
T07_C10_G10000,T07,10,10000,10000,1392.0457763671875,0.1482415312291337,0.1315338799634477,0.3495758910095367,0.5300927666281317,0.2439429239149793,0.6693596251360799,0.0158162148498591,0.5881969929292495,0.0224216383239336
T07_C10_G15000,T07,10,15000,15000,2091.989013671875,0.1525435202918767,0.1294522105229651,0.2888599499574874,0.5051054688248161,0.182658419187813,0.658434406208638,0.0112795481009142,0.567343511932567,0.0115928326589066
T07_C10_G20000,T07,10,20000,20000,2857.041748046875,0.1796964522665711,0.1659213020870702,0.2934461751969109,0.520679052953756,0.1701102170584782,0.6686928724152653,0.0132890020648946,0.5616930078597182,0.0086941248566103
T07_C10_G500,T07,10,500,500,84.74842071533203,0.0176250095180661,0.0094675079928602,0.0378513445120011,0.0814260305861712,0.0,0.4988586588318082,0.0019573805043449,0.5199362939728656,0.0040500475820352
T07_C10_G5000,T07,10,5000,5000,847.558349609375,0.0955873129344435,0.0746751093269884,0.1956455816789815,0.5162690434179109,0.0031841505811259,0.6570371727720721,0.0130740236102841,0.5182545091984407,0.0059158883329183
T07_C10_Gall,T07,10,all,25691,3685.697998046875,0.2784415290479568,0.2430608570358349,0.3528369848776975,0.6032503770829831,0.2228574935262079,0.7120466140872144,0.0221472752079778,0.5780533663622645,0.0118198786220036
T07_C20_G1000,T07,20,1000,1000,570.0906982421875,0.0862507416525295,0.05793277099334,0.3545601821529998,0.6244678594581784,0.0173280589438393,0.7127214773307974,0.0893125801092085,0.5171303336286189,0.0051382269811451
T07_C20_G10000,T07,20,10000,10000,2785.029296875,0.2449341065695811,0.2058942141741615,0.4253369680566842,0.5756766792342934,0.3427862779561958,0.6998245417692789,0.02589690415854,0.6173262272817777,0.035036007227017
T07_C20_G15000,T07,20,15000,15000,4185.1728515625,0.2403351658128438,0.2046443729732236,0.3922092202550557,0.531815163002457,0.3290681873174205,0.6781979606888342,0.0160015445964018,0.6115521903520524,0.0249839385618811
T07_C20_G20000,T07,20,20000,20000,5716.01513671875,0.2719004621543443,0.2403535331573354,0.445845957276071,0.6049833776382775,0.3650013659948959,0.7171244114767198,0.0251596873786456,0.6238503221420715,0.0240851296772924
T07_C20_G500,T07,20,500,500,170.1490478515625,0.0173136314067156,0.0031433665535074,0.0653285482744962,0.1387761514547424,0.0,0.5223724577312002,0.0021790184225735,0.510673933169398,0.0040191276572763
T07_C20_G5000,T07,20,5000,5000,1695.7760009765625,0.1353540504761146,0.1040937242227469,0.1952300518488478,0.5144849743390378,0.0226397377032159,0.66447947017366,0.0170571490323307,0.5194526700780635,0.0058825198019379
T07_C20_Gall,T07,20,all,25691,7371.396484375,0.3488677045565687,0.2827977653993243,0.5328972003073114,0.6597732468456937,0.4725350632594486,0.7484974506515438,0.0339138131676914,0.6675753489548077,0.0472744397649929
T07_C50_G1000,T07,50,1000,1000,1423.54736328125,0.0851059805224594,0.0598830191816166,0.460186640947452,0.6672010195866286,0.2418728094345824,0.7491710509321736,0.133726976764138,0.5797611425517754,0.007585730156897
T07_C50_G10000,T07,50,10000,10000,6961.291015625,0.2805039901538746,0.2268281573518813,0.495545320399443,0.6042976464670968,0.4391239681074225,0.7201187136874352,0.0416522525873176,0.6510199672027253,0.0451332443058231
T07_C50_G15000,T07,50,15000,15000,10463.1376953125,0.2856017793714228,0.2341976415998957,0.4923738587599237,0.5654253410811827,0.46106806624724,0.700545176250966,0.0239863059670848,0.6591728092031565,0.0356922964377471
T07_C50_G20000,T07,50,20000,20000,14291.064453125,0.3109443889374612,0.2697033970306049,0.5704728442133665,0.644874883100935,0.5347106095202109,0.7441381246856388,0.0382176917648579,0.6922586928348857,0.0460363778449954
T07_C50_G500,T07,50,500,500,425.9574279785156,0.0043036141067366,-3.172634344179202e-05,0.0913063995087293,0.1957954334598674,0.0,0.54603021211523,0.0040489804433929,0.5042205520875633,0.0039853154465357
T07_C50_G5000,T07,50,5000,5000,4237.2373046875,0.1414410095359346,0.1185485466669207,0.3735756540818878,0.4967880491077932,0.3144956858761497,0.6627047220197728,0.020222713815886,0.6021190713777012,0.0132539998906717
T07_C50_Gall,T07,50,all,25691,18428.490234375,0.7254528317176034,0.7538646326716845,0.6622560364742107,0.7012489045834145,0.644282108610527,0.7780939180412498,0.0495298315944992,0.750002434817824,0.1043343126345126
T07_C70_G1000,T07,70,1000,1000,1993.1151123046875,0.1261931552186402,0.0799476439640556,0.5345682320061322,0.6676527332870463,0.3970553974705303,0.7499559534079371,0.1412663587855041,0.6320549865916707,0.0116870972550225
T07_C70_G10000,T07,70,10000,10000,9746.0556640625,0.2793442434108246,0.2284927326251959,0.4805598397852815,0.5950816342154758,0.4211286933376154,0.7170707823940339,0.0428726737006989,0.6407840299225395,0.0278264003093748
T07_C70_G15000,T07,70,15000,15000,14649.1796875,0.2891354206386307,0.2457660700899527,0.506030351995669,0.5519145325266052,0.485968846261523,0.6949276657585644,0.0227080255432227,0.6684559337658721,0.0337054996889559
T07_C70_G20000,T07,70,20000,20000,20006.029296875,0.5764834536723642,0.6250090834836328,0.5795039059473673,0.6283417304153942,0.5560231958247762,0.7361429193682439,0.0358005076069602,0.7016160211835981,0.0469591664076888
T07_C70_G500,T07,70,500,500,596.1261596679688,0.0086206451974759,0.0073882131993192,0.095680711495236,0.2251846869143167,0.0,0.5577988734300255,0.005117029041799,0.5052409586543005,0.0039995306174388
T07_C70_G5000,T07,70,5000,5000,5933.26318359375,0.1725154770789317,0.141515783966181,0.3911561015317191,0.4792815675784829,0.3482319756978791,0.6571033165910599,0.0234854903539379,0.6117721280819528,0.0146152381963416
T07_C70_Gall,T07,70,all,25691,25799.88671875,0.7404473728944263,0.7583782602073487,0.6792277602120644,0.6880113078254874,0.6737814407741008,0.770993657524088,0.0460715956949276,0.7665205263758383,0.1158321495270858
T07_C100_G1000,T07,100,1000,1000,2797.049560546875,0.130798034492054,0.089134786210055,0.5167139056594702,0.6357645324651593,0.3877583078365538,0.7285520745470289,0.1401344459453575,0.6267061255763123,0.0123419116116613
T07_C100_G10000,T07,100,10000,10000,13935.828125,0.2749723690685791,0.2246058228856951,0.5192278787275079,0.5534502382392716,0.4983456231158084,0.695106622002313,0.037391595033484,0.6731544181494936,0.0438789117086848
T07_C100_G15000,T07,100,15000,15000,20945.16796875,0.3147062857150824,0.2766947013237498,0.5809675511450617,0.5200130046654745,0.5984192401571105,0.6794752560319459,0.0202921329685686,0.7227369907477873,0.0699944993673884
T07_C100_G20000,T07,100,20000,20000,28579.205078125,0.5052981525263666,0.4624704566652038,0.6295971983537157,0.5967359302247311,0.6396850204911866,0.7191440515871007,0.0326889497703853,0.7452590274160992,0.0781548726647888
T07_C100_G500,T07,100,500,500,846.9645385742188,0.0460050533197876,0.0317047746642008,0.0864982052099768,0.2286197870575128,0.0,0.5639512238592929,0.008539553364292,0.5049269156732827,0.0040210430031968
T07_C100_G5000,T07,100,5000,5000,8432.4560546875,0.1642323540153882,0.1307037012307777,0.4850630765982407,0.4584914617794881,0.4857187830493499,0.6479611005234779,0.0234366463129162,0.6664000503722027,0.0332778303016906
T07_C100_Gall,T07,100,all,25691,36856.97265625,0.6939050964491857,0.6711210644017106,0.7213532917811597,0.653776090271377,0.7438827435439006,0.7511771590485316,0.0422548347997776,0.8102372518552324,0.170645515416384
T08_C1_G1000,T08,1,1000,1000,29.794952392578125,0.1083638194526842,0.1311158568682203,0.2425051332397866,0.4592552113379299,0.0,0.6392820075381651,0.0820648345190469,0.5145042038663152,0.0185925008770902
T08_C1_G10000,T08,1,10000,10000,142.10409545898438,0.358681461969754,0.355071441933348,0.3140132936702511,0.6126888694809678,0.0,0.709488741395506,0.1571339649786405,0.5364565285879868,0.0210704957196466
T08_C1_G15000,T08,1,15000,15000,213.94715881347656,0.4845160404608356,0.4835444201583602,0.3478468828010543,0.670885313881419,0.0,0.7470252863078977,0.2378169234228024,0.5353522507332953,0.0217550221252714
T08_C1_G20000,T08,1,20000,20000,291.2460632324219,0.4924046183035597,0.456591961192977,0.3610064561789151,0.698389672387145,0.0,0.7662970355065714,0.2731111753879926,0.5304882261389217,0.0213608344506235
T08_C1_G500,T08,1,500,500,8.8004732131958,0.0280393829570335,0.0170644725457579,0.1075067390939542,0.2253098970087815,0.0,0.552114429884798,0.0215688242121629,0.5125011815748431,0.0195785123498647
T08_C1_G5000,T08,1,5000,5000,86.32413482666016,0.1867636137405166,0.2181016808049035,0.2705531660082961,0.5633851342946813,0.0,0.6820249293013017,0.1231965219136126,0.531355015452826,0.0226811880736625
T08_C1_Gall,T08,1,all,25691,384.4873962402344,0.6602223415569624,0.6800001970934715,0.3656753637361042,0.7301299865904666,0.0004022702966143,0.7883310643195494,0.3158503793333356,0.5280098083292122,0.0216842069236182
T08_C2_G1000,T08,2,1000,1000,59.843849182128906,0.1638899649560202,0.1945032361279214,0.2824500789764845,0.5122723637508194,0.0,0.6579987403506218,0.1284751614958775,0.5184334260198344,0.0187635571008743
T08_C2_G10000,T08,2,10000,10000,284.5331115722656,0.528604955487139,0.4931174059453363,0.3515976936489614,0.6826618075731108,0.0,0.7562850824114251,0.2750626185032894,0.5323425552074256,0.0209125027994056
T08_C2_G15000,T08,2,15000,15000,427.7366027832031,0.6402621768019114,0.5986293819039028,0.3989011672379851,0.7381627127971235,0.029419037446504,0.7944420621454464,0.4036866026991325,0.5357985932021208,0.0226733872143278
T08_C2_G20000,T08,2,20000,20000,582.349365234375,0.7412234000363648,0.7515238321186531,0.411061983779052,0.7727681711570419,0.009357386138917,0.8194206641168897,0.4670237776058121,0.5274113272526171,0.0211130499592552
T08_C2_G500,T08,2,500,500,17.587539672851562,0.004869549842618,0.0030234483242433,0.1600928609773113,0.3246797183536828,0.0,0.5854983331866909,0.0308174136374043,0.514571728443875,0.0198072225677791
T08_C2_G5000,T08,2,5000,5000,173.15457153320312,0.3029083415402194,0.3374016625602055,0.307542828995779,0.6445332228432781,0.0,0.732764349315717,0.2251757523505426,0.5307047901389966,0.0226930929677222
T08_C2_Gall,T08,2,all,25691,768.9747924804688,0.8456735657685369,0.8777737134474458,0.411530944411201,0.7968279608941301,0.0113642138661428,0.8374765413830876,0.5112684461351279,0.5266127976817437,0.0215068195089421
T08_C3_G1000,T08,3,1000,1000,89.71766662597656,0.2184958580541802,0.2498160739050379,0.2970706928964847,0.5423737845339487,0.0,0.6760242753098289,0.1613150690455005,0.5204470328085835,0.0188606798289473
T08_C3_G10000,T08,3,10000,10000,427.3540954589844,0.6969492964604368,0.6463757920081573,0.3791635584147677,0.726479796849838,0.0049572302478745,0.7866195044892158,0.3627984414914185,0.5302917665289526,0.0207535257819962
T08_C3_G15000,T08,3,15000,15000,642.4100952148438,0.7547206692418986,0.7372641921313651,0.4471540367458177,0.7762179563500227,0.0915567945452907,0.8221869840692164,0.4922125395434412,0.5493668101953393,0.032794888219835
T08_C3_G20000,T08,3,20000,20000,873.7279052734375,0.8275550613384869,0.8412336469370201,0.4561202503473774,0.8076277586903693,0.0673798190720473,0.8457593186812863,0.5589681049077128,0.5400424157390055,0.0244367788942158
T08_C3_G500,T08,3,500,500,26.525236129760746,0.0403561663743539,0.0438495854277542,0.1838249631345535,0.3672700438286719,0.0,0.5989509762886169,0.0390023176157377,0.5185789571465484,0.0199515399791869
T08_C3_G5000,T08,3,5000,5000,260.25079345703125,0.4071758725427547,0.4263996704386564,0.3308305516971295,0.6837945588128845,0.0074828077858288,0.7587147052907504,0.287679370204716,0.5313083349256547,0.0225955469894496
T08_C3_Gall,T08,3,all,25691,1153.462158203125,0.9211834193759052,0.9395989916153912,0.4483168153583796,0.8240820165158892,0.0595876774487791,0.858729157576443,0.6010321619335574,0.5367143574467659,0.0238615632198261
T08_C5_G1000,T08,5,1000,1000,149.33360290527344,0.2724420604720508,0.3067493229382895,0.3159258798741403,0.5714134989256004,0.0,0.6891521913581077,0.201335018710221,0.5238959952064419,0.0189871052283023
T08_C5_G10000,T08,5,10000,10000,712.0591430664062,0.7926870119260092,0.7555323486895422,0.4342998322437674,0.7563602625973584,0.0971078758744852,0.8083942312267574,0.456184098166722,0.551573697405267,0.0326499124304716
T08_C5_G15000,T08,5,15000,15000,1070.636474609375,0.8151437165585749,0.8136875520649015,0.4930868272389787,0.8043028215887207,0.1620267760302331,0.8431170919783935,0.5731778332523587,0.5660470867380528,0.0586288516473922
T08_C5_G20000,T08,5,20000,20000,1456.86669921875,0.9169988813548154,0.9357946276758822,0.4999948959739471,0.8309748862686831,0.1413681047631865,0.8637387310592313,0.6369534963648465,0.5575300773001881,0.0389254223035201
T08_C5_G500,T08,5,500,500,44.0701904296875,0.0855630903629542,0.0993857400651527,0.2042178908612159,0.4052029669018235,0.0,0.6129197483415079,0.0537864285997299,0.5222924604497294,0.0201160678306499
T08_C5_G5000,T08,5,5000,5000,433.7050476074219,0.5617885651021703,0.5060859848543088,0.3611684380109648,0.7119671997428078,0.044002746289195,0.7778016693012889,0.3523198182331485,0.5393048710319249,0.0243120820956431
T08_C5_Gall,T08,5,all,25691,1922.4368896484373,0.9521503854011072,0.9689007397121856,0.487191616600775,0.8382150285199932,0.1342623679544214,0.8695944850213273,0.6622114027060001,0.5543579632696536,0.0357581407426767
T08_C10_G1000,T08,10,1000,1000,298.58123779296875,0.3865711613453015,0.385925091784003,0.3436893783343117,0.6084032761508714,0.0240205274283202,0.7124469722928743,0.2479578018402017,0.5300421361300403,0.0194973846310289
T08_C10_G10000,T08,10,10000,10000,1424.25,0.8785422006312019,0.8769895170494525,0.5049861941420095,0.7916243127940386,0.2165977724733872,0.8351663694689415,0.5510320426894336,0.5814767974870594,0.0711078810892352
T08_C10_G15000,T08,10,15000,15000,2141.14599609375,0.9238808042859368,0.9390679766379694,0.5880566531260606,0.8306791430306021,0.3520047804001963,0.8636470759264985,0.6545295170902392,0.6237379485790882,0.1795701720781255
T08_C10_G20000,T08,10,20000,20000,2914.527587890625,0.9887952025712188,0.9941679996425584,0.6291339638280913,0.8489293885609875,0.4243789428904117,0.8775067718621892,0.6969953722631455,0.6495131333213028,0.1837854554953037
T08_C10_G500,T08,10,500,500,87.85015869140625,0.1805538787838183,0.2101403580741887,0.2692673041007988,0.4600674783870828,0.0647061100571351,0.6355734431630277,0.0896099813245489,0.5372716083092024,0.0209620949336096
T08_C10_G5000,T08,10,5000,5000,867.3517456054688,0.6684784568867286,0.6069542529683346,0.4276802303506713,0.7490105547130723,0.1469075003775282,0.8040493989120976,0.4316381539588058,0.562570058680628,0.0471722887076822
T08_C10_Gall,T08,10,all,25691,3844.873779296875,1.0,1.0,0.6241427540110438,0.852273808456965,0.4288527121499425,0.8801607465149096,0.7071073149025986,0.6504215224565433,0.180877958586803
T08_C20_G1000,T08,20,1000,1000,597.44482421875,0.482459514200523,0.4816536505926599,0.4222527713161661,0.6363407594843324,0.1845832815575119,0.7336675232408285,0.314917480187506,0.5698411354475427,0.0290226975750064
T08_C20_G10000,T08,20,10000,10000,2847.57958984375,0.9371384579132218,0.9502940214196314,0.5769968500547112,0.8113087937816267,0.3564151072995847,0.8508935076686406,0.6212397771029724,0.6227715283708554,0.1121501283155779
T08_C20_G15000,T08,20,15000,15000,4281.4345703125,0.9738121094739668,0.9829874103375924,0.6530816777276333,0.8444442203713532,0.4792873836852213,0.8741991709092461,0.703070600033717,0.6698200666756167,0.2593852562868309
T08_C20_G20000,T08,20,20000,20000,5829.234375,1.0,1.0,0.7196977651332136,0.8582038943158317,0.6045478549284156,0.884334442996774,0.7280133107574318,0.7273885600883928,0.3446435667559883
T08_C20_G500,T08,20,500,500,175.9605712890625,0.2654026015624511,0.3061977006720775,0.2917326523196524,0.496688088187216,0.0775801614691128,0.6620999452312147,0.1306634392594697,0.5343635392455901,0.0215886148709486
T08_C20_G5000,T08,20,5000,5000,1733.2484130859375,0.752644602820575,0.6995371972781366,0.4654353435861985,0.7680015032215255,0.2072937407448006,0.8195363117675253,0.5045346711815899,0.5742574442550648,0.0523769176026722
T08_C20_Gall,T08,20,all,25691,7689.74853515625,1.0,1.0,0.7334162600592796,0.8582038014286815,0.6405354245963749,0.8842488722597778,0.7279458791145962,0.7458381297758867,0.3700378926834815
T08_C50_G1000,T08,50,1000,1000,1495.5433349609375,0.6788058008524108,0.722563465188236,0.4986018587940669,0.6464539716225034,0.3502137899962436,0.745551403694005,0.3480623858012271,0.6200102374613837,0.0667621497738774
T08_C50_G10000,T08,50,10000,10000,7120.93603515625,0.9875954147251907,0.9931449371723832,0.6767825814965074,0.8192135924384438,0.5583677074537918,0.8579611475978665,0.64968464118905,0.703506360781696,0.2090124943803717
T08_C50_G15000,T08,50,15000,15000,10703.5458984375,0.9925885217890748,0.9954922439294068,0.7724287014075386,0.8492208439003625,0.7132117219012905,0.8786195622327885,0.7175613908981898,0.7861628803956153,0.4569110739535393
T08_C50_G20000,T08,50,20000,20000,14572.9716796875,0.9958785313572824,0.997743573179304,0.8373397484291122,0.8612759862049479,0.8204826736826775,0.8872236050684119,0.73627009953739,0.856341519610263,0.6043885870739
T08_C50_G500,T08,50,500,500,439.0773010253906,0.4209081111003165,0.4896154309332894,0.3646828658330092,0.5125549083749934,0.2111491183819585,0.6698170002948787,0.1560222630645426,0.5711583829369371,0.0272557924120362
T08_C50_G5000,T08,50,5000,5000,4334.70654296875,0.8870792790755747,0.9044588651664736,0.5481614966915109,0.7755670188334209,0.3712272105308837,0.8276280113136686,0.5382936589809088,0.6246048817807519,0.092080421410325
T08_C50_Gall,T08,50,all,25691,19224.37109375,0.9925885217890748,0.9954922439294068,0.8575718021100529,0.8615607048523749,0.8550639589122463,0.8871839894871636,0.7337802066331299,0.8819338619976047,0.6737915298533178
T08_C70_G1000,T08,70,1000,1000,2094.242919921875,0.7073089476432967,0.7605682759573716,0.5260676562282648,0.6416843646534282,0.4140783796328514,0.7455537427934997,0.3485918999314107,0.6412797185266825,0.0751271822690736
T08_C70_G10000,T08,70,10000,10000,9969.9150390625,0.9843081975470112,0.990898781803616,0.7131273646566471,0.8187118620282654,0.6297174220660866,0.8583810171914137,0.6483853253737322,0.7390758915564499,0.2634739633183913
T08_C70_G15000,T08,70,15000,15000,14985.8056640625,0.9916641447316258,0.9951731173925265,0.8067110958622415,0.8495201588139376,0.7752366438141798,0.8794488113881875,0.7177519049567643,0.8254132488632454,0.5265485407385401
T08_C70_G20000,T08,70,20000,20000,20403.8359375,1.0,1.0,0.8598967135384831,0.8626241699229957,0.8580348530078928,0.8887829940078197,0.7371018540836294,0.8843987778482768,0.6641024509968799
T08_C70_G500,T08,70,500,500,614.3304443359375,0.5047674583025339,0.5832193948288349,0.3551904003290128,0.4973348391461863,0.2092967512838268,0.6637207073282841,0.1427015306497808,0.5696242625339203,0.0291067099408454
T08_C70_G5000,T08,70,5000,5000,6069.56640625,0.9209587241132268,0.9431408125128926,0.5819951465702543,0.7693483729217184,0.4434543164981976,0.8244910503322309,0.5298657204960404,0.6518169089563831,0.1136358043122397
T08_C70_Gall,T08,70,all,25691,26914.119140625,0.9770090477614056,0.982092526557148,0.8723169010680054,0.862722680111356,0.8782117541833215,0.8884738249777373,0.7334948675764418,0.900036131653631,0.7156028628609352
T08_C100_G1000,T08,100,1000,1000,2938.838623046875,0.7552679998101404,0.8181185329400137,0.5395536554103006,0.6331545012219567,0.4488322817941499,0.7414343574291252,0.3509682755229583,0.6525945996136184,0.0725430110149297
T08_C100_G10000,T08,100,10000,10000,14268.2314453125,0.9811633865869032,0.9892240489565184,0.7569582633819929,0.7985083344467183,0.726549757229936,0.8446229284738718,0.610860259442932,0.7947870735674908,0.3598138977238667
T08_C100_G15000,T08,100,15000,15000,21440.056640625,0.9875921703650063,0.993148186340232,0.8446557878673217,0.8377086906313446,0.8491401147180971,0.8710876509260533,0.6941659495349476,0.8781848121221392,0.6259103628812277
T08_C100_G20000,T08,100,20000,20000,29171.52734375,0.9959309615348516,0.9979718211094724,0.8847377786451824,0.8537054608588134,0.9047534352580708,0.8823760584476114,0.7189133687759816,0.9221304173023946,0.7427193630059761
T08_C100_G500,T08,100,500,500,873.049072265625,0.5478209824102819,0.6184421035807821,0.3689128842547314,0.4850368924073525,0.2433154026336455,0.6584682783032849,0.1504162970294111,0.5764124067395356,0.0285889603216664
T08_C100_G5000,T08,100,5000,5000,8631.484375,0.9014462995410828,0.9354031434705662,0.6095173234689459,0.7434629188311824,0.5167088890356053,0.8085255410133497,0.499303648335778,0.6817980705562164,0.1428308915651452
T08_C100_Gall,T08,100,all,25691,38448.74609375,0.9959309615348516,0.9979718211094724,0.8925833696132921,0.8545363268724137,0.9150583360387982,0.8826508592529166,0.7173232603228008,0.9305557386344748,0.7779150534726536
T09_C1_G1000,T09,1,1000,1000,28.11198806762696,0.0123756298966642,0.0146658993034,0.1273945610784479,0.2139118430747375,0.0,0.54401311648766,0.0100876916329498,0.5008627213336319,0.0115589644117811
T09_C1_G10000,T09,1,10000,10000,140.23817443847656,0.3417870916872273,0.4110785139982449,0.3046402645424286,0.5715066397769858,0.0,0.6846918338025495,0.1148229303395398,0.5330087003371882,0.01722807333524
T09_C1_G15000,T09,1,15000,15000,212.3580474853516,0.3934895279990902,0.4685695022172332,0.3460507686515889,0.6424775266764444,0.0008690937367443,0.7267551119987276,0.153213005055837,0.532775119412565,0.0174227298200337
T09_C1_G20000,T09,1,20000,20000,289.9053649902344,0.3709166675609401,0.438521364594911,0.3546747010143516,0.6657131200992012,3.331192117110594e-05,0.7427077250007748,0.1582189493179425,0.5298965265024678,0.0171130420124551
T09_C1_G500,T09,1,500,500,8.765772819519043,0.0042268190784171,0.0083725219099446,0.1106225464851517,0.2126860480071629,0.0,0.5513940070712173,0.0189077085494753,0.5105802649868678,0.0141208948628569
T09_C1_G5000,T09,1,5000,5000,85.56546020507812,0.1791582902222647,0.1917891329465656,0.2809127425382541,0.5203691752765299,0.0,0.6589819462966197,0.0851032542387035,0.5279311849776536,0.0173445020044567
T09_C1_Gall,T09,1,all,25691,373.4132385253906,0.4276596316645688,0.5110326567278053,0.3556784434300799,0.6741671541178071,0.0,0.7492702532726092,0.1825388743034149,0.5277354771166701,0.0175808507634414
T09_C2_G1000,T09,2,1000,1000,56.0962142944336,0.0144925280067047,0.0103363330875583,0.1714906756190584,0.2952662294758171,0.0,0.567251038383455,0.011648201885264,0.5025676569622868,0.0116290528561321
T09_C2_G10000,T09,2,10000,10000,280.8375244140625,0.5217320317273653,0.6346086643150279,0.3558077166640576,0.6490575599862893,0.0281892885395391,0.7344057445261456,0.2136374782726098,0.5384455754302666,0.0175468129832268
T09_C2_G15000,T09,2,15000,15000,425.3627624511719,0.6733558079108984,0.7313442992159784,0.4133349728534362,0.7289385009713956,0.0475090066902014,0.7863012207461391,0.2945305421990168,0.5405348408145186,0.0194695397664131
T09_C2_G20000,T09,2,20000,20000,580.1190795898438,0.6829771315615677,0.7614010606521614,0.4392703054599647,0.7764217993991048,0.0406153730855996,0.8201278486583301,0.3371566858816529,0.5367536353322246,0.017886322609023
T09_C2_G500,T09,2,500,500,17.530757904052734,0.0026417138826308,-0.0017863757097909,0.1623885034048741,0.3038504715654934,0.0,0.5758899906157892,0.0233110727453865,0.5187022550742982,0.0143381939092186
T09_C2_G5000,T09,2,5000,5000,170.99526977539062,0.3719261724773041,0.4784466065846115,0.3306969844884439,0.6130872304564142,0.0,0.7122508011564574,0.1621603546770724,0.5296409146519768,0.0174109179908342
T09_C2_Gall,T09,2,all,25691,746.8264770507812,0.6702936041275203,0.7189604243639273,0.4439418568218063,0.7922618104426037,0.0304968260893036,0.8322284029340568,0.3867695932751104,0.5323994926581128,0.0178086635515001
T09_C3_G1000,T09,3,1000,1000,84.07649993896484,0.0203976815987602,0.0208245171531749,0.1885452672997537,0.3338809863867196,0.0,0.5804800957744048,0.0138249242241123,0.5050805268891967,0.0117071074117287
T09_C3_G10000,T09,3,10000,10000,421.6048889160156,0.655221012992214,0.766837200987332,0.405169451464394,0.6953834919155502,0.0836190663641891,0.7656681746641634,0.2975374549565863,0.5492517326936518,0.0216899376021015
T09_C3_G15000,T09,3,15000,15000,638.3399047851562,0.7594608773103627,0.8170986524553783,0.465342833471821,0.7800907547164275,0.0982339249239276,0.8238109257001712,0.4023072821843535,0.551389925896984,0.0255330244474586
T09_C3_G20000,T09,3,20000,20000,870.4597778320312,0.7793631505273962,0.8596058482928891,0.4889495679414308,0.8263377939638636,0.0835454541728489,0.8593057010081302,0.4646205878162052,0.5457369212082206,0.0209071833520691
T09_C3_G500,T09,3,500,500,26.21451187133789,0.0244007978096682,0.0176799826908932,0.1823754355201009,0.3370821898815626,0.0,0.5865056404101494,0.0285787147171853,0.5213592727340067,0.0144326079995662
T09_C3_G5000,T09,3,5000,5000,256.29180908203125,0.4703437764819601,0.4137997954309836,0.3667393551894355,0.6551663341308673,0.0338277700545828,0.7391564697517778,0.2268382549933369,0.5376962416821209,0.0177032299479622
T09_C3_Gall,T09,3,all,25691,1120.240478515625,0.7342836849105742,0.7180060632057151,0.4919050576679753,0.8416396675128879,0.0684553466100927,0.8715769215702273,0.5176250936471473,0.540334039178602,0.019732933835019
T09_C5_G1000,T09,5,1000,1000,140.24920654296875,0.0659265393490669,0.06668459982456,0.2221319810133062,0.4056813774517203,0.0,0.6095861395183112,0.0204325613785118,0.506161988849899,0.0117436820024128
T09_C5_G10000,T09,5,10000,10000,703.1135864257812,0.6774013003219582,0.5929277914608423,0.4480045671768958,0.7304634692794922,0.1390992244044369,0.7898353038419692,0.3756814715463086,0.562035051060018,0.0340408506912377
T09_C5_G15000,T09,5,15000,15000,1063.7657470703125,0.8272052320667614,0.8950430014226805,0.5247677065981251,0.8237220565413154,0.179972247008944,0.857436130082544,0.5019593939254848,0.5720536062910464,0.0482406595746682
T09_C5_G20000,T09,5,20000,20000,1450.3974609375,0.8385583270341791,0.8951223662919497,0.5505150924091959,0.868247196660041,0.1741467915521431,0.8938543104623127,0.5857024352001621,0.5688126655985407,0.0362191047098561
T09_C5_G500,T09,5,500,500,43.81782150268555,0.0564433730039269,0.0546740395561466,0.2087634173930756,0.3783615943566041,0.0,0.6033388590417396,0.0383775706313836,0.5215689586207359,0.0145152452318686
T09_C5_G5000,T09,5,5000,5000,427.6821899414063,0.5770484546650111,0.6917876149969522,0.3936701401181555,0.6898134598283646,0.0535284813039019,0.7623209310773056,0.3024193677446394,0.5414665885117591,0.019179986159392
T09_C5_Gall,T09,5,all,25691,1867.0670166015625,0.8746231821366629,0.926646992743386,0.5596576428565587,0.8834187252186356,0.1762872990874461,0.906726919604924,0.6356313314030088,0.5682013934318654,0.0350802704850141
T09_C10_G1000,T09,10,1000,1000,280.7641906738281,0.1640096909191719,0.1266151305889271,0.3019140107110478,0.4812185439334087,0.1254552734413065,0.6462713830270432,0.0431865077109949,0.5491235905683091,0.0153926069190236
T09_C10_G10000,T09,10,10000,10000,1406.582763671875,0.853503324017499,0.8709350525209214,0.5117445935476743,0.7843561749686074,0.2146783993513972,0.8289872251808366,0.4760000905686275,0.580340177091029,0.0506139043659287
T09_C10_G15000,T09,10,15000,15000,2128.735107421875,0.8817090815320386,0.931584360780586,0.5886389884260502,0.8709044861201901,0.2665982081125191,0.8962622271712235,0.625537724934944,0.595829308765418,0.074613614153094
T09_C10_G20000,T09,10,20000,20000,2900.607177734375,0.8859197588154808,0.9293359178134312,0.6229762128926214,0.9066245296414174,0.2999295848266458,0.9271682079148352,0.7197574400201225,0.6057666571774069,0.0757714799776888
T09_C10_G500,T09,10,500,500,87.55757141113281,0.1260929407988289,0.0978490087548734,0.2566295663272435,0.4441726259699259,0.0,0.6280459989532579,0.0614200772478092,0.5211446323049613,0.0145557730797738
T09_C10_G5000,T09,10,5000,5000,856.5946655273438,0.660429855213441,0.7726660757765735,0.4271434997384207,0.725587198403448,0.0854861034103241,0.7879886325975538,0.3842546712497369,0.5452801524359332,0.0202981587636363
T09_C10_Gall,T09,10,all,25691,3734.134765625,0.9118819638245942,0.9523370731337788,0.6437481051392415,0.9181879722459296,0.3385375570973627,0.9371776617667495,0.7678143102303397,0.618218057777522,0.088735101615322
T09_C20_G1000,T09,20,1000,1000,562.4794921875,0.2624190559766252,0.2057237474936221,0.3384585412710456,0.5440520006228097,0.1539110807773755,0.6827561384219638,0.0936183976416868,0.5573545268030305,0.0182144301826464
T09_C20_G10000,T09,20,10000,10000,2813.7001953125,0.7832433238349479,0.6491149294341295,0.5745475664282154,0.8149554994105321,0.3227301049616517,0.8530193553542615,0.5673543834911211,0.6107129822396461,0.0829020163957509
T09_C20_G15000,T09,20,15000,15000,4259.01953125,0.9228967569582274,0.9615383120474744,0.6741508214630393,0.8961595067568155,0.441405462741633,0.9174463160771168,0.7179203582619818,0.6552840430149808,0.1752912355277517
T09_C20_G20000,T09,20,20000,20000,5802.14013671875,0.943180388647284,0.9723152583763682,0.7204616705030662,0.9228431987015844,0.5165035461695281,0.9406877013720356,0.7911499955871336,0.6870732296472941,0.2214038877587066
T09_C20_G500,T09,20,500,500,174.83201599121094,0.1936397522068425,0.17299853692102,0.2862663058337523,0.4694846354307549,0.0,0.6355314940030289,0.0828428212994979,0.5157932917341793,0.0145443743074963
T09_C20_G5000,T09,20,5000,5000,1713.941650390625,0.711332386198987,0.6508954882214746,0.4755242791925153,0.7628482148026622,0.1496478050782733,0.8163497507819616,0.4978739453431225,0.5566508391976646,0.0246703257642413
T09_C20_Gall,T09,20,all,25691,7468.2705078125,0.9669599071498516,0.9843259169154828,0.749354702731786,0.9323892280928632,0.5721909498728144,0.9486314505494612,0.8254406902850159,0.7127492800979287,0.2728966998118901
T09_C50_G1000,T09,50,1000,1000,1404.8076171875,0.3399549528210121,0.4064439110202628,0.3928286691739295,0.583813403422715,0.2270385156170678,0.7079370204913461,0.1651273075145179,0.5739916898569644,0.0193027558520637
T09_C50_G10000,T09,50,10000,10000,7033.4716796875,0.792087723263309,0.6535460916022182,0.6917731878409588,0.8369959953849541,0.558294021977982,0.8710239584932801,0.6273910602387937,0.7042188862426437,0.2270123456393126
T09_C50_G15000,T09,50,15000,15000,10647.666015625,0.9507204645934773,0.9763573080919956,0.7685742033986791,0.9052350655543784,0.6427347993536491,0.9251866905903836,0.7637715620378709,0.7471206173244572,0.3545411360784031
T09_C50_G20000,T09,50,20000,20000,14504.4814453125,0.9576275531131104,0.980100322498829,0.8061366503387636,0.9275962414841749,0.6981593730326978,0.9443997130041776,0.8242769481588822,0.7783095347634077,0.4254500917778537
T09_C50_G500,T09,50,500,500,436.9329528808594,0.2580398611393087,0.2449784329328547,0.2558287431747807,0.4407975117737853,0.0,0.6345664190129078,0.0955295903780058,0.5118088777553771,0.0144813458567035
T09_C50_G5000,T09,50,5000,5000,4283.9267578125,0.7316151119711135,0.655030545676397,0.5444171443111173,0.7830571105150088,0.2901240189032143,0.8326274282502095,0.5700864685867962,0.5946909280956754,0.0422618200956589
T09_C50_Gall,T09,50,all,25691,18670.67578125,0.9773279392638824,0.9886741930130738,0.8393182924430278,0.9358205729613698,0.7578268096943113,0.9511471781445447,0.8508121326105361,0.8150990456048786,0.5046837495091261
T09_C70_G1000,T09,70,1000,1000,1967.1663818359373,0.4251494362541906,0.4242248953318286,0.4199098265402622,0.5879859324427161,0.2789642137433411,0.7121587927764598,0.193565184811404,0.5897099075900787,0.0217052245087767
T09_C70_G10000,T09,70,10000,10000,9846.189453125,0.7962609994068148,0.6596484175882674,0.724451952812159,0.8365992785601472,0.6262671197647012,0.8713969156127961,0.6308218617060634,0.737681684218753,0.262581973533947
T09_C70_G15000,T09,70,15000,15000,14904.70703125,0.9613741747042008,0.9823248587666882,0.8079797733145427,0.9044654921317524,0.7245722036587137,0.9249630326908528,0.7652586875791257,0.79409442892694,0.4338794609254333
T09_C70_G20000,T09,70,20000,20000,20305.966796875,0.975694293146332,0.9881251486459116,0.8386161774849079,0.9267499523311108,0.7643279380880816,0.9439438657196416,0.8215650555618029,0.8193983329993748,0.5026179322081105
T09_C70_G500,T09,70,500,500,611.8209838867188,0.242613401429537,0.2525444157992038,0.2449333939605597,0.4251145531267184,0.0,0.6305431062134232,0.095541101760803,0.5097305944197574,0.0144614366249784
T09_C70_G5000,T09,70,5000,5000,5996.8779296875,0.734672083674196,0.6243157955297575,0.5687191675458271,0.7843332469340325,0.3462047693061033,0.8342486700604719,0.5776545305193699,0.6131324252066864,0.0546147560471229
T09_C70_Gall,T09,70,all,25691,26138.947265625,0.975025241103042,0.9875744098904224,0.866210525474479,0.934590852841932,0.8110034024703258,0.9502073679934676,0.8456302014690728,0.8510247524272989,0.5779723835369737
T09_C100_G1000,T09,100,1000,1000,2763.85302734375,0.405501784856499,0.4060463557530051,0.4226623927728684,0.5756858065478536,0.2854965143179006,0.7013118889746156,0.2247224568653804,0.5885262183230525,0.0197095199356224
T09_C100_G10000,T09,100,10000,10000,14080.2685546875,0.7901921495813492,0.6518938294796226,0.7406078991786824,0.8090343302061951,0.6838352723327216,0.8515616744553922,0.5885308651880803,0.7691498907620584,0.2903404742862107
T09_C100_G15000,T09,100,15000,15000,21307.30078125,0.9623979406195304,0.9784919756570118,0.8372969323527076,0.8858530096694882,0.7982741781798127,0.9101065543683368,0.725900362532891,0.8422760117469567,0.4928132898174762
T09_C100_G20000,T09,100,20000,20000,29005.98828125,0.9643082662503666,0.9800945899552126,0.8674186246595377,0.9139342074984498,0.8306863861032501,0.9331805379957322,0.7879277965932011,0.8655850702231789,0.5715776214550093
T09_C100_G500,T09,100,500,500,868.3193969726562,0.2923162289691453,0.2668448400730426,0.2451005843073799,0.4194501024549975,0.0,0.6283883045799841,0.1206995302294635,0.5066167688227216,0.0144251780138744
T09_C100_G5000,T09,100,5000,5000,8524.9892578125,0.6987972985200742,0.5969641244941695,0.5838282444722306,0.7566759649412315,0.4144879978978094,0.8154644649665425,0.541004083599972,0.6372446599577888,0.0706678375430515
T09_C100_Gall,T09,100,all,25691,37341.36328125,0.9793842231858364,0.9859859314406292,0.8950215851461735,0.9244853266674268,0.8726083208178634,0.9416335150178105,0.8165511947403379,0.8972449607443991,0.654319161648247
T10_C1_G1000,T10,1,1000,1000,29.119873046875,0.1376125653497658,0.1494046394117948,0.1319867829529152,0.2705629012777784,0.0,0.563171216464039,0.035323525640741,0.513768175071552,0.0249810983747583
T10_C1_G10000,T10,1,10000,10000,143.24053955078125,0.4767835301746681,0.4289582075698978,0.2978994080794742,0.55829971688821,0.0,0.6779997870506703,0.1409218275542234,0.533055038043208,0.0264518757954953
T10_C1_G15000,T10,1,15000,15000,214.849365234375,0.5774976349299986,0.5712839050343259,0.2962021964781408,0.58120952163301,0.0020484977275185,0.6915800533294071,0.1484235370238896,0.5353685865230531,0.0286451749313011
T10_C1_G20000,T10,1,20000,20000,292.9156188964844,0.5779164777449547,0.5705675657298156,0.3091185849844603,0.6220975377104023,1.7011507511122883e-05,0.7181386630408446,0.2094616414213349,0.5314289990774301,0.0288404150051047
T10_C1_G500,T10,1,500,500,8.60567855834961,0.0030352049574345,0.0011252798960068,0.055843693231029,0.1436802308937717,0.0,0.5305747695268109,0.0178316978535123,0.5072927758044578,0.0318860054207054
T10_C1_G5000,T10,1,5000,5000,87.2705078125,0.3666503202615941,0.3702873623278094,0.2623331022271401,0.5108971237926812,0.0,0.6525618268856774,0.0909474159972647,0.5333691305025569,0.0275189276985061
T10_C1_Gall,T10,1,all,25691,375.9873962402344,0.5991062368289062,0.5671328669398104,0.3334087624813965,0.6452899963384953,0.0369358760986668,0.7327871462605619,0.2323039845667319,0.5387630875538157,0.0302405461178293
T10_C2_G1000,T10,2,1000,1000,58.09857940673828,0.2075572017873304,0.2434140772315837,0.1630166715905123,0.3246447259170882,0.0,0.5786380825113455,0.0468384659773082,0.517363773887264,0.0252308080694053
T10_C2_G10000,T10,2,10000,10000,286.4250793457031,0.6135822217898345,0.633926538100207,0.3337274050268968,0.6310936883027373,0.0,0.7230481226637595,0.2343734674975613,0.5325078257400517,0.0264247626645916
T10_C2_G15000,T10,2,15000,15000,429.3454284667969,0.7402693072528616,0.7604505619727365,0.346208643145999,0.6596481955268579,0.0214906881509534,0.7413793229664487,0.2572978853332192,0.5356090558513574,0.0295888082434591
T10_C2_G20000,T10,2,20000,20000,586.1443481445312,0.7864865639658591,0.8122001584850768,0.361739101917121,0.7023550062018572,0.014312185584916,0.769786311737684,0.3413841296379545,0.5307411084130077,0.0287425192115636
T10_C2_G500,T10,2,500,500,17.197160720825195,0.0099506463952244,0.0070983927084881,0.0785208405918857,0.1909866539001913,0.0,0.539648690074267,0.0205912846086299,0.5117727969562907,0.0322311148780964
T10_C2_G5000,T10,2,5000,5000,174.0701904296875,0.566492769527568,0.5733002914722549,0.2976474652453486,0.5815365210429215,0.0,0.6923954410046832,0.1414531924253757,0.5340075163696357,0.027572276952238
T10_C2_Gall,T10,2,all,25691,751.9747924804688,0.8630594067210261,0.8810164371247737,0.3983551195002662,0.7295232614671906,0.073155189354579,0.788166618054534,0.3839666422060278,0.5451195073218794,0.0354098122273602
T10_C3_G1000,T10,3,1000,1000,87.54889678955078,0.3077655051025653,0.3131179275108805,0.1832882771691514,0.3558569624200913,0.0,0.588334003330471,0.0562034074870523,0.5177414639894413,0.025267672412878
T10_C3_G10000,T10,3,10000,10000,429.6861267089844,0.7601753214721061,0.7841033910627431,0.3538063186842521,0.6656479880793584,0.0013146117905268,0.745802966603804,0.3041873811779466,0.5302079120578709,0.0262706464659362
T10_C3_G15000,T10,3,15000,15000,643.6206665039062,0.8231574562882177,0.855505801321503,0.3795881722530931,0.7012681427501549,0.0426467688465432,0.7690340728787332,0.3390855109897686,0.5387223805234129,0.0319625242395302
T10_C3_G20000,T10,3,20000,20000,879.554443359375,0.8670740959168164,0.8933292588229467,0.3989033365276459,0.7443400419781568,0.0415078703436468,0.7986708412352503,0.4273894273360968,0.5356495107042443,0.0301998172740932
T10_C3_G500,T10,3,500,500,25.684541702270508,0.0101452255727686,0.0145645701487262,0.1067570813898981,0.2203565929695069,0.0252362872075306,0.5461896392523254,0.0241002011327342,0.5217135693124654,0.0326490735710871
T10_C3_G5000,T10,3,5000,5000,261.3612060546875,0.6408474960002825,0.6439108022713287,0.3195826624711811,0.6207686902763347,0.0,0.7156654610208555,0.1874058639335191,0.5330501506857752,0.0275063843324537
T10_C3_Gall,T10,3,all,25691,1127.962158203125,0.9095339047749328,0.9291326330140972,0.4338375258562562,0.7686987826284171,0.1000183958898339,0.8159844731905818,0.474092044767219,0.5502962830994124,0.0411290167896558
T10_C5_G1000,T10,5,1000,1000,145.16246032714844,0.3624173359056084,0.382087905590968,0.2040070287405335,0.4035210907293113,0.0,0.6096346071768444,0.0777762367741095,0.5189869411695421,0.0253910447096784
T10_C5_G10000,T10,5,10000,10000,715.1466674804688,0.853578088887169,0.8748215219161849,0.4027084623942552,0.7082378870318797,0.0617529777812448,0.7747728898815168,0.3950280828573822,0.5423595416469004,0.0319556098299576
T10_C5_G15000,T10,5,15000,15000,1071.8311767578125,0.8989809739627431,0.9206387765235924,0.4319010697803601,0.7435135171018841,0.1074447845784261,0.7988465315811359,0.4407598470217061,0.5529308238982305,0.0433869404002526
T10_C5_G20000,T10,5,20000,20000,1465.294189453125,0.9102000102710766,0.9305196278379374,0.4586238700082434,0.7847213638064922,0.1256559500734274,0.8281556802699741,0.5274122484076451,0.5554258041829989,0.0450786353202392
T10_C5_G500,T10,5,500,500,43.17350006103516,0.1137876241893881,0.1479488005602708,0.1153282876059376,0.2472290154459898,0.0206788895775497,0.5498960404395384,0.0295244159304834,0.5251857203109531,0.0330423901044867
T10_C5_G5000,T10,5,5000,5000,435.0157775878906,0.7422106330618712,0.7364490015442593,0.3757370366285423,0.6688964647186231,0.0732637489225218,0.7477978798880375,0.2710096334377912,0.5492292146075064,0.0342210224552739
T10_C5_Gall,T10,5,all,25691,1879.9368896484373,0.9605703947885716,0.9741725591035194,0.4926683020640122,0.8083803405496822,0.1818393137672573,0.8456143715622221,0.5705205627039674,0.5709590305716067,0.0698875312479847
T10_C10_G1000,T10,10,1000,1000,290.9140319824219,0.501589568681299,0.4728303855195532,0.2233116770952812,0.4393569527429637,0.0112921113234933,0.6263670942940995,0.0972228893255962,0.5234985294185659,0.025387096174155
T10_C10_G10000,T10,10,10000,10000,1431.1253662109375,0.911281944611792,0.9288193083534326,0.4766946765190131,0.7437879744836083,0.1928651371173504,0.8004623287840132,0.4780575046445882,0.5744807596771908,0.0625273701625932
T10_C10_G15000,T10,10,15000,15000,2144.12060546875,0.9607518645413856,0.9755794621130748,0.5276422727977225,0.7827153535978829,0.2786649294384056,0.8278334445336464,0.5354022917679652,0.6007091508820317,0.111606266206849
T10_C10_G20000,T10,10,20000,20000,2930.5205078125,0.974238037854762,0.9841143652618656,0.5566139261055906,0.8268039331063363,0.297075304451494,0.8601380688070003,0.6190081925521845,0.6052620246531909,0.1186230294122285
T10_C10_G500,T10,10,500,500,86.00157928466797,0.1706509699442813,0.2051348662974101,0.1353562173521494,0.2861965781837888,0.0298890566400713,0.5672867221140336,0.0479868327417365,0.526225886926851,0.0331615271830274
T10_C10_G5000,T10,10,5000,5000,870.1033325195312,0.8340706773108312,0.8604220954128368,0.4183201124957682,0.70722016889062,0.124739816873436,0.7748786115748565,0.3624597766841198,0.5584774494836142,0.048556312895388
T10_C10_Gall,T10,10,all,25691,3759.873779296875,0.9884476599827722,0.9941048793382632,0.591314304172079,0.8499552472690356,0.3521835102592468,0.8777270780075496,0.6613542060784353,0.62382217736749,0.1637316220240361
T10_C20_G1000,T10,20,1000,1000,582.0015869140625,0.6000022644413053,0.567071546011724,0.293598867029589,0.4970839995838635,0.1116010656994507,0.6588719538301192,0.1365556534171843,0.5494217208916873,0.0304030577653908
T10_C20_G10000,T10,20,10000,10000,2863.414794921875,0.9743594956856464,0.9845740652177476,0.6091716692742618,0.7688247455720446,0.4619250396090952,0.819702718860033,0.5393320765811449,0.6660955778191766,0.2017467146162647
T10_C20_G15000,T10,20,15000,15000,4288.39013671875,0.9893656549598252,0.9945656796187842,0.6506489299506477,0.8083228806314631,0.5149559094206704,0.8475508324384831,0.600986900296493,0.6884165669863512,0.2775152015770075
T10_C20_G20000,T10,20,20000,20000,5861.16015625,0.996145934912302,0.9980408193677552,0.693484522314562,0.8503869153514824,0.5636245821538902,0.8786438037236087,0.6735247436650947,0.7100100041892977,0.331501745365802
T10_C20_G500,T10,20,500,500,172.48422241210938,0.2595760711842763,0.2876967615776642,0.1697154807222036,0.3035906475458325,0.0666295455788722,0.5754621285621218,0.0653007311354976,0.5300150458242895,0.0338459046993917
T10_C20_G5000,T10,20,5000,5000,1740.99365234375,0.9146323399276312,0.9335279559044084,0.5311326482644634,0.7326471219949062,0.3478929336833882,0.7949786586277329,0.4385620020822821,0.6241756153198872,0.1187381278857457
T10_C20_Gall,T10,20,all,25691,7519.74755859375,0.996145934912302,0.9980408193677552,0.7395632065598788,0.8692782260566824,0.638708600902241,0.8930840565669084,0.7097094858051848,0.7473478925954843,0.4104507271989256
T10_C50_G1000,T10,50,1000,1000,1454.9613037109375,0.6955218643601953,0.7370433051425784,0.3430192593742404,0.5359465948925982,0.1719401427775778,0.683586141517059,0.187264669375235,0.5591221300612549,0.0363808413358309
T10_C50_G10000,T10,50,10000,10000,7159.44970703125,0.9825245381788872,0.9897316079091616,0.7328179799230866,0.7808207063359922,0.6947729387323753,0.8300154409439876,0.5738664262948412,0.7779525358830479,0.4160391454278049
T10_C50_G15000,T10,50,15000,15000,10720.9404296875,0.9922348537941224,0.995842825410156,0.7765850514435478,0.8197521682960545,0.7448265441635024,0.8572505732997755,0.6373854734174784,0.8079123583266004,0.510162684910141
T10_C50_G20000,T10,50,20000,20000,14652.8544921875,1.0,1.0,0.8122150880865444,0.8623282299200057,0.7764872695111203,0.8885996629754347,0.7074011345604109,0.8278034125459692,0.5680853466001797
T10_C50_G5000,T10,50,5000,5000,4354.2626953125,0.9579622174474576,0.9711151049297844,0.6650214983377734,0.745863103431001,0.6016262067521939,0.8072269091089096,0.493132943263741,0.7284223434750645,0.2969723218086373
T10_C50_Gall,T10,50,all,25691,18799.369140625,1.0,1.0,0.861260243060816,0.8804468033526505,0.8484762550338681,0.9025595963387838,0.7380066659335736,0.878206898523608,0.6798820290759291
T10_C70_G1000,T10,70,1000,1000,2038.3564453125,0.6650260646517168,0.6796665138715912,0.3718731255733941,0.525091925368721,0.2363087131238365,0.6793519272619234,0.1814627742435295,0.5759381964132629,0.0427908927543727
T10_C70_G10000,T10,70,10000,10000,10022.3623046875,0.9875477349617338,0.991257363050136,0.7596462247029792,0.780051326874559,0.7439634579157552,0.8304805802554381,0.5717111513044393,0.8073355713108729,0.4612441851596751
T10_C70_G15000,T10,70,15000,15000,15009.287109375,0.9884432329154385,0.9940920242612564,0.8061802795104306,0.8197090046231494,0.7965713580913667,0.857975560900904,0.6344376857586864,0.841808330273733,0.5742129990200903
T10_C70_G20000,T10,70,20000,20000,20512.619140625,0.99620995537089,0.9982561529800886,0.8401964141918598,0.8620814651539411,0.8251941953791991,0.8890426079762213,0.7042587138183379,0.861421210087187,0.6299697556032439
T10_C70_G500,T10,70,500,500,604.6238403320312,0.2590344686425875,0.2461916619860583,0.1699585272338941,0.3173493167111069,0.0625821940576565,0.5866524065106745,0.0903445247691211,0.5232999527090206,0.0330683561388242
T10_C70_G5000,T10,70,5000,5000,6096.3779296875,0.9566554990839908,0.9659477371867742,0.6829783625279687,0.7377223800302699,0.6414266502559651,0.803033143529229,0.4823262203181894,0.7484458353663795,0.3369017113341045
T10_C70_Gall,T10,70,all,25691,26319.1171875,1.0,1.0,0.8809842548963089,0.8783283281074508,0.8826213643224031,0.9014583959242636,0.7333701651665075,0.9047876918224282,0.7325084527754516
T10_C100_G1000,T10,100,1000,1000,2861.72802734375,0.6830379783871569,0.6905586211004623,0.3695275364370985,0.4811695946650289,0.2616022345951096,0.6558027306274142,0.1769236490933594,0.5808759198473746,0.0432102038325161
T10_C100_G10000,T10,100,10000,10000,14326.6083984375,0.971191564726955,0.9810565177962632,0.796876347399814,0.7498672821756044,0.8288698991256515,0.8113841995525757,0.5341042209620939,0.8649801567096171,0.5614684696161131
T10_C100_G15000,T10,100,15000,15000,21454.380859375,0.9922348537941224,0.995842825410156,0.8310575942263173,0.7916609562388585,0.8564644833227902,0.8388147511834199,0.5945767327122431,0.885220542219704,0.6610428700361026
T10_C100_G20000,T10,100,20000,20000,29297.142578125,0.996145934912302,0.9980408193677552,0.8620687279813599,0.8331424229042276,0.8802344686281133,0.8676415145283137,0.6629900328542396,0.902951616532134,0.7118999154401144
T10_C100_G500,T10,100,500,500,859.0240478515625,0.2574710882698546,0.2041344520695299,0.1852893526836816,0.3159102277688498,0.0973210075469453,0.5931845421947487,0.1022790207378467,0.5290585809930272,0.0328855826125575
T10_C100_G5000,T10,100,5000,5000,8663.318359375,0.9626121060437514,0.9723483591387356,0.7053557105441065,0.6994861205037654,0.7083205077549681,0.7805536370758989,0.4469612647069393,0.7854655225523016,0.3870208424309269
T10_C100_Gall,T10,100,all,25691,37598.71875,0.996145934912302,0.9980408193677552,0.89762396431903,0.8532967331000025,0.9243265731012192,0.8823652533020387,0.6952033797598125,0.939151254748767,0.7985158241334327
