run_id,template_id,template_h5ad,count_fraction,gene_panel,window_size,seed_panel,seed_counts,run_h5ad,status
T01_C1_G1000,T01,/home/augusta/storage3/augusta/insituCNV/InSituCNV/Evaluate_technical_constrains/data/intermediate/template_adatas/T01_fullgenes_simulated.h5ad,1,1000,4,101,202,/home/augusta/storage3/augusta/insituCNV/InSituCNV/Evaluate_technical_constrains/data/runs/T01_C1_G1000.h5ad,inferred
T01_C1_G10000,T01,/home/augusta/storage3/augusta/insituCNV/InSituCNV/Evaluate_technical_constrains/data/intermediate/template_adatas/T01_fullgenes_simulated.h5ad,1,10000,40,101,202,/home/augusta/storage3/augusta/insituCNV/InSituCNV/Evaluate_technical_constrains/data/runs/T01_C1_G10000.h5ad,inferred
T01_C1_G15000,T01,/home/augusta/storage3/augusta/insituCNV/InSituCNV/Evaluate_technical_constrains/data/intermediate/template_adatas/T01_fullgenes_simulated.h5ad,1,15000,60,101,202,/home/augusta/storage3/augusta/insituCNV/InSituCNV/Evaluate_technical_constrains/data/runs/T01_C1_G15000.h5ad,inferred
T01_C1_G20000,T01,/home/augusta/storage3/augusta/insituCNV/InSituCNV/Evaluate_technical_constrains/data/intermediate/template_adatas/T01_fullgenes_simulated.h5ad,1,20000,80,101,202,/home/augusta/storage3/augusta/insituCNV/InSituCNV/Evaluate_technical_constrains/data/runs/T01_C1_G20000.h5ad,inferred
T01_C1_G500,T01,/home/augusta/storage3/augusta/insituCNV/InSituCNV/Evaluate_technical_constrains/data/intermediate/template_adatas/T01_fullgenes_simulated.h5ad,1,500,2,101,202,/home/augusta/storage3/augusta/insituCNV/InSituCNV/Evaluate_technical_constrains/data/runs/T01_C1_G500.h5ad,inferred
T01_C1_G5000,T01,/home/augusta/storage3/augusta/insituCNV/InSituCNV/Evaluate_technical_constrains/data/intermediate/template_adatas/T01_fullgenes_simulated.h5ad,1,5000,20,101,202,/home/augusta/storage3/augusta/insituCNV/InSituCNV/Evaluate_technical_constrains/data/runs/T01_C1_G5000.h5ad,inferred
T01_C1_Gall,T01,/home/augusta/storage3/augusta/insituCNV/InSituCNV/Evaluate_technical_constrains/data/intermediate/template_adatas/T01_fullgenes_simulated.h5ad,1,all,100,101,202,/home/augusta/storage3/augusta/insituCNV/InSituCNV/Evaluate_technical_constrains/data/runs/T01_C1_Gall.h5ad,inferred
T01_C2_G1000,T01,/home/augusta/storage3/augusta/insituCNV/InSituCNV/Evaluate_technical_constrains/data/intermediate/template_adatas/T01_fullgenes_simulated.h5ad,2,1000,4,101,202,/home/augusta/storage3/augusta/insituCNV/InSituCNV/Evaluate_technical_constrains/data/runs/T01_C2_G1000.h5ad,inferred
T01_C2_G10000,T01,/home/augusta/storage3/augusta/insituCNV/InSituCNV/Evaluate_technical_constrains/data/intermediate/template_adatas/T01_fullgenes_simulated.h5ad,2,10000,40,101,202,/home/augusta/storage3/augusta/insituCNV/InSituCNV/Evaluate_technical_constrains/data/runs/T01_C2_G10000.h5ad,inferred
T01_C2_G15000,T01,/home/augusta/storage3/augusta/insituCNV/InSituCNV/Evaluate_technical_constrains/data/intermediate/template_adatas/T01_fullgenes_simulated.h5ad,2,15000,60,101,202,/home/augusta/storage3/augusta/insituCNV/InSituCNV/Evaluate_technical_constrains/data/runs/T01_C2_G15000.h5ad,inferred
T01_C2_G20000,T01,/home/augusta/storage3/augusta/insituCNV/InSituCNV/Evaluate_technical_constrains/data/intermediate/template_adatas/T01_fullgenes_simulated.h5ad,2,20000,80,101,202,/home/augusta/storage3/augusta/insituCNV/InSituCNV/Evaluate_technical_constrains/data/runs/T01_C2_G20000.h5ad,inferred
T01_C2_G500,T01,/home/augusta/storage3/augusta/insituCNV/InSituCNV/Evaluate_technical_constrains/data/intermediate/template_adatas/T01_fullgenes_simulated.h5ad,2,500,2,101,202,/home/augusta/storage3/augusta/insituCNV/InSituCNV/Evaluate_technical_constrains/data/runs/T01_C2_G500.h5ad,inferred
T01_C2_G5000,T01,/home/augusta/storage3/augusta/insituCNV/InSituCNV/Evaluate_technical_constrains/data/intermediate/template_adatas/T01_fullgenes_simulated.h5ad,2,5000,20,101,202,/home/augusta/storage3/augusta/insituCNV/InSituCNV/Evaluate_technical_constrains/data/runs/T01_C2_G5000.h5ad,inferred
T01_C2_Gall,T01,/home/augusta/storage3/augusta/insituCNV/InSituCNV/Evaluate_technical_constrains/data/intermediate/template_adatas/T01_fullgenes_simulated.h5ad,2,all,100,101,202,/home/augusta/storage3/augusta/insituCNV/InSituCNV/Evaluate_technical_constrains/data/runs/T01_C2_Gall.h5ad,inferred
T01_C3_G1000,T01,/home/augusta/storage3/augusta/insituCNV/InSituCNV/Evaluate_technical_constrains/data/intermediate/template_adatas/T01_fullgenes_simulated.h5ad,3,1000,4,101,202,/home/augusta/storage3/augusta/insituCNV/InSituCNV/Evaluate_technical_constrains/data/runs/T01_C3_G1000.h5ad,inferred
T01_C3_G10000,T01,/home/augusta/storage3/augusta/insituCNV/InSituCNV/Evaluate_technical_constrains/data/intermediate/template_adatas/T01_fullgenes_simulated.h5ad,3,10000,40,101,202,/home/augusta/storage3/augusta/insituCNV/InSituCNV/Evaluate_technical_constrains/data/runs/T01_C3_G10000.h5ad,inferred
T01_C3_G15000,T01,/home/augusta/storage3/augusta/insituCNV/InSituCNV/Evaluate_technical_constrains/data/intermediate/template_adatas/T01_fullgenes_simulated.h5ad,3,15000,60,101,202,/home/augusta/storage3/augusta/insituCNV/InSituCNV/Evaluate_technical_constrains/data/runs/T01_C3_G15000.h5ad,inferred
T01_C3_G20000,T01,/home/augusta/storage3/augusta/insituCNV/InSituCNV/Evaluate_technical_constrains/data/intermediate/template_adatas/T01_fullgenes_simulated.h5ad,3,20000,80,101,202,/home/augusta/storage3/augusta/insituCNV/InSituCNV/Evaluate_technical_constrains/data/runs/T01_C3_G20000.h5ad,inferred
T01_C3_G500,T01,/home/augusta/storage3/augusta/insituCNV/InSituCNV/Evaluate_technical_constrains/data/intermediate/template_adatas/T01_fullgenes_simulated.h5ad,3,500,2,101,202,/home/augusta/storage3/augusta/insituCNV/InSituCNV/Evaluate_technical_constrains/data/runs/T01_C3_G500.h5ad,inferred
T01_C3_G5000,T01,/home/augusta/storage3/augusta/insituCNV/InSituCNV/Evaluate_technical_constrains/data/intermediate/template_adatas/T01_fullgenes_simulated.h5ad,3,5000,20,101,202,/home/augusta/storage3/augusta/insituCNV/InSituCNV/Evaluate_technical_constrains/data/runs/T01_C3_G5000.h5ad,inferred
T01_C3_Gall,T01,/home/augusta/storage3/augusta/insituCNV/InSituCNV/Evaluate_technical_constrains/data/intermediate/template_adatas/T01_fullgenes_simulated.h5ad,3,all,100,101,202,/home/augusta/storage3/augusta/insituCNV/InSituCNV/Evaluate_technical_constrains/data/runs/T01_C3_Gall.h5ad,inferred
T01_C5_G1000,T01,/home/augusta/storage3/augusta/insituCNV/InSituCNV/Evaluate_technical_constrains/data/intermediate/template_adatas/T01_fullgenes_simulated.h5ad,5,1000,4,101,202,/home/augusta/storage3/augusta/insituCNV/InSituCNV/Evaluate_technical_constrains/data/runs/T01_C5_G1000.h5ad,inferred
T01_C5_G10000,T01,/home/augusta/storage3/augusta/insituCNV/InSituCNV/Evaluate_technical_constrains/data/intermediate/template_adatas/T01_fullgenes_simulated.h5ad,5,10000,40,101,202,/home/augusta/storage3/augusta/insituCNV/InSituCNV/Evaluate_technical_constrains/data/runs/T01_C5_G10000.h5ad,inferred
T01_C5_G15000,T01,/home/augusta/storage3/augusta/insituCNV/InSituCNV/Evaluate_technical_constrains/data/intermediate/template_adatas/T01_fullgenes_simulated.h5ad,5,15000,60,101,202,/home/augusta/storage3/augusta/insituCNV/InSituCNV/Evaluate_technical_constrains/data/runs/T01_C5_G15000.h5ad,inferred
T01_C5_G20000,T01,/home/augusta/storage3/augusta/insituCNV/InSituCNV/Evaluate_technical_constrains/data/intermediate/template_adatas/T01_fullgenes_simulated.h5ad,5,20000,80,101,202,/home/augusta/storage3/augusta/insituCNV/InSituCNV/Evaluate_technical_constrains/data/runs/T01_C5_G20000.h5ad,inferred
T01_C5_G500,T01,/home/augusta/storage3/augusta/insituCNV/InSituCNV/Evaluate_technical_constrains/data/intermediate/template_adatas/T01_fullgenes_simulated.h5ad,5,500,2,101,202,/home/augusta/storage3/augusta/insituCNV/InSituCNV/Evaluate_technical_constrains/data/runs/T01_C5_G500.h5ad,inferred
T01_C5_G5000,T01,/home/augusta/storage3/augusta/insituCNV/InSituCNV/Evaluate_technical_constrains/data/intermediate/template_adatas/T01_fullgenes_simulated.h5ad,5,5000,20,101,202,/home/augusta/storage3/augusta/insituCNV/InSituCNV/Evaluate_technical_constrains/data/runs/T01_C5_G5000.h5ad,inferred
T01_C5_Gall,T01,/home/augusta/storage3/augusta/insituCNV/InSituCNV/Evaluate_technical_constrains/data/intermediate/template_adatas/T01_fullgenes_simulated.h5ad,5,all,100,101,202,/home/augusta/storage3/augusta/insituCNV/InSituCNV/Evaluate_technical_constrains/data/runs/T01_C5_Gall.h5ad,inferred
T01_C10_G1000,T01,/home/augusta/storage3/augusta/insituCNV/InSituCNV/Evaluate_technical_constrains/data/intermediate/template_adatas/T01_fullgenes_simulated.h5ad,10,1000,4,101,202,/home/augusta/storage3/augusta/insituCNV/InSituCNV/Evaluate_technical_constrains/data/runs/T01_C10_G1000.h5ad,inferred
T01_C10_G10000,T01,/home/augusta/storage3/augusta/insituCNV/InSituCNV/Evaluate_technical_constrains/data/intermediate/template_adatas/T01_fullgenes_simulated.h5ad,10,10000,40,101,202,/home/augusta/storage3/augusta/insituCNV/InSituCNV/Evaluate_technical_constrains/data/runs/T01_C10_G10000.h5ad,inferred
T01_C10_G15000,T01,/home/augusta/storage3/augusta/insituCNV/InSituCNV/Evaluate_technical_constrains/data/intermediate/template_adatas/T01_fullgenes_simulated.h5ad,10,15000,60,101,202,/home/augusta/storage3/augusta/insituCNV/InSituCNV/Evaluate_technical_constrains/data/runs/T01_C10_G15000.h5ad,inferred
T01_C10_G20000,T01,/home/augusta/storage3/augusta/insituCNV/InSituCNV/Evaluate_technical_constrains/data/intermediate/template_adatas/T01_fullgenes_simulated.h5ad,10,20000,80,101,202,/home/augusta/storage3/augusta/insituCNV/InSituCNV/Evaluate_technical_constrains/data/runs/T01_C10_G20000.h5ad,inferred
T01_C10_G500,T01,/home/augusta/storage3/augusta/insituCNV/InSituCNV/Evaluate_technical_constrains/data/intermediate/template_adatas/T01_fullgenes_simulated.h5ad,10,500,2,101,202,/home/augusta/storage3/augusta/insituCNV/InSituCNV/Evaluate_technical_constrains/data/runs/T01_C10_G500.h5ad,inferred
T01_C10_G5000,T01,/home/augusta/storage3/augusta/insituCNV/InSituCNV/Evaluate_technical_constrains/data/intermediate/template_adatas/T01_fullgenes_simulated.h5ad,10,5000,20,101,202,/home/augusta/storage3/augusta/insituCNV/InSituCNV/Evaluate_technical_constrains/data/runs/T01_C10_G5000.h5ad,inferred
T01_C10_Gall,T01,/home/augusta/storage3/augusta/insituCNV/InSituCNV/Evaluate_technical_constrains/data/intermediate/template_adatas/T01_fullgenes_simulated.h5ad,10,all,100,101,202,/home/augusta/storage3/augusta/insituCNV/InSituCNV/Evaluate_technical_constrains/data/runs/T01_C10_Gall.h5ad,inferred
T01_C20_G1000,T01,/home/augusta/storage3/augusta/insituCNV/InSituCNV/Evaluate_technical_constrains/data/intermediate/template_adatas/T01_fullgenes_simulated.h5ad,20,1000,4,101,202,/home/augusta/storage3/augusta/insituCNV/InSituCNV/Evaluate_technical_constrains/data/runs/T01_C20_G1000.h5ad,inferred
T01_C20_G10000,T01,/home/augusta/storage3/augusta/insituCNV/InSituCNV/Evaluate_technical_constrains/data/intermediate/template_adatas/T01_fullgenes_simulated.h5ad,20,10000,40,101,202,/home/augusta/storage3/augusta/insituCNV/InSituCNV/Evaluate_technical_constrains/data/runs/T01_C20_G10000.h5ad,inferred
T01_C20_G15000,T01,/home/augusta/storage3/augusta/insituCNV/InSituCNV/Evaluate_technical_constrains/data/intermediate/template_adatas/T01_fullgenes_simulated.h5ad,20,15000,60,101,202,/home/augusta/storage3/augusta/insituCNV/InSituCNV/Evaluate_technical_constrains/data/runs/T01_C20_G15000.h5ad,inferred
T01_C20_G20000,T01,/home/augusta/storage3/augusta/insituCNV/InSituCNV/Evaluate_technical_constrains/data/intermediate/template_adatas/T01_fullgenes_simulated.h5ad,20,20000,80,101,202,/home/augusta/storage3/augusta/insituCNV/InSituCNV/Evaluate_technical_constrains/data/runs/T01_C20_G20000.h5ad,inferred
T01_C20_G500,T01,/home/augusta/storage3/augusta/insituCNV/InSituCNV/Evaluate_technical_constrains/data/intermediate/template_adatas/T01_fullgenes_simulated.h5ad,20,500,2,101,202,/home/augusta/storage3/augusta/insituCNV/InSituCNV/Evaluate_technical_constrains/data/runs/T01_C20_G500.h5ad,inferred
T01_C20_G5000,T01,/home/augusta/storage3/augusta/insituCNV/InSituCNV/Evaluate_technical_constrains/data/intermediate/template_adatas/T01_fullgenes_simulated.h5ad,20,5000,20,101,202,/home/augusta/storage3/augusta/insituCNV/InSituCNV/Evaluate_technical_constrains/data/runs/T01_C20_G5000.h5ad,inferred
T01_C20_Gall,T01,/home/augusta/storage3/augusta/insituCNV/InSituCNV/Evaluate_technical_constrains/data/intermediate/template_adatas/T01_fullgenes_simulated.h5ad,20,all,100,101,202,/home/augusta/storage3/augusta/insituCNV/InSituCNV/Evaluate_technical_constrains/data/runs/T01_C20_Gall.h5ad,inferred
T01_C50_G1000,T01,/home/augusta/storage3/augusta/insituCNV/InSituCNV/Evaluate_technical_constrains/data/intermediate/template_adatas/T01_fullgenes_simulated.h5ad,50,1000,4,101,202,/home/augusta/storage3/augusta/insituCNV/InSituCNV/Evaluate_technical_constrains/data/runs/T01_C50_G1000.h5ad,inferred
T01_C50_G10000,T01,/home/augusta/storage3/augusta/insituCNV/InSituCNV/Evaluate_technical_constrains/data/intermediate/template_adatas/T01_fullgenes_simulated.h5ad,50,10000,40,101,202,/home/augusta/storage3/augusta/insituCNV/InSituCNV/Evaluate_technical_constrains/data/runs/T01_C50_G10000.h5ad,inferred
T01_C50_G15000,T01,/home/augusta/storage3/augusta/insituCNV/InSituCNV/Evaluate_technical_constrains/data/intermediate/template_adatas/T01_fullgenes_simulated.h5ad,50,15000,60,101,202,/home/augusta/storage3/augusta/insituCNV/InSituCNV/Evaluate_technical_constrains/data/runs/T01_C50_G15000.h5ad,inferred
T01_C50_G20000,T01,/home/augusta/storage3/augusta/insituCNV/InSituCNV/Evaluate_technical_constrains/data/intermediate/template_adatas/T01_fullgenes_simulated.h5ad,50,20000,80,101,202,/home/augusta/storage3/augusta/insituCNV/InSituCNV/Evaluate_technical_constrains/data/runs/T01_C50_G20000.h5ad,inferred
T01_C50_G500,T01,/home/augusta/storage3/augusta/insituCNV/InSituCNV/Evaluate_technical_constrains/data/intermediate/template_adatas/T01_fullgenes_simulated.h5ad,50,500,2,101,202,/home/augusta/storage3/augusta/insituCNV/InSituCNV/Evaluate_technical_constrains/data/runs/T01_C50_G500.h5ad,inferred
T01_C50_G5000,T01,/home/augusta/storage3/augusta/insituCNV/InSituCNV/Evaluate_technical_constrains/data/intermediate/template_adatas/T01_fullgenes_simulated.h5ad,50,5000,20,101,202,/home/augusta/storage3/augusta/insituCNV/InSituCNV/Evaluate_technical_constrains/data/runs/T01_C50_G5000.h5ad,inferred
T01_C50_Gall,T01,/home/augusta/storage3/augusta/insituCNV/InSituCNV/Evaluate_technical_constrains/data/intermediate/template_adatas/T01_fullgenes_simulated.h5ad,50,all,100,101,202,/home/augusta/storage3/augusta/insituCNV/InSituCNV/Evaluate_technical_constrains/data/runs/T01_C50_Gall.h5ad,inferred
T01_C70_G1000,T01,/home/augusta/storage3/augusta/insituCNV/InSituCNV/Evaluate_technical_constrains/data/intermediate/template_adatas/T01_fullgenes_simulated.h5ad,70,1000,4,101,202,/home/augusta/storage3/augusta/insituCNV/InSituCNV/Evaluate_technical_constrains/data/runs/T01_C70_G1000.h5ad,inferred
T01_C70_G10000,T01,/home/augusta/storage3/augusta/insituCNV/InSituCNV/Evaluate_technical_constrains/data/intermediate/template_adatas/T01_fullgenes_simulated.h5ad,70,10000,40,101,202,/home/augusta/storage3/augusta/insituCNV/InSituCNV/Evaluate_technical_constrains/data/runs/T01_C70_G10000.h5ad,inferred
T01_C70_G15000,T01,/home/augusta/storage3/augusta/insituCNV/InSituCNV/Evaluate_technical_constrains/data/intermediate/template_adatas/T01_fullgenes_simulated.h5ad,70,15000,60,101,202,/home/augusta/storage3/augusta/insituCNV/InSituCNV/Evaluate_technical_constrains/data/runs/T01_C70_G15000.h5ad,inferred
T01_C70_G20000,T01,/home/augusta/storage3/augusta/insituCNV/InSituCNV/Evaluate_technical_constrains/data/intermediate/template_adatas/T01_fullgenes_simulated.h5ad,70,20000,80,101,202,/home/augusta/storage3/augusta/insituCNV/InSituCNV/Evaluate_technical_constrains/data/runs/T01_C70_G20000.h5ad,inferred
T01_C70_G500,T01,/home/augusta/storage3/augusta/insituCNV/InSituCNV/Evaluate_technical_constrains/data/intermediate/template_adatas/T01_fullgenes_simulated.h5ad,70,500,2,101,202,/home/augusta/storage3/augusta/insituCNV/InSituCNV/Evaluate_technical_constrains/data/runs/T01_C70_G500.h5ad,inferred
T01_C70_G5000,T01,/home/augusta/storage3/augusta/insituCNV/InSituCNV/Evaluate_technical_constrains/data/intermediate/template_adatas/T01_fullgenes_simulated.h5ad,70,5000,20,101,202,/home/augusta/storage3/augusta/insituCNV/InSituCNV/Evaluate_technical_constrains/data/runs/T01_C70_G5000.h5ad,inferred
T01_C70_Gall,T01,/home/augusta/storage3/augusta/insituCNV/InSituCNV/Evaluate_technical_constrains/data/intermediate/template_adatas/T01_fullgenes_simulated.h5ad,70,all,100,101,202,/home/augusta/storage3/augusta/insituCNV/InSituCNV/Evaluate_technical_constrains/data/runs/T01_C70_Gall.h5ad,inferred
T01_C100_G1000,T01,/home/augusta/storage3/augusta/insituCNV/InSituCNV/Evaluate_technical_constrains/data/intermediate/template_adatas/T01_fullgenes_simulated.h5ad,100,1000,4,101,202,/home/augusta/storage3/augusta/insituCNV/InSituCNV/Evaluate_technical_constrains/data/runs/T01_C100_G1000.h5ad,inferred
T01_C100_G10000,T01,/home/augusta/storage3/augusta/insituCNV/InSituCNV/Evaluate_technical_constrains/data/intermediate/template_adatas/T01_fullgenes_simulated.h5ad,100,10000,40,101,202,/home/augusta/storage3/augusta/insituCNV/InSituCNV/Evaluate_technical_constrains/data/runs/T01_C100_G10000.h5ad,inferred
T01_C100_G15000,T01,/home/augusta/storage3/augusta/insituCNV/InSituCNV/Evaluate_technical_constrains/data/intermediate/template_adatas/T01_fullgenes_simulated.h5ad,100,15000,60,101,202,/home/augusta/storage3/augusta/insituCNV/InSituCNV/Evaluate_technical_constrains/data/runs/T01_C100_G15000.h5ad,inferred
T01_C100_G20000,T01,/home/augusta/storage3/augusta/insituCNV/InSituCNV/Evaluate_technical_constrains/data/intermediate/template_adatas/T01_fullgenes_simulated.h5ad,100,20000,80,101,202,/home/augusta/storage3/augusta/insituCNV/InSituCNV/Evaluate_technical_constrains/data/runs/T01_C100_G20000.h5ad,inferred
T01_C100_G500,T01,/home/augusta/storage3/augusta/insituCNV/InSituCNV/Evaluate_technical_constrains/data/intermediate/template_adatas/T01_fullgenes_simulated.h5ad,100,500,2,101,202,/home/augusta/storage3/augusta/insituCNV/InSituCNV/Evaluate_technical_constrains/data/runs/T01_C100_G500.h5ad,inferred
T01_C100_G5000,T01,/home/augusta/storage3/augusta/insituCNV/InSituCNV/Evaluate_technical_constrains/data/intermediate/template_adatas/T01_fullgenes_simulated.h5ad,100,5000,20,101,202,/home/augusta/storage3/augusta/insituCNV/InSituCNV/Evaluate_technical_constrains/data/runs/T01_C100_G5000.h5ad,inferred
T01_C100_Gall,T01,/home/augusta/storage3/augusta/insituCNV/InSituCNV/Evaluate_technical_constrains/data/intermediate/template_adatas/T01_fullgenes_simulated.h5ad,100,all,100,101,202,/home/augusta/storage3/augusta/insituCNV/InSituCNV/Evaluate_technical_constrains/data/runs/T01_C100_Gall.h5ad,inferred
T02_C1_G1000,T02,/home/augusta/storage3/augusta/insituCNV/InSituCNV/Evaluate_technical_constrains/data/intermediate/template_adatas/T02_fullgenes_simulated.h5ad,1,1000,4,101,202,/home/augusta/storage3/augusta/insituCNV/InSituCNV/Evaluate_technical_constrains/data/runs/T02_C1_G1000.h5ad,inferred
T02_C1_G10000,T02,/home/augusta/storage3/augusta/insituCNV/InSituCNV/Evaluate_technical_constrains/data/intermediate/template_adatas/T02_fullgenes_simulated.h5ad,1,10000,40,101,202,/home/augusta/storage3/augusta/insituCNV/InSituCNV/Evaluate_technical_constrains/data/runs/T02_C1_G10000.h5ad,inferred
T02_C1_G15000,T02,/home/augusta/storage3/augusta/insituCNV/InSituCNV/Evaluate_technical_constrains/data/intermediate/template_adatas/T02_fullgenes_simulated.h5ad,1,15000,60,101,202,/home/augusta/storage3/augusta/insituCNV/InSituCNV/Evaluate_technical_constrains/data/runs/T02_C1_G15000.h5ad,inferred
T02_C1_G20000,T02,/home/augusta/storage3/augusta/insituCNV/InSituCNV/Evaluate_technical_constrains/data/intermediate/template_adatas/T02_fullgenes_simulated.h5ad,1,20000,80,101,202,/home/augusta/storage3/augusta/insituCNV/InSituCNV/Evaluate_technical_constrains/data/runs/T02_C1_G20000.h5ad,inferred
T02_C1_G500,T02,/home/augusta/storage3/augusta/insituCNV/InSituCNV/Evaluate_technical_constrains/data/intermediate/template_adatas/T02_fullgenes_simulated.h5ad,1,500,2,101,202,/home/augusta/storage3/augusta/insituCNV/InSituCNV/Evaluate_technical_constrains/data/runs/T02_C1_G500.h5ad,inferred
T02_C1_G5000,T02,/home/augusta/storage3/augusta/insituCNV/InSituCNV/Evaluate_technical_constrains/data/intermediate/template_adatas/T02_fullgenes_simulated.h5ad,1,5000,20,101,202,/home/augusta/storage3/augusta/insituCNV/InSituCNV/Evaluate_technical_constrains/data/runs/T02_C1_G5000.h5ad,inferred
T02_C1_Gall,T02,/home/augusta/storage3/augusta/insituCNV/InSituCNV/Evaluate_technical_constrains/data/intermediate/template_adatas/T02_fullgenes_simulated.h5ad,1,all,100,101,202,/home/augusta/storage3/augusta/insituCNV/InSituCNV/Evaluate_technical_constrains/data/runs/T02_C1_Gall.h5ad,inferred
T02_C2_G1000,T02,/home/augusta/storage3/augusta/insituCNV/InSituCNV/Evaluate_technical_constrains/data/intermediate/template_adatas/T02_fullgenes_simulated.h5ad,2,1000,4,101,202,/home/augusta/storage3/augusta/insituCNV/InSituCNV/Evaluate_technical_constrains/data/runs/T02_C2_G1000.h5ad,inferred
T02_C2_G10000,T02,/home/augusta/storage3/augusta/insituCNV/InSituCNV/Evaluate_technical_constrains/data/intermediate/template_adatas/T02_fullgenes_simulated.h5ad,2,10000,40,101,202,/home/augusta/storage3/augusta/insituCNV/InSituCNV/Evaluate_technical_constrains/data/runs/T02_C2_G10000.h5ad,inferred
T02_C2_G15000,T02,/home/augusta/storage3/augusta/insituCNV/InSituCNV/Evaluate_technical_constrains/data/intermediate/template_adatas/T02_fullgenes_simulated.h5ad,2,15000,60,101,202,/home/augusta/storage3/augusta/insituCNV/InSituCNV/Evaluate_technical_constrains/data/runs/T02_C2_G15000.h5ad,inferred
T02_C2_G20000,T02,/home/augusta/storage3/augusta/insituCNV/InSituCNV/Evaluate_technical_constrains/data/intermediate/template_adatas/T02_fullgenes_simulated.h5ad,2,20000,80,101,202,/home/augusta/storage3/augusta/insituCNV/InSituCNV/Evaluate_technical_constrains/data/runs/T02_C2_G20000.h5ad,inferred
T02_C2_G500,T02,/home/augusta/storage3/augusta/insituCNV/InSituCNV/Evaluate_technical_constrains/data/intermediate/template_adatas/T02_fullgenes_simulated.h5ad,2,500,2,101,202,/home/augusta/storage3/augusta/insituCNV/InSituCNV/Evaluate_technical_constrains/data/runs/T02_C2_G500.h5ad,inferred
T02_C2_G5000,T02,/home/augusta/storage3/augusta/insituCNV/InSituCNV/Evaluate_technical_constrains/data/intermediate/template_adatas/T02_fullgenes_simulated.h5ad,2,5000,20,101,202,/home/augusta/storage3/augusta/insituCNV/InSituCNV/Evaluate_technical_constrains/data/runs/T02_C2_G5000.h5ad,inferred
T02_C2_Gall,T02,/home/augusta/storage3/augusta/insituCNV/InSituCNV/Evaluate_technical_constrains/data/intermediate/template_adatas/T02_fullgenes_simulated.h5ad,2,all,100,101,202,/home/augusta/storage3/augusta/insituCNV/InSituCNV/Evaluate_technical_constrains/data/runs/T02_C2_Gall.h5ad,inferred
T02_C3_G1000,T02,/home/augusta/storage3/augusta/insituCNV/InSituCNV/Evaluate_technical_constrains/data/intermediate/template_adatas/T02_fullgenes_simulated.h5ad,3,1000,4,101,202,/home/augusta/storage3/augusta/insituCNV/InSituCNV/Evaluate_technical_constrains/data/runs/T02_C3_G1000.h5ad,inferred
T02_C3_G10000,T02,/home/augusta/storage3/augusta/insituCNV/InSituCNV/Evaluate_technical_constrains/data/intermediate/template_adatas/T02_fullgenes_simulated.h5ad,3,10000,40,101,202,/home/augusta/storage3/augusta/insituCNV/InSituCNV/Evaluate_technical_constrains/data/runs/T02_C3_G10000.h5ad,inferred
T02_C3_G15000,T02,/home/augusta/storage3/augusta/insituCNV/InSituCNV/Evaluate_technical_constrains/data/intermediate/template_adatas/T02_fullgenes_simulated.h5ad,3,15000,60,101,202,/home/augusta/storage3/augusta/insituCNV/InSituCNV/Evaluate_technical_constrains/data/runs/T02_C3_G15000.h5ad,inferred
T02_C3_G20000,T02,/home/augusta/storage3/augusta/insituCNV/InSituCNV/Evaluate_technical_constrains/data/intermediate/template_adatas/T02_fullgenes_simulated.h5ad,3,20000,80,101,202,/home/augusta/storage3/augusta/insituCNV/InSituCNV/Evaluate_technical_constrains/data/runs/T02_C3_G20000.h5ad,inferred
T02_C3_G500,T02,/home/augusta/storage3/augusta/insituCNV/InSituCNV/Evaluate_technical_constrains/data/intermediate/template_adatas/T02_fullgenes_simulated.h5ad,3,500,2,101,202,/home/augusta/storage3/augusta/insituCNV/InSituCNV/Evaluate_technical_constrains/data/runs/T02_C3_G500.h5ad,inferred
T02_C3_G5000,T02,/home/augusta/storage3/augusta/insituCNV/InSituCNV/Evaluate_technical_constrains/data/intermediate/template_adatas/T02_fullgenes_simulated.h5ad,3,5000,20,101,202,/home/augusta/storage3/augusta/insituCNV/InSituCNV/Evaluate_technical_constrains/data/runs/T02_C3_G5000.h5ad,inferred
T02_C3_Gall,T02,/home/augusta/storage3/augusta/insituCNV/InSituCNV/Evaluate_technical_constrains/data/intermediate/template_adatas/T02_fullgenes_simulated.h5ad,3,all,100,101,202,/home/augusta/storage3/augusta/insituCNV/InSituCNV/Evaluate_technical_constrains/data/runs/T02_C3_Gall.h5ad,inferred
T02_C5_G1000,T02,/home/augusta/storage3/augusta/insituCNV/InSituCNV/Evaluate_technical_constrains/data/intermediate/template_adatas/T02_fullgenes_simulated.h5ad,5,1000,4,101,202,/home/augusta/storage3/augusta/insituCNV/InSituCNV/Evaluate_technical_constrains/data/runs/T02_C5_G1000.h5ad,inferred
T02_C5_G10000,T02,/home/augusta/storage3/augusta/insituCNV/InSituCNV/Evaluate_technical_constrains/data/intermediate/template_adatas/T02_fullgenes_simulated.h5ad,5,10000,40,101,202,/home/augusta/storage3/augusta/insituCNV/InSituCNV/Evaluate_technical_constrains/data/runs/T02_C5_G10000.h5ad,inferred
T02_C5_G15000,T02,/home/augusta/storage3/augusta/insituCNV/InSituCNV/Evaluate_technical_constrains/data/intermediate/template_adatas/T02_fullgenes_simulated.h5ad,5,15000,60,101,202,/home/augusta/storage3/augusta/insituCNV/InSituCNV/Evaluate_technical_constrains/data/runs/T02_C5_G15000.h5ad,inferred
T02_C5_G20000,T02,/home/augusta/storage3/augusta/insituCNV/InSituCNV/Evaluate_technical_constrains/data/intermediate/template_adatas/T02_fullgenes_simulated.h5ad,5,20000,80,101,202,/home/augusta/storage3/augusta/insituCNV/InSituCNV/Evaluate_technical_constrains/data/runs/T02_C5_G20000.h5ad,inferred
T02_C5_G500,T02,/home/augusta/storage3/augusta/insituCNV/InSituCNV/Evaluate_technical_constrains/data/intermediate/template_adatas/T02_fullgenes_simulated.h5ad,5,500,2,101,202,/home/augusta/storage3/augusta/insituCNV/InSituCNV/Evaluate_technical_constrains/data/runs/T02_C5_G500.h5ad,inferred
T02_C5_G5000,T02,/home/augusta/storage3/augusta/insituCNV/InSituCNV/Evaluate_technical_constrains/data/intermediate/template_adatas/T02_fullgenes_simulated.h5ad,5,5000,20,101,202,/home/augusta/storage3/augusta/insituCNV/InSituCNV/Evaluate_technical_constrains/data/runs/T02_C5_G5000.h5ad,inferred
T02_C5_Gall,T02,/home/augusta/storage3/augusta/insituCNV/InSituCNV/Evaluate_technical_constrains/data/intermediate/template_adatas/T02_fullgenes_simulated.h5ad,5,all,100,101,202,/home/augusta/storage3/augusta/insituCNV/InSituCNV/Evaluate_technical_constrains/data/runs/T02_C5_Gall.h5ad,inferred
T02_C10_G1000,T02,/home/augusta/storage3/augusta/insituCNV/InSituCNV/Evaluate_technical_constrains/data/intermediate/template_adatas/T02_fullgenes_simulated.h5ad,10,1000,4,101,202,/home/augusta/storage3/augusta/insituCNV/InSituCNV/Evaluate_technical_constrains/data/runs/T02_C10_G1000.h5ad,inferred
T02_C10_G10000,T02,/home/augusta/storage3/augusta/insituCNV/InSituCNV/Evaluate_technical_constrains/data/intermediate/template_adatas/T02_fullgenes_simulated.h5ad,10,10000,40,101,202,/home/augusta/storage3/augusta/insituCNV/InSituCNV/Evaluate_technical_constrains/data/runs/T02_C10_G10000.h5ad,inferred
T02_C10_G15000,T02,/home/augusta/storage3/augusta/insituCNV/InSituCNV/Evaluate_technical_constrains/data/intermediate/template_adatas/T02_fullgenes_simulated.h5ad,10,15000,60,101,202,/home/augusta/storage3/augusta/insituCNV/InSituCNV/Evaluate_technical_constrains/data/runs/T02_C10_G15000.h5ad,inferred
T02_C10_G20000,T02,/home/augusta/storage3/augusta/insituCNV/InSituCNV/Evaluate_technical_constrains/data/intermediate/template_adatas/T02_fullgenes_simulated.h5ad,10,20000,80,101,202,/home/augusta/storage3/augusta/insituCNV/InSituCNV/Evaluate_technical_constrains/data/runs/T02_C10_G20000.h5ad,inferred
T02_C10_G500,T02,/home/augusta/storage3/augusta/insituCNV/InSituCNV/Evaluate_technical_constrains/data/intermediate/template_adatas/T02_fullgenes_simulated.h5ad,10,500,2,101,202,/home/augusta/storage3/augusta/insituCNV/InSituCNV/Evaluate_technical_constrains/data/runs/T02_C10_G500.h5ad,inferred
T02_C10_G5000,T02,/home/augusta/storage3/augusta/insituCNV/InSituCNV/Evaluate_technical_constrains/data/intermediate/template_adatas/T02_fullgenes_simulated.h5ad,10,5000,20,101,202,/home/augusta/storage3/augusta/insituCNV/InSituCNV/Evaluate_technical_constrains/data/runs/T02_C10_G5000.h5ad,inferred
T02_C10_Gall,T02,/home/augusta/storage3/augusta/insituCNV/InSituCNV/Evaluate_technical_constrains/data/intermediate/template_adatas/T02_fullgenes_simulated.h5ad,10,all,100,101,202,/home/augusta/storage3/augusta/insituCNV/InSituCNV/Evaluate_technical_constrains/data/runs/T02_C10_Gall.h5ad,inferred
T02_C20_G1000,T02,/home/augusta/storage3/augusta/insituCNV/InSituCNV/Evaluate_technical_constrains/data/intermediate/template_adatas/T02_fullgenes_simulated.h5ad,20,1000,4,101,202,/home/augusta/storage3/augusta/insituCNV/InSituCNV/Evaluate_technical_constrains/data/runs/T02_C20_G1000.h5ad,inferred
T02_C20_G10000,T02,/home/augusta/storage3/augusta/insituCNV/InSituCNV/Evaluate_technical_constrains/data/intermediate/template_adatas/T02_fullgenes_simulated.h5ad,20,10000,40,101,202,/home/augusta/storage3/augusta/insituCNV/InSituCNV/Evaluate_technical_constrains/data/runs/T02_C20_G10000.h5ad,inferred
T02_C20_G15000,T02,/home/augusta/storage3/augusta/insituCNV/InSituCNV/Evaluate_technical_constrains/data/intermediate/template_adatas/T02_fullgenes_simulated.h5ad,20,15000,60,101,202,/home/augusta/storage3/augusta/insituCNV/InSituCNV/Evaluate_technical_constrains/data/runs/T02_C20_G15000.h5ad,inferred
T02_C20_G20000,T02,/home/augusta/storage3/augusta/insituCNV/InSituCNV/Evaluate_technical_constrains/data/intermediate/template_adatas/T02_fullgenes_simulated.h5ad,20,20000,80,101,202,/home/augusta/storage3/augusta/insituCNV/InSituCNV/Evaluate_technical_constrains/data/runs/T02_C20_G20000.h5ad,inferred
T02_C20_G500,T02,/home/augusta/storage3/augusta/insituCNV/InSituCNV/Evaluate_technical_constrains/data/intermediate/template_adatas/T02_fullgenes_simulated.h5ad,20,500,2,101,202,/home/augusta/storage3/augusta/insituCNV/InSituCNV/Evaluate_technical_constrains/data/runs/T02_C20_G500.h5ad,inferred
T02_C20_G5000,T02,/home/augusta/storage3/augusta/insituCNV/InSituCNV/Evaluate_technical_constrains/data/intermediate/template_adatas/T02_fullgenes_simulated.h5ad,20,5000,20,101,202,/home/augusta/storage3/augusta/insituCNV/InSituCNV/Evaluate_technical_constrains/data/runs/T02_C20_G5000.h5ad,inferred
T02_C20_Gall,T02,/home/augusta/storage3/augusta/insituCNV/InSituCNV/Evaluate_technical_constrains/data/intermediate/template_adatas/T02_fullgenes_simulated.h5ad,20,all,100,101,202,/home/augusta/storage3/augusta/insituCNV/InSituCNV/Evaluate_technical_constrains/data/runs/T02_C20_Gall.h5ad,inferred
T02_C50_G1000,T02,/home/augusta/storage3/augusta/insituCNV/InSituCNV/Evaluate_technical_constrains/data/intermediate/template_adatas/T02_fullgenes_simulated.h5ad,50,1000,4,101,202,/home/augusta/storage3/augusta/insituCNV/InSituCNV/Evaluate_technical_constrains/data/runs/T02_C50_G1000.h5ad,inferred
T02_C50_G10000,T02,/home/augusta/storage3/augusta/insituCNV/InSituCNV/Evaluate_technical_constrains/data/intermediate/template_adatas/T02_fullgenes_simulated.h5ad,50,10000,40,101,202,/home/augusta/storage3/augusta/insituCNV/InSituCNV/Evaluate_technical_constrains/data/runs/T02_C50_G10000.h5ad,inferred
T02_C50_G15000,T02,/home/augusta/storage3/augusta/insituCNV/InSituCNV/Evaluate_technical_constrains/data/intermediate/template_adatas/T02_fullgenes_simulated.h5ad,50,15000,60,101,202,/home/augusta/storage3/augusta/insituCNV/InSituCNV/Evaluate_technical_constrains/data/runs/T02_C50_G15000.h5ad,inferred
T02_C50_G20000,T02,/home/augusta/storage3/augusta/insituCNV/InSituCNV/Evaluate_technical_constrains/data/intermediate/template_adatas/T02_fullgenes_simulated.h5ad,50,20000,80,101,202,/home/augusta/storage3/augusta/insituCNV/InSituCNV/Evaluate_technical_constrains/data/runs/T02_C50_G20000.h5ad,inferred
T02_C50_G500,T02,/home/augusta/storage3/augusta/insituCNV/InSituCNV/Evaluate_technical_constrains/data/intermediate/template_adatas/T02_fullgenes_simulated.h5ad,50,500,2,101,202,/home/augusta/storage3/augusta/insituCNV/InSituCNV/Evaluate_technical_constrains/data/runs/T02_C50_G500.h5ad,inferred
T02_C50_G5000,T02,/home/augusta/storage3/augusta/insituCNV/InSituCNV/Evaluate_technical_constrains/data/intermediate/template_adatas/T02_fullgenes_simulated.h5ad,50,5000,20,101,202,/home/augusta/storage3/augusta/insituCNV/InSituCNV/Evaluate_technical_constrains/data/runs/T02_C50_G5000.h5ad,inferred
T02_C50_Gall,T02,/home/augusta/storage3/augusta/insituCNV/InSituCNV/Evaluate_technical_constrains/data/intermediate/template_adatas/T02_fullgenes_simulated.h5ad,50,all,100,101,202,/home/augusta/storage3/augusta/insituCNV/InSituCNV/Evaluate_technical_constrains/data/runs/T02_C50_Gall.h5ad,inferred
T02_C70_G1000,T02,/home/augusta/storage3/augusta/insituCNV/InSituCNV/Evaluate_technical_constrains/data/intermediate/template_adatas/T02_fullgenes_simulated.h5ad,70,1000,4,101,202,/home/augusta/storage3/augusta/insituCNV/InSituCNV/Evaluate_technical_constrains/data/runs/T02_C70_G1000.h5ad,inferred
T02_C70_G10000,T02,/home/augusta/storage3/augusta/insituCNV/InSituCNV/Evaluate_technical_constrains/data/intermediate/template_adatas/T02_fullgenes_simulated.h5ad,70,10000,40,101,202,/home/augusta/storage3/augusta/insituCNV/InSituCNV/Evaluate_technical_constrains/data/runs/T02_C70_G10000.h5ad,inferred
T02_C70_G15000,T02,/home/augusta/storage3/augusta/insituCNV/InSituCNV/Evaluate_technical_constrains/data/intermediate/template_adatas/T02_fullgenes_simulated.h5ad,70,15000,60,101,202,/home/augusta/storage3/augusta/insituCNV/InSituCNV/Evaluate_technical_constrains/data/runs/T02_C70_G15000.h5ad,inferred
T02_C70_G20000,T02,/home/augusta/storage3/augusta/insituCNV/InSituCNV/Evaluate_technical_constrains/data/intermediate/template_adatas/T02_fullgenes_simulated.h5ad,70,20000,80,101,202,/home/augusta/storage3/augusta/insituCNV/InSituCNV/Evaluate_technical_constrains/data/runs/T02_C70_G20000.h5ad,failed
T02_C70_G500,T02,/home/augusta/storage3/augusta/insituCNV/InSituCNV/Evaluate_technical_constrains/data/intermediate/template_adatas/T02_fullgenes_simulated.h5ad,70,500,2,101,202,/home/augusta/storage3/augusta/insituCNV/InSituCNV/Evaluate_technical_constrains/data/runs/T02_C70_G500.h5ad,inferred
T02_C70_G5000,T02,/home/augusta/storage3/augusta/insituCNV/InSituCNV/Evaluate_technical_constrains/data/intermediate/template_adatas/T02_fullgenes_simulated.h5ad,70,5000,20,101,202,/home/augusta/storage3/augusta/insituCNV/InSituCNV/Evaluate_technical_constrains/data/runs/T02_C70_G5000.h5ad,inferred
T02_C70_Gall,T02,/home/augusta/storage3/augusta/insituCNV/InSituCNV/Evaluate_technical_constrains/data/intermediate/template_adatas/T02_fullgenes_simulated.h5ad,70,all,100,101,202,/home/augusta/storage3/augusta/insituCNV/InSituCNV/Evaluate_technical_constrains/data/runs/T02_C70_Gall.h5ad,inferred
T02_C100_G1000,T02,/home/augusta/storage3/augusta/insituCNV/InSituCNV/Evaluate_technical_constrains/data/intermediate/template_adatas/T02_fullgenes_simulated.h5ad,100,1000,4,101,202,/home/augusta/storage3/augusta/insituCNV/InSituCNV/Evaluate_technical_constrains/data/runs/T02_C100_G1000.h5ad,inferred
T02_C100_G10000,T02,/home/augusta/storage3/augusta/insituCNV/InSituCNV/Evaluate_technical_constrains/data/intermediate/template_adatas/T02_fullgenes_simulated.h5ad,100,10000,40,101,202,/home/augusta/storage3/augusta/insituCNV/InSituCNV/Evaluate_technical_constrains/data/runs/T02_C100_G10000.h5ad,inferred
T02_C100_G15000,T02,/home/augusta/storage3/augusta/insituCNV/InSituCNV/Evaluate_technical_constrains/data/intermediate/template_adatas/T02_fullgenes_simulated.h5ad,100,15000,60,101,202,/home/augusta/storage3/augusta/insituCNV/InSituCNV/Evaluate_technical_constrains/data/runs/T02_C100_G15000.h5ad,inferred
T02_C100_G20000,T02,/home/augusta/storage3/augusta/insituCNV/InSituCNV/Evaluate_technical_constrains/data/intermediate/template_adatas/T02_fullgenes_simulated.h5ad,100,20000,80,101,202,/home/augusta/storage3/augusta/insituCNV/InSituCNV/Evaluate_technical_constrains/data/runs/T02_C100_G20000.h5ad,inferred
T02_C100_G500,T02,/home/augusta/storage3/augusta/insituCNV/InSituCNV/Evaluate_technical_constrains/data/intermediate/template_adatas/T02_fullgenes_simulated.h5ad,100,500,2,101,202,/home/augusta/storage3/augusta/insituCNV/InSituCNV/Evaluate_technical_constrains/data/runs/T02_C100_G500.h5ad,inferred
T02_C100_G5000,T02,/home/augusta/storage3/augusta/insituCNV/InSituCNV/Evaluate_technical_constrains/data/intermediate/template_adatas/T02_fullgenes_simulated.h5ad,100,5000,20,101,202,/home/augusta/storage3/augusta/insituCNV/InSituCNV/Evaluate_technical_constrains/data/runs/T02_C100_G5000.h5ad,inferred
T02_C100_Gall,T02,/home/augusta/storage3/augusta/insituCNV/InSituCNV/Evaluate_technical_constrains/data/intermediate/template_adatas/T02_fullgenes_simulated.h5ad,100,all,100,101,202,/home/augusta/storage3/augusta/insituCNV/InSituCNV/Evaluate_technical_constrains/data/runs/T02_C100_Gall.h5ad,inferred
T03_C1_G1000,T03,/home/augusta/storage3/augusta/insituCNV/InSituCNV/Evaluate_technical_constrains/data/intermediate/template_adatas/T03_fullgenes_simulated.h5ad,1,1000,4,101,202,/home/augusta/storage3/augusta/insituCNV/InSituCNV/Evaluate_technical_constrains/data/runs/T03_C1_G1000.h5ad,inferred
T03_C1_G10000,T03,/home/augusta/storage3/augusta/insituCNV/InSituCNV/Evaluate_technical_constrains/data/intermediate/template_adatas/T03_fullgenes_simulated.h5ad,1,10000,40,101,202,/home/augusta/storage3/augusta/insituCNV/InSituCNV/Evaluate_technical_constrains/data/runs/T03_C1_G10000.h5ad,inferred
T03_C1_G15000,T03,/home/augusta/storage3/augusta/insituCNV/InSituCNV/Evaluate_technical_constrains/data/intermediate/template_adatas/T03_fullgenes_simulated.h5ad,1,15000,60,101,202,/home/augusta/storage3/augusta/insituCNV/InSituCNV/Evaluate_technical_constrains/data/runs/T03_C1_G15000.h5ad,inferred
T03_C1_G20000,T03,/home/augusta/storage3/augusta/insituCNV/InSituCNV/Evaluate_technical_constrains/data/intermediate/template_adatas/T03_fullgenes_simulated.h5ad,1,20000,80,101,202,/home/augusta/storage3/augusta/insituCNV/InSituCNV/Evaluate_technical_constrains/data/runs/T03_C1_G20000.h5ad,inferred
T03_C1_G500,T03,/home/augusta/storage3/augusta/insituCNV/InSituCNV/Evaluate_technical_constrains/data/intermediate/template_adatas/T03_fullgenes_simulated.h5ad,1,500,2,101,202,/home/augusta/storage3/augusta/insituCNV/InSituCNV/Evaluate_technical_constrains/data/runs/T03_C1_G500.h5ad,inferred
T03_C1_G5000,T03,/home/augusta/storage3/augusta/insituCNV/InSituCNV/Evaluate_technical_constrains/data/intermediate/template_adatas/T03_fullgenes_simulated.h5ad,1,5000,20,101,202,/home/augusta/storage3/augusta/insituCNV/InSituCNV/Evaluate_technical_constrains/data/runs/T03_C1_G5000.h5ad,inferred
T03_C1_Gall,T03,/home/augusta/storage3/augusta/insituCNV/InSituCNV/Evaluate_technical_constrains/data/intermediate/template_adatas/T03_fullgenes_simulated.h5ad,1,all,100,101,202,/home/augusta/storage3/augusta/insituCNV/InSituCNV/Evaluate_technical_constrains/data/runs/T03_C1_Gall.h5ad,inferred
T03_C2_G1000,T03,/home/augusta/storage3/augusta/insituCNV/InSituCNV/Evaluate_technical_constrains/data/intermediate/template_adatas/T03_fullgenes_simulated.h5ad,2,1000,4,101,202,/home/augusta/storage3/augusta/insituCNV/InSituCNV/Evaluate_technical_constrains/data/runs/T03_C2_G1000.h5ad,inferred
T03_C2_G10000,T03,/home/augusta/storage3/augusta/insituCNV/InSituCNV/Evaluate_technical_constrains/data/intermediate/template_adatas/T03_fullgenes_simulated.h5ad,2,10000,40,101,202,/home/augusta/storage3/augusta/insituCNV/InSituCNV/Evaluate_technical_constrains/data/runs/T03_C2_G10000.h5ad,inferred
T03_C2_G15000,T03,/home/augusta/storage3/augusta/insituCNV/InSituCNV/Evaluate_technical_constrains/data/intermediate/template_adatas/T03_fullgenes_simulated.h5ad,2,15000,60,101,202,/home/augusta/storage3/augusta/insituCNV/InSituCNV/Evaluate_technical_constrains/data/runs/T03_C2_G15000.h5ad,inferred
T03_C2_G20000,T03,/home/augusta/storage3/augusta/insituCNV/InSituCNV/Evaluate_technical_constrains/data/intermediate/template_adatas/T03_fullgenes_simulated.h5ad,2,20000,80,101,202,/home/augusta/storage3/augusta/insituCNV/InSituCNV/Evaluate_technical_constrains/data/runs/T03_C2_G20000.h5ad,inferred
T03_C2_G500,T03,/home/augusta/storage3/augusta/insituCNV/InSituCNV/Evaluate_technical_constrains/data/intermediate/template_adatas/T03_fullgenes_simulated.h5ad,2,500,2,101,202,/home/augusta/storage3/augusta/insituCNV/InSituCNV/Evaluate_technical_constrains/data/runs/T03_C2_G500.h5ad,inferred
T03_C2_G5000,T03,/home/augusta/storage3/augusta/insituCNV/InSituCNV/Evaluate_technical_constrains/data/intermediate/template_adatas/T03_fullgenes_simulated.h5ad,2,5000,20,101,202,/home/augusta/storage3/augusta/insituCNV/InSituCNV/Evaluate_technical_constrains/data/runs/T03_C2_G5000.h5ad,inferred
T03_C2_Gall,T03,/home/augusta/storage3/augusta/insituCNV/InSituCNV/Evaluate_technical_constrains/data/intermediate/template_adatas/T03_fullgenes_simulated.h5ad,2,all,100,101,202,/home/augusta/storage3/augusta/insituCNV/InSituCNV/Evaluate_technical_constrains/data/runs/T03_C2_Gall.h5ad,inferred
T03_C3_G1000,T03,/home/augusta/storage3/augusta/insituCNV/InSituCNV/Evaluate_technical_constrains/data/intermediate/template_adatas/T03_fullgenes_simulated.h5ad,3,1000,4,101,202,/home/augusta/storage3/augusta/insituCNV/InSituCNV/Evaluate_technical_constrains/data/runs/T03_C3_G1000.h5ad,inferred
T03_C3_G10000,T03,/home/augusta/storage3/augusta/insituCNV/InSituCNV/Evaluate_technical_constrains/data/intermediate/template_adatas/T03_fullgenes_simulated.h5ad,3,10000,40,101,202,/home/augusta/storage3/augusta/insituCNV/InSituCNV/Evaluate_technical_constrains/data/runs/T03_C3_G10000.h5ad,inferred
T03_C3_G15000,T03,/home/augusta/storage3/augusta/insituCNV/InSituCNV/Evaluate_technical_constrains/data/intermediate/template_adatas/T03_fullgenes_simulated.h5ad,3,15000,60,101,202,/home/augusta/storage3/augusta/insituCNV/InSituCNV/Evaluate_technical_constrains/data/runs/T03_C3_G15000.h5ad,inferred
T03_C3_G20000,T03,/home/augusta/storage3/augusta/insituCNV/InSituCNV/Evaluate_technical_constrains/data/intermediate/template_adatas/T03_fullgenes_simulated.h5ad,3,20000,80,101,202,/home/augusta/storage3/augusta/insituCNV/InSituCNV/Evaluate_technical_constrains/data/runs/T03_C3_G20000.h5ad,inferred
T03_C3_G500,T03,/home/augusta/storage3/augusta/insituCNV/InSituCNV/Evaluate_technical_constrains/data/intermediate/template_adatas/T03_fullgenes_simulated.h5ad,3,500,2,101,202,/home/augusta/storage3/augusta/insituCNV/InSituCNV/Evaluate_technical_constrains/data/runs/T03_C3_G500.h5ad,inferred
T03_C3_G5000,T03,/home/augusta/storage3/augusta/insituCNV/InSituCNV/Evaluate_technical_constrains/data/intermediate/template_adatas/T03_fullgenes_simulated.h5ad,3,5000,20,101,202,/home/augusta/storage3/augusta/insituCNV/InSituCNV/Evaluate_technical_constrains/data/runs/T03_C3_G5000.h5ad,inferred
T03_C3_Gall,T03,/home/augusta/storage3/augusta/insituCNV/InSituCNV/Evaluate_technical_constrains/data/intermediate/template_adatas/T03_fullgenes_simulated.h5ad,3,all,100,101,202,/home/augusta/storage3/augusta/insituCNV/InSituCNV/Evaluate_technical_constrains/data/runs/T03_C3_Gall.h5ad,inferred
T03_C5_G1000,T03,/home/augusta/storage3/augusta/insituCNV/InSituCNV/Evaluate_technical_constrains/data/intermediate/template_adatas/T03_fullgenes_simulated.h5ad,5,1000,4,101,202,/home/augusta/storage3/augusta/insituCNV/InSituCNV/Evaluate_technical_constrains/data/runs/T03_C5_G1000.h5ad,inferred
T03_C5_G10000,T03,/home/augusta/storage3/augusta/insituCNV/InSituCNV/Evaluate_technical_constrains/data/intermediate/template_adatas/T03_fullgenes_simulated.h5ad,5,10000,40,101,202,/home/augusta/storage3/augusta/insituCNV/InSituCNV/Evaluate_technical_constrains/data/runs/T03_C5_G10000.h5ad,inferred
T03_C5_G15000,T03,/home/augusta/storage3/augusta/insituCNV/InSituCNV/Evaluate_technical_constrains/data/intermediate/template_adatas/T03_fullgenes_simulated.h5ad,5,15000,60,101,202,/home/augusta/storage3/augusta/insituCNV/InSituCNV/Evaluate_technical_constrains/data/runs/T03_C5_G15000.h5ad,inferred
T03_C5_G20000,T03,/home/augusta/storage3/augusta/insituCNV/InSituCNV/Evaluate_technical_constrains/data/intermediate/template_adatas/T03_fullgenes_simulated.h5ad,5,20000,80,101,202,/home/augusta/storage3/augusta/insituCNV/InSituCNV/Evaluate_technical_constrains/data/runs/T03_C5_G20000.h5ad,inferred
T03_C5_G500,T03,/home/augusta/storage3/augusta/insituCNV/InSituCNV/Evaluate_technical_constrains/data/intermediate/template_adatas/T03_fullgenes_simulated.h5ad,5,500,2,101,202,/home/augusta/storage3/augusta/insituCNV/InSituCNV/Evaluate_technical_constrains/data/runs/T03_C5_G500.h5ad,inferred
T03_C5_G5000,T03,/home/augusta/storage3/augusta/insituCNV/InSituCNV/Evaluate_technical_constrains/data/intermediate/template_adatas/T03_fullgenes_simulated.h5ad,5,5000,20,101,202,/home/augusta/storage3/augusta/insituCNV/InSituCNV/Evaluate_technical_constrains/data/runs/T03_C5_G5000.h5ad,inferred
T03_C5_Gall,T03,/home/augusta/storage3/augusta/insituCNV/InSituCNV/Evaluate_technical_constrains/data/intermediate/template_adatas/T03_fullgenes_simulated.h5ad,5,all,100,101,202,/home/augusta/storage3/augusta/insituCNV/InSituCNV/Evaluate_technical_constrains/data/runs/T03_C5_Gall.h5ad,inferred
T03_C10_G1000,T03,/home/augusta/storage3/augusta/insituCNV/InSituCNV/Evaluate_technical_constrains/data/intermediate/template_adatas/T03_fullgenes_simulated.h5ad,10,1000,4,101,202,/home/augusta/storage3/augusta/insituCNV/InSituCNV/Evaluate_technical_constrains/data/runs/T03_C10_G1000.h5ad,inferred
T03_C10_G10000,T03,/home/augusta/storage3/augusta/insituCNV/InSituCNV/Evaluate_technical_constrains/data/intermediate/template_adatas/T03_fullgenes_simulated.h5ad,10,10000,40,101,202,/home/augusta/storage3/augusta/insituCNV/InSituCNV/Evaluate_technical_constrains/data/runs/T03_C10_G10000.h5ad,inferred
T03_C10_G15000,T03,/home/augusta/storage3/augusta/insituCNV/InSituCNV/Evaluate_technical_constrains/data/intermediate/template_adatas/T03_fullgenes_simulated.h5ad,10,15000,60,101,202,/home/augusta/storage3/augusta/insituCNV/InSituCNV/Evaluate_technical_constrains/data/runs/T03_C10_G15000.h5ad,inferred
T03_C10_G20000,T03,/home/augusta/storage3/augusta/insituCNV/InSituCNV/Evaluate_technical_constrains/data/intermediate/template_adatas/T03_fullgenes_simulated.h5ad,10,20000,80,101,202,/home/augusta/storage3/augusta/insituCNV/InSituCNV/Evaluate_technical_constrains/data/runs/T03_C10_G20000.h5ad,inferred
T03_C10_G500,T03,/home/augusta/storage3/augusta/insituCNV/InSituCNV/Evaluate_technical_constrains/data/intermediate/template_adatas/T03_fullgenes_simulated.h5ad,10,500,2,101,202,/home/augusta/storage3/augusta/insituCNV/InSituCNV/Evaluate_technical_constrains/data/runs/T03_C10_G500.h5ad,inferred
T03_C10_G5000,T03,/home/augusta/storage3/augusta/insituCNV/InSituCNV/Evaluate_technical_constrains/data/intermediate/template_adatas/T03_fullgenes_simulated.h5ad,10,5000,20,101,202,/home/augusta/storage3/augusta/insituCNV/InSituCNV/Evaluate_technical_constrains/data/runs/T03_C10_G5000.h5ad,inferred
T03_C10_Gall,T03,/home/augusta/storage3/augusta/insituCNV/InSituCNV/Evaluate_technical_constrains/data/intermediate/template_adatas/T03_fullgenes_simulated.h5ad,10,all,100,101,202,/home/augusta/storage3/augusta/insituCNV/InSituCNV/Evaluate_technical_constrains/data/runs/T03_C10_Gall.h5ad,inferred
T03_C20_G1000,T03,/home/augusta/storage3/augusta/insituCNV/InSituCNV/Evaluate_technical_constrains/data/intermediate/template_adatas/T03_fullgenes_simulated.h5ad,20,1000,4,101,202,/home/augusta/storage3/augusta/insituCNV/InSituCNV/Evaluate_technical_constrains/data/runs/T03_C20_G1000.h5ad,inferred
T03_C20_G10000,T03,/home/augusta/storage3/augusta/insituCNV/InSituCNV/Evaluate_technical_constrains/data/intermediate/template_adatas/T03_fullgenes_simulated.h5ad,20,10000,40,101,202,/home/augusta/storage3/augusta/insituCNV/InSituCNV/Evaluate_technical_constrains/data/runs/T03_C20_G10000.h5ad,inferred
T03_C20_G15000,T03,/home/augusta/storage3/augusta/insituCNV/InSituCNV/Evaluate_technical_constrains/data/intermediate/template_adatas/T03_fullgenes_simulated.h5ad,20,15000,60,101,202,/home/augusta/storage3/augusta/insituCNV/InSituCNV/Evaluate_technical_constrains/data/runs/T03_C20_G15000.h5ad,inferred
T03_C20_G20000,T03,/home/augusta/storage3/augusta/insituCNV/InSituCNV/Evaluate_technical_constrains/data/intermediate/template_adatas/T03_fullgenes_simulated.h5ad,20,20000,80,101,202,/home/augusta/storage3/augusta/insituCNV/InSituCNV/Evaluate_technical_constrains/data/runs/T03_C20_G20000.h5ad,inferred
T03_C20_G500,T03,/home/augusta/storage3/augusta/insituCNV/InSituCNV/Evaluate_technical_constrains/data/intermediate/template_adatas/T03_fullgenes_simulated.h5ad,20,500,2,101,202,/home/augusta/storage3/augusta/insituCNV/InSituCNV/Evaluate_technical_constrains/data/runs/T03_C20_G500.h5ad,inferred
T03_C20_G5000,T03,/home/augusta/storage3/augusta/insituCNV/InSituCNV/Evaluate_technical_constrains/data/intermediate/template_adatas/T03_fullgenes_simulated.h5ad,20,5000,20,101,202,/home/augusta/storage3/augusta/insituCNV/InSituCNV/Evaluate_technical_constrains/data/runs/T03_C20_G5000.h5ad,inferred
T03_C20_Gall,T03,/home/augusta/storage3/augusta/insituCNV/InSituCNV/Evaluate_technical_constrains/data/intermediate/template_adatas/T03_fullgenes_simulated.h5ad,20,all,100,101,202,/home/augusta/storage3/augusta/insituCNV/InSituCNV/Evaluate_technical_constrains/data/runs/T03_C20_Gall.h5ad,inferred
T03_C50_G1000,T03,/home/augusta/storage3/augusta/insituCNV/InSituCNV/Evaluate_technical_constrains/data/intermediate/template_adatas/T03_fullgenes_simulated.h5ad,50,1000,4,101,202,/home/augusta/storage3/augusta/insituCNV/InSituCNV/Evaluate_technical_constrains/data/runs/T03_C50_G1000.h5ad,inferred
T03_C50_G10000,T03,/home/augusta/storage3/augusta/insituCNV/InSituCNV/Evaluate_technical_constrains/data/intermediate/template_adatas/T03_fullgenes_simulated.h5ad,50,10000,40,101,202,/home/augusta/storage3/augusta/insituCNV/InSituCNV/Evaluate_technical_constrains/data/runs/T03_C50_G10000.h5ad,inferred
T03_C50_G15000,T03,/home/augusta/storage3/augusta/insituCNV/InSituCNV/Evaluate_technical_constrains/data/intermediate/template_adatas/T03_fullgenes_simulated.h5ad,50,15000,60,101,202,/home/augusta/storage3/augusta/insituCNV/InSituCNV/Evaluate_technical_constrains/data/runs/T03_C50_G15000.h5ad,inferred
T03_C50_G20000,T03,/home/augusta/storage3/augusta/insituCNV/InSituCNV/Evaluate_technical_constrains/data/intermediate/template_adatas/T03_fullgenes_simulated.h5ad,50,20000,80,101,202,/home/augusta/storage3/augusta/insituCNV/InSituCNV/Evaluate_technical_constrains/data/runs/T03_C50_G20000.h5ad,inferred
T03_C50_G500,T03,/home/augusta/storage3/augusta/insituCNV/InSituCNV/Evaluate_technical_constrains/data/intermediate/template_adatas/T03_fullgenes_simulated.h5ad,50,500,2,101,202,/home/augusta/storage3/augusta/insituCNV/InSituCNV/Evaluate_technical_constrains/data/runs/T03_C50_G500.h5ad,inferred
T03_C50_G5000,T03,/home/augusta/storage3/augusta/insituCNV/InSituCNV/Evaluate_technical_constrains/data/intermediate/template_adatas/T03_fullgenes_simulated.h5ad,50,5000,20,101,202,/home/augusta/storage3/augusta/insituCNV/InSituCNV/Evaluate_technical_constrains/data/runs/T03_C50_G5000.h5ad,inferred
T03_C50_Gall,T03,/home/augusta/storage3/augusta/insituCNV/InSituCNV/Evaluate_technical_constrains/data/intermediate/template_adatas/T03_fullgenes_simulated.h5ad,50,all,100,101,202,/home/augusta/storage3/augusta/insituCNV/InSituCNV/Evaluate_technical_constrains/data/runs/T03_C50_Gall.h5ad,inferred
T03_C70_G1000,T03,/home/augusta/storage3/augusta/insituCNV/InSituCNV/Evaluate_technical_constrains/data/intermediate/template_adatas/T03_fullgenes_simulated.h5ad,70,1000,4,101,202,/home/augusta/storage3/augusta/insituCNV/InSituCNV/Evaluate_technical_constrains/data/runs/T03_C70_G1000.h5ad,inferred
T03_C70_G10000,T03,/home/augusta/storage3/augusta/insituCNV/InSituCNV/Evaluate_technical_constrains/data/intermediate/template_adatas/T03_fullgenes_simulated.h5ad,70,10000,40,101,202,/home/augusta/storage3/augusta/insituCNV/InSituCNV/Evaluate_technical_constrains/data/runs/T03_C70_G10000.h5ad,inferred
T03_C70_G15000,T03,/home/augusta/storage3/augusta/insituCNV/InSituCNV/Evaluate_technical_constrains/data/intermediate/template_adatas/T03_fullgenes_simulated.h5ad,70,15000,60,101,202,/home/augusta/storage3/augusta/insituCNV/InSituCNV/Evaluate_technical_constrains/data/runs/T03_C70_G15000.h5ad,inferred
T03_C70_G20000,T03,/home/augusta/storage3/augusta/insituCNV/InSituCNV/Evaluate_technical_constrains/data/intermediate/template_adatas/T03_fullgenes_simulated.h5ad,70,20000,80,101,202,/home/augusta/storage3/augusta/insituCNV/InSituCNV/Evaluate_technical_constrains/data/runs/T03_C70_G20000.h5ad,inferred
T03_C70_G500,T03,/home/augusta/storage3/augusta/insituCNV/InSituCNV/Evaluate_technical_constrains/data/intermediate/template_adatas/T03_fullgenes_simulated.h5ad,70,500,2,101,202,/home/augusta/storage3/augusta/insituCNV/InSituCNV/Evaluate_technical_constrains/data/runs/T03_C70_G500.h5ad,inferred
T03_C70_G5000,T03,/home/augusta/storage3/augusta/insituCNV/InSituCNV/Evaluate_technical_constrains/data/intermediate/template_adatas/T03_fullgenes_simulated.h5ad,70,5000,20,101,202,/home/augusta/storage3/augusta/insituCNV/InSituCNV/Evaluate_technical_constrains/data/runs/T03_C70_G5000.h5ad,inferred
T03_C70_Gall,T03,/home/augusta/storage3/augusta/insituCNV/InSituCNV/Evaluate_technical_constrains/data/intermediate/template_adatas/T03_fullgenes_simulated.h5ad,70,all,100,101,202,/home/augusta/storage3/augusta/insituCNV/InSituCNV/Evaluate_technical_constrains/data/runs/T03_C70_Gall.h5ad,inferred
T03_C100_G1000,T03,/home/augusta/storage3/augusta/insituCNV/InSituCNV/Evaluate_technical_constrains/data/intermediate/template_adatas/T03_fullgenes_simulated.h5ad,100,1000,4,101,202,/home/augusta/storage3/augusta/insituCNV/InSituCNV/Evaluate_technical_constrains/data/runs/T03_C100_G1000.h5ad,inferred
T03_C100_G10000,T03,/home/augusta/storage3/augusta/insituCNV/InSituCNV/Evaluate_technical_constrains/data/intermediate/template_adatas/T03_fullgenes_simulated.h5ad,100,10000,40,101,202,/home/augusta/storage3/augusta/insituCNV/InSituCNV/Evaluate_technical_constrains/data/runs/T03_C100_G10000.h5ad,inferred
T03_C100_G15000,T03,/home/augusta/storage3/augusta/insituCNV/InSituCNV/Evaluate_technical_constrains/data/intermediate/template_adatas/T03_fullgenes_simulated.h5ad,100,15000,60,101,202,/home/augusta/storage3/augusta/insituCNV/InSituCNV/Evaluate_technical_constrains/data/runs/T03_C100_G15000.h5ad,inferred
T03_C100_G20000,T03,/home/augusta/storage3/augusta/insituCNV/InSituCNV/Evaluate_technical_constrains/data/intermediate/template_adatas/T03_fullgenes_simulated.h5ad,100,20000,80,101,202,/home/augusta/storage3/augusta/insituCNV/InSituCNV/Evaluate_technical_constrains/data/runs/T03_C100_G20000.h5ad,inferred
T03_C100_G500,T03,/home/augusta/storage3/augusta/insituCNV/InSituCNV/Evaluate_technical_constrains/data/intermediate/template_adatas/T03_fullgenes_simulated.h5ad,100,500,2,101,202,/home/augusta/storage3/augusta/insituCNV/InSituCNV/Evaluate_technical_constrains/data/runs/T03_C100_G500.h5ad,inferred
T03_C100_G5000,T03,/home/augusta/storage3/augusta/insituCNV/InSituCNV/Evaluate_technical_constrains/data/intermediate/template_adatas/T03_fullgenes_simulated.h5ad,100,5000,20,101,202,/home/augusta/storage3/augusta/insituCNV/InSituCNV/Evaluate_technical_constrains/data/runs/T03_C100_G5000.h5ad,inferred
T03_C100_Gall,T03,/home/augusta/storage3/augusta/insituCNV/InSituCNV/Evaluate_technical_constrains/data/intermediate/template_adatas/T03_fullgenes_simulated.h5ad,100,all,100,101,202,/home/augusta/storage3/augusta/insituCNV/InSituCNV/Evaluate_technical_constrains/data/runs/T03_C100_Gall.h5ad,inferred
T04_C1_G1000,T04,/home/augusta/storage3/augusta/insituCNV/InSituCNV/Evaluate_technical_constrains/data/intermediate/template_adatas/T04_fullgenes_simulated.h5ad,1,1000,4,101,202,/home/augusta/storage3/augusta/insituCNV/InSituCNV/Evaluate_technical_constrains/data/runs/T04_C1_G1000.h5ad,inferred
T04_C1_G10000,T04,/home/augusta/storage3/augusta/insituCNV/InSituCNV/Evaluate_technical_constrains/data/intermediate/template_adatas/T04_fullgenes_simulated.h5ad,1,10000,40,101,202,/home/augusta/storage3/augusta/insituCNV/InSituCNV/Evaluate_technical_constrains/data/runs/T04_C1_G10000.h5ad,inferred
T04_C1_G15000,T04,/home/augusta/storage3/augusta/insituCNV/InSituCNV/Evaluate_technical_constrains/data/intermediate/template_adatas/T04_fullgenes_simulated.h5ad,1,15000,60,101,202,/home/augusta/storage3/augusta/insituCNV/InSituCNV/Evaluate_technical_constrains/data/runs/T04_C1_G15000.h5ad,inferred
T04_C1_G20000,T04,/home/augusta/storage3/augusta/insituCNV/InSituCNV/Evaluate_technical_constrains/data/intermediate/template_adatas/T04_fullgenes_simulated.h5ad,1,20000,80,101,202,/home/augusta/storage3/augusta/insituCNV/InSituCNV/Evaluate_technical_constrains/data/runs/T04_C1_G20000.h5ad,inferred
T04_C1_G500,T04,/home/augusta/storage3/augusta/insituCNV/InSituCNV/Evaluate_technical_constrains/data/intermediate/template_adatas/T04_fullgenes_simulated.h5ad,1,500,2,101,202,/home/augusta/storage3/augusta/insituCNV/InSituCNV/Evaluate_technical_constrains/data/runs/T04_C1_G500.h5ad,inferred
T04_C1_G5000,T04,/home/augusta/storage3/augusta/insituCNV/InSituCNV/Evaluate_technical_constrains/data/intermediate/template_adatas/T04_fullgenes_simulated.h5ad,1,5000,20,101,202,/home/augusta/storage3/augusta/insituCNV/InSituCNV/Evaluate_technical_constrains/data/runs/T04_C1_G5000.h5ad,inferred
T04_C1_Gall,T04,/home/augusta/storage3/augusta/insituCNV/InSituCNV/Evaluate_technical_constrains/data/intermediate/template_adatas/T04_fullgenes_simulated.h5ad,1,all,100,101,202,/home/augusta/storage3/augusta/insituCNV/InSituCNV/Evaluate_technical_constrains/data/runs/T04_C1_Gall.h5ad,inferred
T04_C2_G1000,T04,/home/augusta/storage3/augusta/insituCNV/InSituCNV/Evaluate_technical_constrains/data/intermediate/template_adatas/T04_fullgenes_simulated.h5ad,2,1000,4,101,202,/home/augusta/storage3/augusta/insituCNV/InSituCNV/Evaluate_technical_constrains/data/runs/T04_C2_G1000.h5ad,inferred
T04_C2_G10000,T04,/home/augusta/storage3/augusta/insituCNV/InSituCNV/Evaluate_technical_constrains/data/intermediate/template_adatas/T04_fullgenes_simulated.h5ad,2,10000,40,101,202,/home/augusta/storage3/augusta/insituCNV/InSituCNV/Evaluate_technical_constrains/data/runs/T04_C2_G10000.h5ad,inferred
T04_C2_G15000,T04,/home/augusta/storage3/augusta/insituCNV/InSituCNV/Evaluate_technical_constrains/data/intermediate/template_adatas/T04_fullgenes_simulated.h5ad,2,15000,60,101,202,/home/augusta/storage3/augusta/insituCNV/InSituCNV/Evaluate_technical_constrains/data/runs/T04_C2_G15000.h5ad,inferred
T04_C2_G20000,T04,/home/augusta/storage3/augusta/insituCNV/InSituCNV/Evaluate_technical_constrains/data/intermediate/template_adatas/T04_fullgenes_simulated.h5ad,2,20000,80,101,202,/home/augusta/storage3/augusta/insituCNV/InSituCNV/Evaluate_technical_constrains/data/runs/T04_C2_G20000.h5ad,inferred
T04_C2_G500,T04,/home/augusta/storage3/augusta/insituCNV/InSituCNV/Evaluate_technical_constrains/data/intermediate/template_adatas/T04_fullgenes_simulated.h5ad,2,500,2,101,202,/home/augusta/storage3/augusta/insituCNV/InSituCNV/Evaluate_technical_constrains/data/runs/T04_C2_G500.h5ad,inferred
T04_C2_G5000,T04,/home/augusta/storage3/augusta/insituCNV/InSituCNV/Evaluate_technical_constrains/data/intermediate/template_adatas/T04_fullgenes_simulated.h5ad,2,5000,20,101,202,/home/augusta/storage3/augusta/insituCNV/InSituCNV/Evaluate_technical_constrains/data/runs/T04_C2_G5000.h5ad,inferred
T04_C2_Gall,T04,/home/augusta/storage3/augusta/insituCNV/InSituCNV/Evaluate_technical_constrains/data/intermediate/template_adatas/T04_fullgenes_simulated.h5ad,2,all,100,101,202,/home/augusta/storage3/augusta/insituCNV/InSituCNV/Evaluate_technical_constrains/data/runs/T04_C2_Gall.h5ad,inferred
T04_C3_G1000,T04,/home/augusta/storage3/augusta/insituCNV/InSituCNV/Evaluate_technical_constrains/data/intermediate/template_adatas/T04_fullgenes_simulated.h5ad,3,1000,4,101,202,/home/augusta/storage3/augusta/insituCNV/InSituCNV/Evaluate_technical_constrains/data/runs/T04_C3_G1000.h5ad,inferred
T04_C3_G10000,T04,/home/augusta/storage3/augusta/insituCNV/InSituCNV/Evaluate_technical_constrains/data/intermediate/template_adatas/T04_fullgenes_simulated.h5ad,3,10000,40,101,202,/home/augusta/storage3/augusta/insituCNV/InSituCNV/Evaluate_technical_constrains/data/runs/T04_C3_G10000.h5ad,inferred
T04_C3_G15000,T04,/home/augusta/storage3/augusta/insituCNV/InSituCNV/Evaluate_technical_constrains/data/intermediate/template_adatas/T04_fullgenes_simulated.h5ad,3,15000,60,101,202,/home/augusta/storage3/augusta/insituCNV/InSituCNV/Evaluate_technical_constrains/data/runs/T04_C3_G15000.h5ad,inferred
T04_C3_G20000,T04,/home/augusta/storage3/augusta/insituCNV/InSituCNV/Evaluate_technical_constrains/data/intermediate/template_adatas/T04_fullgenes_simulated.h5ad,3,20000,80,101,202,/home/augusta/storage3/augusta/insituCNV/InSituCNV/Evaluate_technical_constrains/data/runs/T04_C3_G20000.h5ad,inferred
T04_C3_G500,T04,/home/augusta/storage3/augusta/insituCNV/InSituCNV/Evaluate_technical_constrains/data/intermediate/template_adatas/T04_fullgenes_simulated.h5ad,3,500,2,101,202,/home/augusta/storage3/augusta/insituCNV/InSituCNV/Evaluate_technical_constrains/data/runs/T04_C3_G500.h5ad,inferred
T04_C3_G5000,T04,/home/augusta/storage3/augusta/insituCNV/InSituCNV/Evaluate_technical_constrains/data/intermediate/template_adatas/T04_fullgenes_simulated.h5ad,3,5000,20,101,202,/home/augusta/storage3/augusta/insituCNV/InSituCNV/Evaluate_technical_constrains/data/runs/T04_C3_G5000.h5ad,inferred
T04_C3_Gall,T04,/home/augusta/storage3/augusta/insituCNV/InSituCNV/Evaluate_technical_constrains/data/intermediate/template_adatas/T04_fullgenes_simulated.h5ad,3,all,100,101,202,/home/augusta/storage3/augusta/insituCNV/InSituCNV/Evaluate_technical_constrains/data/runs/T04_C3_Gall.h5ad,inferred
T04_C5_G1000,T04,/home/augusta/storage3/augusta/insituCNV/InSituCNV/Evaluate_technical_constrains/data/intermediate/template_adatas/T04_fullgenes_simulated.h5ad,5,1000,4,101,202,/home/augusta/storage3/augusta/insituCNV/InSituCNV/Evaluate_technical_constrains/data/runs/T04_C5_G1000.h5ad,inferred
T04_C5_G10000,T04,/home/augusta/storage3/augusta/insituCNV/InSituCNV/Evaluate_technical_constrains/data/intermediate/template_adatas/T04_fullgenes_simulated.h5ad,5,10000,40,101,202,/home/augusta/storage3/augusta/insituCNV/InSituCNV/Evaluate_technical_constrains/data/runs/T04_C5_G10000.h5ad,inferred
T04_C5_G15000,T04,/home/augusta/storage3/augusta/insituCNV/InSituCNV/Evaluate_technical_constrains/data/intermediate/template_adatas/T04_fullgenes_simulated.h5ad,5,15000,60,101,202,/home/augusta/storage3/augusta/insituCNV/InSituCNV/Evaluate_technical_constrains/data/runs/T04_C5_G15000.h5ad,inferred
T04_C5_G20000,T04,/home/augusta/storage3/augusta/insituCNV/InSituCNV/Evaluate_technical_constrains/data/intermediate/template_adatas/T04_fullgenes_simulated.h5ad,5,20000,80,101,202,/home/augusta/storage3/augusta/insituCNV/InSituCNV/Evaluate_technical_constrains/data/runs/T04_C5_G20000.h5ad,inferred
T04_C5_G500,T04,/home/augusta/storage3/augusta/insituCNV/InSituCNV/Evaluate_technical_constrains/data/intermediate/template_adatas/T04_fullgenes_simulated.h5ad,5,500,2,101,202,/home/augusta/storage3/augusta/insituCNV/InSituCNV/Evaluate_technical_constrains/data/runs/T04_C5_G500.h5ad,inferred
T04_C5_G5000,T04,/home/augusta/storage3/augusta/insituCNV/InSituCNV/Evaluate_technical_constrains/data/intermediate/template_adatas/T04_fullgenes_simulated.h5ad,5,5000,20,101,202,/home/augusta/storage3/augusta/insituCNV/InSituCNV/Evaluate_technical_constrains/data/runs/T04_C5_G5000.h5ad,inferred
T04_C5_Gall,T04,/home/augusta/storage3/augusta/insituCNV/InSituCNV/Evaluate_technical_constrains/data/intermediate/template_adatas/T04_fullgenes_simulated.h5ad,5,all,100,101,202,/home/augusta/storage3/augusta/insituCNV/InSituCNV/Evaluate_technical_constrains/data/runs/T04_C5_Gall.h5ad,inferred
T04_C10_G1000,T04,/home/augusta/storage3/augusta/insituCNV/InSituCNV/Evaluate_technical_constrains/data/intermediate/template_adatas/T04_fullgenes_simulated.h5ad,10,1000,4,101,202,/home/augusta/storage3/augusta/insituCNV/InSituCNV/Evaluate_technical_constrains/data/runs/T04_C10_G1000.h5ad,inferred
T04_C10_G10000,T04,/home/augusta/storage3/augusta/insituCNV/InSituCNV/Evaluate_technical_constrains/data/intermediate/template_adatas/T04_fullgenes_simulated.h5ad,10,10000,40,101,202,/home/augusta/storage3/augusta/insituCNV/InSituCNV/Evaluate_technical_constrains/data/runs/T04_C10_G10000.h5ad,inferred
T04_C10_G15000,T04,/home/augusta/storage3/augusta/insituCNV/InSituCNV/Evaluate_technical_constrains/data/intermediate/template_adatas/T04_fullgenes_simulated.h5ad,10,15000,60,101,202,/home/augusta/storage3/augusta/insituCNV/InSituCNV/Evaluate_technical_constrains/data/runs/T04_C10_G15000.h5ad,inferred
T04_C10_G20000,T04,/home/augusta/storage3/augusta/insituCNV/InSituCNV/Evaluate_technical_constrains/data/intermediate/template_adatas/T04_fullgenes_simulated.h5ad,10,20000,80,101,202,/home/augusta/storage3/augusta/insituCNV/InSituCNV/Evaluate_technical_constrains/data/runs/T04_C10_G20000.h5ad,inferred
T04_C10_G500,T04,/home/augusta/storage3/augusta/insituCNV/InSituCNV/Evaluate_technical_constrains/data/intermediate/template_adatas/T04_fullgenes_simulated.h5ad,10,500,2,101,202,/home/augusta/storage3/augusta/insituCNV/InSituCNV/Evaluate_technical_constrains/data/runs/T04_C10_G500.h5ad,inferred
T04_C10_G5000,T04,/home/augusta/storage3/augusta/insituCNV/InSituCNV/Evaluate_technical_constrains/data/intermediate/template_adatas/T04_fullgenes_simulated.h5ad,10,5000,20,101,202,/home/augusta/storage3/augusta/insituCNV/InSituCNV/Evaluate_technical_constrains/data/runs/T04_C10_G5000.h5ad,failed
T04_C10_Gall,T04,/home/augusta/storage3/augusta/insituCNV/InSituCNV/Evaluate_technical_constrains/data/intermediate/template_adatas/T04_fullgenes_simulated.h5ad,10,all,100,101,202,/home/augusta/storage3/augusta/insituCNV/InSituCNV/Evaluate_technical_constrains/data/runs/T04_C10_Gall.h5ad,inferred
T04_C20_G1000,T04,/home/augusta/storage3/augusta/insituCNV/InSituCNV/Evaluate_technical_constrains/data/intermediate/template_adatas/T04_fullgenes_simulated.h5ad,20,1000,4,101,202,/home/augusta/storage3/augusta/insituCNV/InSituCNV/Evaluate_technical_constrains/data/runs/T04_C20_G1000.h5ad,inferred
T04_C20_G10000,T04,/home/augusta/storage3/augusta/insituCNV/InSituCNV/Evaluate_technical_constrains/data/intermediate/template_adatas/T04_fullgenes_simulated.h5ad,20,10000,40,101,202,/home/augusta/storage3/augusta/insituCNV/InSituCNV/Evaluate_technical_constrains/data/runs/T04_C20_G10000.h5ad,inferred
T04_C20_G15000,T04,/home/augusta/storage3/augusta/insituCNV/InSituCNV/Evaluate_technical_constrains/data/intermediate/template_adatas/T04_fullgenes_simulated.h5ad,20,15000,60,101,202,/home/augusta/storage3/augusta/insituCNV/InSituCNV/Evaluate_technical_constrains/data/runs/T04_C20_G15000.h5ad,inferred
T04_C20_G20000,T04,/home/augusta/storage3/augusta/insituCNV/InSituCNV/Evaluate_technical_constrains/data/intermediate/template_adatas/T04_fullgenes_simulated.h5ad,20,20000,80,101,202,/home/augusta/storage3/augusta/insituCNV/InSituCNV/Evaluate_technical_constrains/data/runs/T04_C20_G20000.h5ad,inferred
T04_C20_G500,T04,/home/augusta/storage3/augusta/insituCNV/InSituCNV/Evaluate_technical_constrains/data/intermediate/template_adatas/T04_fullgenes_simulated.h5ad,20,500,2,101,202,/home/augusta/storage3/augusta/insituCNV/InSituCNV/Evaluate_technical_constrains/data/runs/T04_C20_G500.h5ad,inferred
T04_C20_G5000,T04,/home/augusta/storage3/augusta/insituCNV/InSituCNV/Evaluate_technical_constrains/data/intermediate/template_adatas/T04_fullgenes_simulated.h5ad,20,5000,20,101,202,/home/augusta/storage3/augusta/insituCNV/InSituCNV/Evaluate_technical_constrains/data/runs/T04_C20_G5000.h5ad,inferred
T04_C20_Gall,T04,/home/augusta/storage3/augusta/insituCNV/InSituCNV/Evaluate_technical_constrains/data/intermediate/template_adatas/T04_fullgenes_simulated.h5ad,20,all,100,101,202,/home/augusta/storage3/augusta/insituCNV/InSituCNV/Evaluate_technical_constrains/data/runs/T04_C20_Gall.h5ad,inferred
T04_C50_G1000,T04,/home/augusta/storage3/augusta/insituCNV/InSituCNV/Evaluate_technical_constrains/data/intermediate/template_adatas/T04_fullgenes_simulated.h5ad,50,1000,4,101,202,/home/augusta/storage3/augusta/insituCNV/InSituCNV/Evaluate_technical_constrains/data/runs/T04_C50_G1000.h5ad,inferred
T04_C50_G10000,T04,/home/augusta/storage3/augusta/insituCNV/InSituCNV/Evaluate_technical_constrains/data/intermediate/template_adatas/T04_fullgenes_simulated.h5ad,50,10000,40,101,202,/home/augusta/storage3/augusta/insituCNV/InSituCNV/Evaluate_technical_constrains/data/runs/T04_C50_G10000.h5ad,inferred
T04_C50_G15000,T04,/home/augusta/storage3/augusta/insituCNV/InSituCNV/Evaluate_technical_constrains/data/intermediate/template_adatas/T04_fullgenes_simulated.h5ad,50,15000,60,101,202,/home/augusta/storage3/augusta/insituCNV/InSituCNV/Evaluate_technical_constrains/data/runs/T04_C50_G15000.h5ad,inferred
T04_C50_G20000,T04,/home/augusta/storage3/augusta/insituCNV/InSituCNV/Evaluate_technical_constrains/data/intermediate/template_adatas/T04_fullgenes_simulated.h5ad,50,20000,80,101,202,/home/augusta/storage3/augusta/insituCNV/InSituCNV/Evaluate_technical_constrains/data/runs/T04_C50_G20000.h5ad,inferred
T04_C50_G500,T04,/home/augusta/storage3/augusta/insituCNV/InSituCNV/Evaluate_technical_constrains/data/intermediate/template_adatas/T04_fullgenes_simulated.h5ad,50,500,2,101,202,/home/augusta/storage3/augusta/insituCNV/InSituCNV/Evaluate_technical_constrains/data/runs/T04_C50_G500.h5ad,inferred
T04_C50_G5000,T04,/home/augusta/storage3/augusta/insituCNV/InSituCNV/Evaluate_technical_constrains/data/intermediate/template_adatas/T04_fullgenes_simulated.h5ad,50,5000,20,101,202,/home/augusta/storage3/augusta/insituCNV/InSituCNV/Evaluate_technical_constrains/data/runs/T04_C50_G5000.h5ad,inferred
T04_C50_Gall,T04,/home/augusta/storage3/augusta/insituCNV/InSituCNV/Evaluate_technical_constrains/data/intermediate/template_adatas/T04_fullgenes_simulated.h5ad,50,all,100,101,202,/home/augusta/storage3/augusta/insituCNV/InSituCNV/Evaluate_technical_constrains/data/runs/T04_C50_Gall.h5ad,inferred
T04_C70_G1000,T04,/home/augusta/storage3/augusta/insituCNV/InSituCNV/Evaluate_technical_constrains/data/intermediate/template_adatas/T04_fullgenes_simulated.h5ad,70,1000,4,101,202,/home/augusta/storage3/augusta/insituCNV/InSituCNV/Evaluate_technical_constrains/data/runs/T04_C70_G1000.h5ad,inferred
T04_C70_G10000,T04,/home/augusta/storage3/augusta/insituCNV/InSituCNV/Evaluate_technical_constrains/data/intermediate/template_adatas/T04_fullgenes_simulated.h5ad,70,10000,40,101,202,/home/augusta/storage3/augusta/insituCNV/InSituCNV/Evaluate_technical_constrains/data/runs/T04_C70_G10000.h5ad,inferred
T04_C70_G15000,T04,/home/augusta/storage3/augusta/insituCNV/InSituCNV/Evaluate_technical_constrains/data/intermediate/template_adatas/T04_fullgenes_simulated.h5ad,70,15000,60,101,202,/home/augusta/storage3/augusta/insituCNV/InSituCNV/Evaluate_technical_constrains/data/runs/T04_C70_G15000.h5ad,inferred
T04_C70_G20000,T04,/home/augusta/storage3/augusta/insituCNV/InSituCNV/Evaluate_technical_constrains/data/intermediate/template_adatas/T04_fullgenes_simulated.h5ad,70,20000,80,101,202,/home/augusta/storage3/augusta/insituCNV/InSituCNV/Evaluate_technical_constrains/data/runs/T04_C70_G20000.h5ad,inferred
T04_C70_G500,T04,/home/augusta/storage3/augusta/insituCNV/InSituCNV/Evaluate_technical_constrains/data/intermediate/template_adatas/T04_fullgenes_simulated.h5ad,70,500,2,101,202,/home/augusta/storage3/augusta/insituCNV/InSituCNV/Evaluate_technical_constrains/data/runs/T04_C70_G500.h5ad,inferred
T04_C70_G5000,T04,/home/augusta/storage3/augusta/insituCNV/InSituCNV/Evaluate_technical_constrains/data/intermediate/template_adatas/T04_fullgenes_simulated.h5ad,70,5000,20,101,202,/home/augusta/storage3/augusta/insituCNV/InSituCNV/Evaluate_technical_constrains/data/runs/T04_C70_G5000.h5ad,inferred
T04_C70_Gall,T04,/home/augusta/storage3/augusta/insituCNV/InSituCNV/Evaluate_technical_constrains/data/intermediate/template_adatas/T04_fullgenes_simulated.h5ad,70,all,100,101,202,/home/augusta/storage3/augusta/insituCNV/InSituCNV/Evaluate_technical_constrains/data/runs/T04_C70_Gall.h5ad,inferred
T04_C100_G1000,T04,/home/augusta/storage3/augusta/insituCNV/InSituCNV/Evaluate_technical_constrains/data/intermediate/template_adatas/T04_fullgenes_simulated.h5ad,100,1000,4,101,202,/home/augusta/storage3/augusta/insituCNV/InSituCNV/Evaluate_technical_constrains/data/runs/T04_C100_G1000.h5ad,inferred
T04_C100_G10000,T04,/home/augusta/storage3/augusta/insituCNV/InSituCNV/Evaluate_technical_constrains/data/intermediate/template_adatas/T04_fullgenes_simulated.h5ad,100,10000,40,101,202,/home/augusta/storage3/augusta/insituCNV/InSituCNV/Evaluate_technical_constrains/data/runs/T04_C100_G10000.h5ad,inferred
T04_C100_G15000,T04,/home/augusta/storage3/augusta/insituCNV/InSituCNV/Evaluate_technical_constrains/data/intermediate/template_adatas/T04_fullgenes_simulated.h5ad,100,15000,60,101,202,/home/augusta/storage3/augusta/insituCNV/InSituCNV/Evaluate_technical_constrains/data/runs/T04_C100_G15000.h5ad,inferred
T04_C100_G20000,T04,/home/augusta/storage3/augusta/insituCNV/InSituCNV/Evaluate_technical_constrains/data/intermediate/template_adatas/T04_fullgenes_simulated.h5ad,100,20000,80,101,202,/home/augusta/storage3/augusta/insituCNV/InSituCNV/Evaluate_technical_constrains/data/runs/T04_C100_G20000.h5ad,inferred
T04_C100_G500,T04,/home/augusta/storage3/augusta/insituCNV/InSituCNV/Evaluate_technical_constrains/data/intermediate/template_adatas/T04_fullgenes_simulated.h5ad,100,500,2,101,202,/home/augusta/storage3/augusta/insituCNV/InSituCNV/Evaluate_technical_constrains/data/runs/T04_C100_G500.h5ad,inferred
T04_C100_G5000,T04,/home/augusta/storage3/augusta/insituCNV/InSituCNV/Evaluate_technical_constrains/data/intermediate/template_adatas/T04_fullgenes_simulated.h5ad,100,5000,20,101,202,/home/augusta/storage3/augusta/insituCNV/InSituCNV/Evaluate_technical_constrains/data/runs/T04_C100_G5000.h5ad,inferred
T04_C100_Gall,T04,/home/augusta/storage3/augusta/insituCNV/InSituCNV/Evaluate_technical_constrains/data/intermediate/template_adatas/T04_fullgenes_simulated.h5ad,100,all,100,101,202,/home/augusta/storage3/augusta/insituCNV/InSituCNV/Evaluate_technical_constrains/data/runs/T04_C100_Gall.h5ad,inferred
T05_C1_G1000,T05,/home/augusta/storage3/augusta/insituCNV/InSituCNV/Evaluate_technical_constrains/data/intermediate/template_adatas/T05_fullgenes_simulated.h5ad,1,1000,4,101,202,/home/augusta/storage3/augusta/insituCNV/InSituCNV/Evaluate_technical_constrains/data/runs/T05_C1_G1000.h5ad,inferred
T05_C1_G10000,T05,/home/augusta/storage3/augusta/insituCNV/InSituCNV/Evaluate_technical_constrains/data/intermediate/template_adatas/T05_fullgenes_simulated.h5ad,1,10000,40,101,202,/home/augusta/storage3/augusta/insituCNV/InSituCNV/Evaluate_technical_constrains/data/runs/T05_C1_G10000.h5ad,inferred
T05_C1_G15000,T05,/home/augusta/storage3/augusta/insituCNV/InSituCNV/Evaluate_technical_constrains/data/intermediate/template_adatas/T05_fullgenes_simulated.h5ad,1,15000,60,101,202,/home/augusta/storage3/augusta/insituCNV/InSituCNV/Evaluate_technical_constrains/data/runs/T05_C1_G15000.h5ad,inferred
T05_C1_G20000,T05,/home/augusta/storage3/augusta/insituCNV/InSituCNV/Evaluate_technical_constrains/data/intermediate/template_adatas/T05_fullgenes_simulated.h5ad,1,20000,80,101,202,/home/augusta/storage3/augusta/insituCNV/InSituCNV/Evaluate_technical_constrains/data/runs/T05_C1_G20000.h5ad,inferred
T05_C1_G500,T05,/home/augusta/storage3/augusta/insituCNV/InSituCNV/Evaluate_technical_constrains/data/intermediate/template_adatas/T05_fullgenes_simulated.h5ad,1,500,2,101,202,/home/augusta/storage3/augusta/insituCNV/InSituCNV/Evaluate_technical_constrains/data/runs/T05_C1_G500.h5ad,inferred
T05_C1_G5000,T05,/home/augusta/storage3/augusta/insituCNV/InSituCNV/Evaluate_technical_constrains/data/intermediate/template_adatas/T05_fullgenes_simulated.h5ad,1,5000,20,101,202,/home/augusta/storage3/augusta/insituCNV/InSituCNV/Evaluate_technical_constrains/data/runs/T05_C1_G5000.h5ad,inferred
T05_C1_Gall,T05,/home/augusta/storage3/augusta/insituCNV/InSituCNV/Evaluate_technical_constrains/data/intermediate/template_adatas/T05_fullgenes_simulated.h5ad,1,all,100,101,202,/home/augusta/storage3/augusta/insituCNV/InSituCNV/Evaluate_technical_constrains/data/runs/T05_C1_Gall.h5ad,inferred
T05_C2_G1000,T05,/home/augusta/storage3/augusta/insituCNV/InSituCNV/Evaluate_technical_constrains/data/intermediate/template_adatas/T05_fullgenes_simulated.h5ad,2,1000,4,101,202,/home/augusta/storage3/augusta/insituCNV/InSituCNV/Evaluate_technical_constrains/data/runs/T05_C2_G1000.h5ad,inferred
T05_C2_G10000,T05,/home/augusta/storage3/augusta/insituCNV/InSituCNV/Evaluate_technical_constrains/data/intermediate/template_adatas/T05_fullgenes_simulated.h5ad,2,10000,40,101,202,/home/augusta/storage3/augusta/insituCNV/InSituCNV/Evaluate_technical_constrains/data/runs/T05_C2_G10000.h5ad,inferred
T05_C2_G15000,T05,/home/augusta/storage3/augusta/insituCNV/InSituCNV/Evaluate_technical_constrains/data/intermediate/template_adatas/T05_fullgenes_simulated.h5ad,2,15000,60,101,202,/home/augusta/storage3/augusta/insituCNV/InSituCNV/Evaluate_technical_constrains/data/runs/T05_C2_G15000.h5ad,inferred
T05_C2_G20000,T05,/home/augusta/storage3/augusta/insituCNV/InSituCNV/Evaluate_technical_constrains/data/intermediate/template_adatas/T05_fullgenes_simulated.h5ad,2,20000,80,101,202,/home/augusta/storage3/augusta/insituCNV/InSituCNV/Evaluate_technical_constrains/data/runs/T05_C2_G20000.h5ad,inferred
T05_C2_G500,T05,/home/augusta/storage3/augusta/insituCNV/InSituCNV/Evaluate_technical_constrains/data/intermediate/template_adatas/T05_fullgenes_simulated.h5ad,2,500,2,101,202,/home/augusta/storage3/augusta/insituCNV/InSituCNV/Evaluate_technical_constrains/data/runs/T05_C2_G500.h5ad,inferred
T05_C2_G5000,T05,/home/augusta/storage3/augusta/insituCNV/InSituCNV/Evaluate_technical_constrains/data/intermediate/template_adatas/T05_fullgenes_simulated.h5ad,2,5000,20,101,202,/home/augusta/storage3/augusta/insituCNV/InSituCNV/Evaluate_technical_constrains/data/runs/T05_C2_G5000.h5ad,inferred
T05_C2_Gall,T05,/home/augusta/storage3/augusta/insituCNV/InSituCNV/Evaluate_technical_constrains/data/intermediate/template_adatas/T05_fullgenes_simulated.h5ad,2,all,100,101,202,/home/augusta/storage3/augusta/insituCNV/InSituCNV/Evaluate_technical_constrains/data/runs/T05_C2_Gall.h5ad,inferred
T05_C3_G1000,T05,/home/augusta/storage3/augusta/insituCNV/InSituCNV/Evaluate_technical_constrains/data/intermediate/template_adatas/T05_fullgenes_simulated.h5ad,3,1000,4,101,202,/home/augusta/storage3/augusta/insituCNV/InSituCNV/Evaluate_technical_constrains/data/runs/T05_C3_G1000.h5ad,inferred
T05_C3_G10000,T05,/home/augusta/storage3/augusta/insituCNV/InSituCNV/Evaluate_technical_constrains/data/intermediate/template_adatas/T05_fullgenes_simulated.h5ad,3,10000,40,101,202,/home/augusta/storage3/augusta/insituCNV/InSituCNV/Evaluate_technical_constrains/data/runs/T05_C3_G10000.h5ad,inferred
T05_C3_G15000,T05,/home/augusta/storage3/augusta/insituCNV/InSituCNV/Evaluate_technical_constrains/data/intermediate/template_adatas/T05_fullgenes_simulated.h5ad,3,15000,60,101,202,/home/augusta/storage3/augusta/insituCNV/InSituCNV/Evaluate_technical_constrains/data/runs/T05_C3_G15000.h5ad,inferred
T05_C3_G20000,T05,/home/augusta/storage3/augusta/insituCNV/InSituCNV/Evaluate_technical_constrains/data/intermediate/template_adatas/T05_fullgenes_simulated.h5ad,3,20000,80,101,202,/home/augusta/storage3/augusta/insituCNV/InSituCNV/Evaluate_technical_constrains/data/runs/T05_C3_G20000.h5ad,inferred
T05_C3_G500,T05,/home/augusta/storage3/augusta/insituCNV/InSituCNV/Evaluate_technical_constrains/data/intermediate/template_adatas/T05_fullgenes_simulated.h5ad,3,500,2,101,202,/home/augusta/storage3/augusta/insituCNV/InSituCNV/Evaluate_technical_constrains/data/runs/T05_C3_G500.h5ad,inferred
T05_C3_G5000,T05,/home/augusta/storage3/augusta/insituCNV/InSituCNV/Evaluate_technical_constrains/data/intermediate/template_adatas/T05_fullgenes_simulated.h5ad,3,5000,20,101,202,/home/augusta/storage3/augusta/insituCNV/InSituCNV/Evaluate_technical_constrains/data/runs/T05_C3_G5000.h5ad,inferred
T05_C3_Gall,T05,/home/augusta/storage3/augusta/insituCNV/InSituCNV/Evaluate_technical_constrains/data/intermediate/template_adatas/T05_fullgenes_simulated.h5ad,3,all,100,101,202,/home/augusta/storage3/augusta/insituCNV/InSituCNV/Evaluate_technical_constrains/data/runs/T05_C3_Gall.h5ad,inferred
T05_C5_G1000,T05,/home/augusta/storage3/augusta/insituCNV/InSituCNV/Evaluate_technical_constrains/data/intermediate/template_adatas/T05_fullgenes_simulated.h5ad,5,1000,4,101,202,/home/augusta/storage3/augusta/insituCNV/InSituCNV/Evaluate_technical_constrains/data/runs/T05_C5_G1000.h5ad,inferred
T05_C5_G10000,T05,/home/augusta/storage3/augusta/insituCNV/InSituCNV/Evaluate_technical_constrains/data/intermediate/template_adatas/T05_fullgenes_simulated.h5ad,5,10000,40,101,202,/home/augusta/storage3/augusta/insituCNV/InSituCNV/Evaluate_technical_constrains/data/runs/T05_C5_G10000.h5ad,inferred
T05_C5_G15000,T05,/home/augusta/storage3/augusta/insituCNV/InSituCNV/Evaluate_technical_constrains/data/intermediate/template_adatas/T05_fullgenes_simulated.h5ad,5,15000,60,101,202,/home/augusta/storage3/augusta/insituCNV/InSituCNV/Evaluate_technical_constrains/data/runs/T05_C5_G15000.h5ad,inferred
T05_C5_G20000,T05,/home/augusta/storage3/augusta/insituCNV/InSituCNV/Evaluate_technical_constrains/data/intermediate/template_adatas/T05_fullgenes_simulated.h5ad,5,20000,80,101,202,/home/augusta/storage3/augusta/insituCNV/InSituCNV/Evaluate_technical_constrains/data/runs/T05_C5_G20000.h5ad,inferred
T05_C5_G500,T05,/home/augusta/storage3/augusta/insituCNV/InSituCNV/Evaluate_technical_constrains/data/intermediate/template_adatas/T05_fullgenes_simulated.h5ad,5,500,2,101,202,/home/augusta/storage3/augusta/insituCNV/InSituCNV/Evaluate_technical_constrains/data/runs/T05_C5_G500.h5ad,inferred
T05_C5_G5000,T05,/home/augusta/storage3/augusta/insituCNV/InSituCNV/Evaluate_technical_constrains/data/intermediate/template_adatas/T05_fullgenes_simulated.h5ad,5,5000,20,101,202,/home/augusta/storage3/augusta/insituCNV/InSituCNV/Evaluate_technical_constrains/data/runs/T05_C5_G5000.h5ad,inferred
T05_C5_Gall,T05,/home/augusta/storage3/augusta/insituCNV/InSituCNV/Evaluate_technical_constrains/data/intermediate/template_adatas/T05_fullgenes_simulated.h5ad,5,all,100,101,202,/home/augusta/storage3/augusta/insituCNV/InSituCNV/Evaluate_technical_constrains/data/runs/T05_C5_Gall.h5ad,inferred
T05_C10_G1000,T05,/home/augusta/storage3/augusta/insituCNV/InSituCNV/Evaluate_technical_constrains/data/intermediate/template_adatas/T05_fullgenes_simulated.h5ad,10,1000,4,101,202,/home/augusta/storage3/augusta/insituCNV/InSituCNV/Evaluate_technical_constrains/data/runs/T05_C10_G1000.h5ad,inferred
T05_C10_G10000,T05,/home/augusta/storage3/augusta/insituCNV/InSituCNV/Evaluate_technical_constrains/data/intermediate/template_adatas/T05_fullgenes_simulated.h5ad,10,10000,40,101,202,/home/augusta/storage3/augusta/insituCNV/InSituCNV/Evaluate_technical_constrains/data/runs/T05_C10_G10000.h5ad,inferred
T05_C10_G15000,T05,/home/augusta/storage3/augusta/insituCNV/InSituCNV/Evaluate_technical_constrains/data/intermediate/template_adatas/T05_fullgenes_simulated.h5ad,10,15000,60,101,202,/home/augusta/storage3/augusta/insituCNV/InSituCNV/Evaluate_technical_constrains/data/runs/T05_C10_G15000.h5ad,inferred
T05_C10_G20000,T05,/home/augusta/storage3/augusta/insituCNV/InSituCNV/Evaluate_technical_constrains/data/intermediate/template_adatas/T05_fullgenes_simulated.h5ad,10,20000,80,101,202,/home/augusta/storage3/augusta/insituCNV/InSituCNV/Evaluate_technical_constrains/data/runs/T05_C10_G20000.h5ad,inferred
T05_C10_G500,T05,/home/augusta/storage3/augusta/insituCNV/InSituCNV/Evaluate_technical_constrains/data/intermediate/template_adatas/T05_fullgenes_simulated.h5ad,10,500,2,101,202,/home/augusta/storage3/augusta/insituCNV/InSituCNV/Evaluate_technical_constrains/data/runs/T05_C10_G500.h5ad,inferred
T05_C10_G5000,T05,/home/augusta/storage3/augusta/insituCNV/InSituCNV/Evaluate_technical_constrains/data/intermediate/template_adatas/T05_fullgenes_simulated.h5ad,10,5000,20,101,202,/home/augusta/storage3/augusta/insituCNV/InSituCNV/Evaluate_technical_constrains/data/runs/T05_C10_G5000.h5ad,inferred
T05_C10_Gall,T05,/home/augusta/storage3/augusta/insituCNV/InSituCNV/Evaluate_technical_constrains/data/intermediate/template_adatas/T05_fullgenes_simulated.h5ad,10,all,100,101,202,/home/augusta/storage3/augusta/insituCNV/InSituCNV/Evaluate_technical_constrains/data/runs/T05_C10_Gall.h5ad,inferred
T05_C20_G1000,T05,/home/augusta/storage3/augusta/insituCNV/InSituCNV/Evaluate_technical_constrains/data/intermediate/template_adatas/T05_fullgenes_simulated.h5ad,20,1000,4,101,202,/home/augusta/storage3/augusta/insituCNV/InSituCNV/Evaluate_technical_constrains/data/runs/T05_C20_G1000.h5ad,inferred
T05_C20_G10000,T05,/home/augusta/storage3/augusta/insituCNV/InSituCNV/Evaluate_technical_constrains/data/intermediate/template_adatas/T05_fullgenes_simulated.h5ad,20,10000,40,101,202,/home/augusta/storage3/augusta/insituCNV/InSituCNV/Evaluate_technical_constrains/data/runs/T05_C20_G10000.h5ad,inferred
T05_C20_G15000,T05,/home/augusta/storage3/augusta/insituCNV/InSituCNV/Evaluate_technical_constrains/data/intermediate/template_adatas/T05_fullgenes_simulated.h5ad,20,15000,60,101,202,/home/augusta/storage3/augusta/insituCNV/InSituCNV/Evaluate_technical_constrains/data/runs/T05_C20_G15000.h5ad,inferred
T05_C20_G20000,T05,/home/augusta/storage3/augusta/insituCNV/InSituCNV/Evaluate_technical_constrains/data/intermediate/template_adatas/T05_fullgenes_simulated.h5ad,20,20000,80,101,202,/home/augusta/storage3/augusta/insituCNV/InSituCNV/Evaluate_technical_constrains/data/runs/T05_C20_G20000.h5ad,inferred
T05_C20_G500,T05,/home/augusta/storage3/augusta/insituCNV/InSituCNV/Evaluate_technical_constrains/data/intermediate/template_adatas/T05_fullgenes_simulated.h5ad,20,500,2,101,202,/home/augusta/storage3/augusta/insituCNV/InSituCNV/Evaluate_technical_constrains/data/runs/T05_C20_G500.h5ad,inferred
T05_C20_G5000,T05,/home/augusta/storage3/augusta/insituCNV/InSituCNV/Evaluate_technical_constrains/data/intermediate/template_adatas/T05_fullgenes_simulated.h5ad,20,5000,20,101,202,/home/augusta/storage3/augusta/insituCNV/InSituCNV/Evaluate_technical_constrains/data/runs/T05_C20_G5000.h5ad,inferred
T05_C20_Gall,T05,/home/augusta/storage3/augusta/insituCNV/InSituCNV/Evaluate_technical_constrains/data/intermediate/template_adatas/T05_fullgenes_simulated.h5ad,20,all,100,101,202,/home/augusta/storage3/augusta/insituCNV/InSituCNV/Evaluate_technical_constrains/data/runs/T05_C20_Gall.h5ad,inferred
T05_C50_G1000,T05,/home/augusta/storage3/augusta/insituCNV/InSituCNV/Evaluate_technical_constrains/data/intermediate/template_adatas/T05_fullgenes_simulated.h5ad,50,1000,4,101,202,/home/augusta/storage3/augusta/insituCNV/InSituCNV/Evaluate_technical_constrains/data/runs/T05_C50_G1000.h5ad,inferred
T05_C50_G10000,T05,/home/augusta/storage3/augusta/insituCNV/InSituCNV/Evaluate_technical_constrains/data/intermediate/template_adatas/T05_fullgenes_simulated.h5ad,50,10000,40,101,202,/home/augusta/storage3/augusta/insituCNV/InSituCNV/Evaluate_technical_constrains/data/runs/T05_C50_G10000.h5ad,inferred
T05_C50_G15000,T05,/home/augusta/storage3/augusta/insituCNV/InSituCNV/Evaluate_technical_constrains/data/intermediate/template_adatas/T05_fullgenes_simulated.h5ad,50,15000,60,101,202,/home/augusta/storage3/augusta/insituCNV/InSituCNV/Evaluate_technical_constrains/data/runs/T05_C50_G15000.h5ad,inferred
T05_C50_G20000,T05,/home/augusta/storage3/augusta/insituCNV/InSituCNV/Evaluate_technical_constrains/data/intermediate/template_adatas/T05_fullgenes_simulated.h5ad,50,20000,80,101,202,/home/augusta/storage3/augusta/insituCNV/InSituCNV/Evaluate_technical_constrains/data/runs/T05_C50_G20000.h5ad,inferred
T05_C50_G500,T05,/home/augusta/storage3/augusta/insituCNV/InSituCNV/Evaluate_technical_constrains/data/intermediate/template_adatas/T05_fullgenes_simulated.h5ad,50,500,2,101,202,/home/augusta/storage3/augusta/insituCNV/InSituCNV/Evaluate_technical_constrains/data/runs/T05_C50_G500.h5ad,inferred
T05_C50_G5000,T05,/home/augusta/storage3/augusta/insituCNV/InSituCNV/Evaluate_technical_constrains/data/intermediate/template_adatas/T05_fullgenes_simulated.h5ad,50,5000,20,101,202,/home/augusta/storage3/augusta/insituCNV/InSituCNV/Evaluate_technical_constrains/data/runs/T05_C50_G5000.h5ad,inferred
T05_C50_Gall,T05,/home/augusta/storage3/augusta/insituCNV/InSituCNV/Evaluate_technical_constrains/data/intermediate/template_adatas/T05_fullgenes_simulated.h5ad,50,all,100,101,202,/home/augusta/storage3/augusta/insituCNV/InSituCNV/Evaluate_technical_constrains/data/runs/T05_C50_Gall.h5ad,inferred
T05_C70_G1000,T05,/home/augusta/storage3/augusta/insituCNV/InSituCNV/Evaluate_technical_constrains/data/intermediate/template_adatas/T05_fullgenes_simulated.h5ad,70,1000,4,101,202,/home/augusta/storage3/augusta/insituCNV/InSituCNV/Evaluate_technical_constrains/data/runs/T05_C70_G1000.h5ad,inferred
T05_C70_G10000,T05,/home/augusta/storage3/augusta/insituCNV/InSituCNV/Evaluate_technical_constrains/data/intermediate/template_adatas/T05_fullgenes_simulated.h5ad,70,10000,40,101,202,/home/augusta/storage3/augusta/insituCNV/InSituCNV/Evaluate_technical_constrains/data/runs/T05_C70_G10000.h5ad,inferred
T05_C70_G15000,T05,/home/augusta/storage3/augusta/insituCNV/InSituCNV/Evaluate_technical_constrains/data/intermediate/template_adatas/T05_fullgenes_simulated.h5ad,70,15000,60,101,202,/home/augusta/storage3/augusta/insituCNV/InSituCNV/Evaluate_technical_constrains/data/runs/T05_C70_G15000.h5ad,inferred
T05_C70_G20000,T05,/home/augusta/storage3/augusta/insituCNV/InSituCNV/Evaluate_technical_constrains/data/intermediate/template_adatas/T05_fullgenes_simulated.h5ad,70,20000,80,101,202,/home/augusta/storage3/augusta/insituCNV/InSituCNV/Evaluate_technical_constrains/data/runs/T05_C70_G20000.h5ad,inferred
T05_C70_G500,T05,/home/augusta/storage3/augusta/insituCNV/InSituCNV/Evaluate_technical_constrains/data/intermediate/template_adatas/T05_fullgenes_simulated.h5ad,70,500,2,101,202,/home/augusta/storage3/augusta/insituCNV/InSituCNV/Evaluate_technical_constrains/data/runs/T05_C70_G500.h5ad,inferred
T05_C70_G5000,T05,/home/augusta/storage3/augusta/insituCNV/InSituCNV/Evaluate_technical_constrains/data/intermediate/template_adatas/T05_fullgenes_simulated.h5ad,70,5000,20,101,202,/home/augusta/storage3/augusta/insituCNV/InSituCNV/Evaluate_technical_constrains/data/runs/T05_C70_G5000.h5ad,inferred
T05_C70_Gall,T05,/home/augusta/storage3/augusta/insituCNV/InSituCNV/Evaluate_technical_constrains/data/intermediate/template_adatas/T05_fullgenes_simulated.h5ad,70,all,100,101,202,/home/augusta/storage3/augusta/insituCNV/InSituCNV/Evaluate_technical_constrains/data/runs/T05_C70_Gall.h5ad,inferred
T05_C100_G1000,T05,/home/augusta/storage3/augusta/insituCNV/InSituCNV/Evaluate_technical_constrains/data/intermediate/template_adatas/T05_fullgenes_simulated.h5ad,100,1000,4,101,202,/home/augusta/storage3/augusta/insituCNV/InSituCNV/Evaluate_technical_constrains/data/runs/T05_C100_G1000.h5ad,inferred
T05_C100_G10000,T05,/home/augusta/storage3/augusta/insituCNV/InSituCNV/Evaluate_technical_constrains/data/intermediate/template_adatas/T05_fullgenes_simulated.h5ad,100,10000,40,101,202,/home/augusta/storage3/augusta/insituCNV/InSituCNV/Evaluate_technical_constrains/data/runs/T05_C100_G10000.h5ad,inferred
T05_C100_G15000,T05,/home/augusta/storage3/augusta/insituCNV/InSituCNV/Evaluate_technical_constrains/data/intermediate/template_adatas/T05_fullgenes_simulated.h5ad,100,15000,60,101,202,/home/augusta/storage3/augusta/insituCNV/InSituCNV/Evaluate_technical_constrains/data/runs/T05_C100_G15000.h5ad,inferred
T05_C100_G20000,T05,/home/augusta/storage3/augusta/insituCNV/InSituCNV/Evaluate_technical_constrains/data/intermediate/template_adatas/T05_fullgenes_simulated.h5ad,100,20000,80,101,202,/home/augusta/storage3/augusta/insituCNV/InSituCNV/Evaluate_technical_constrains/data/runs/T05_C100_G20000.h5ad,inferred
T05_C100_G500,T05,/home/augusta/storage3/augusta/insituCNV/InSituCNV/Evaluate_technical_constrains/data/intermediate/template_adatas/T05_fullgenes_simulated.h5ad,100,500,2,101,202,/home/augusta/storage3/augusta/insituCNV/InSituCNV/Evaluate_technical_constrains/data/runs/T05_C100_G500.h5ad,inferred
T05_C100_G5000,T05,/home/augusta/storage3/augusta/insituCNV/InSituCNV/Evaluate_technical_constrains/data/intermediate/template_adatas/T05_fullgenes_simulated.h5ad,100,5000,20,101,202,/home/augusta/storage3/augusta/insituCNV/InSituCNV/Evaluate_technical_constrains/data/runs/T05_C100_G5000.h5ad,inferred
T05_C100_Gall,T05,/home/augusta/storage3/augusta/insituCNV/InSituCNV/Evaluate_technical_constrains/data/intermediate/template_adatas/T05_fullgenes_simulated.h5ad,100,all,100,101,202,/home/augusta/storage3/augusta/insituCNV/InSituCNV/Evaluate_technical_constrains/data/runs/T05_C100_Gall.h5ad,inferred
T06_C1_G1000,T06,/home/augusta/storage3/augusta/insituCNV/InSituCNV/Evaluate_technical_constrains/data/intermediate/template_adatas/T06_fullgenes_simulated.h5ad,1,1000,4,101,202,/home/augusta/storage3/augusta/insituCNV/InSituCNV/Evaluate_technical_constrains/data/runs/T06_C1_G1000.h5ad,inferred
T06_C1_G10000,T06,/home/augusta/storage3/augusta/insituCNV/InSituCNV/Evaluate_technical_constrains/data/intermediate/template_adatas/T06_fullgenes_simulated.h5ad,1,10000,40,101,202,/home/augusta/storage3/augusta/insituCNV/InSituCNV/Evaluate_technical_constrains/data/runs/T06_C1_G10000.h5ad,inferred
T06_C1_G15000,T06,/home/augusta/storage3/augusta/insituCNV/InSituCNV/Evaluate_technical_constrains/data/intermediate/template_adatas/T06_fullgenes_simulated.h5ad,1,15000,60,101,202,/home/augusta/storage3/augusta/insituCNV/InSituCNV/Evaluate_technical_constrains/data/runs/T06_C1_G15000.h5ad,inferred
T06_C1_G20000,T06,/home/augusta/storage3/augusta/insituCNV/InSituCNV/Evaluate_technical_constrains/data/intermediate/template_adatas/T06_fullgenes_simulated.h5ad,1,20000,80,101,202,/home/augusta/storage3/augusta/insituCNV/InSituCNV/Evaluate_technical_constrains/data/runs/T06_C1_G20000.h5ad,inferred
T06_C1_G500,T06,/home/augusta/storage3/augusta/insituCNV/InSituCNV/Evaluate_technical_constrains/data/intermediate/template_adatas/T06_fullgenes_simulated.h5ad,1,500,2,101,202,/home/augusta/storage3/augusta/insituCNV/InSituCNV/Evaluate_technical_constrains/data/runs/T06_C1_G500.h5ad,inferred
T06_C1_G5000,T06,/home/augusta/storage3/augusta/insituCNV/InSituCNV/Evaluate_technical_constrains/data/intermediate/template_adatas/T06_fullgenes_simulated.h5ad,1,5000,20,101,202,/home/augusta/storage3/augusta/insituCNV/InSituCNV/Evaluate_technical_constrains/data/runs/T06_C1_G5000.h5ad,inferred
T06_C1_Gall,T06,/home/augusta/storage3/augusta/insituCNV/InSituCNV/Evaluate_technical_constrains/data/intermediate/template_adatas/T06_fullgenes_simulated.h5ad,1,all,100,101,202,/home/augusta/storage3/augusta/insituCNV/InSituCNV/Evaluate_technical_constrains/data/runs/T06_C1_Gall.h5ad,inferred
T06_C2_G1000,T06,/home/augusta/storage3/augusta/insituCNV/InSituCNV/Evaluate_technical_constrains/data/intermediate/template_adatas/T06_fullgenes_simulated.h5ad,2,1000,4,101,202,/home/augusta/storage3/augusta/insituCNV/InSituCNV/Evaluate_technical_constrains/data/runs/T06_C2_G1000.h5ad,inferred
T06_C2_G10000,T06,/home/augusta/storage3/augusta/insituCNV/InSituCNV/Evaluate_technical_constrains/data/intermediate/template_adatas/T06_fullgenes_simulated.h5ad,2,10000,40,101,202,/home/augusta/storage3/augusta/insituCNV/InSituCNV/Evaluate_technical_constrains/data/runs/T06_C2_G10000.h5ad,inferred
T06_C2_G15000,T06,/home/augusta/storage3/augusta/insituCNV/InSituCNV/Evaluate_technical_constrains/data/intermediate/template_adatas/T06_fullgenes_simulated.h5ad,2,15000,60,101,202,/home/augusta/storage3/augusta/insituCNV/InSituCNV/Evaluate_technical_constrains/data/runs/T06_C2_G15000.h5ad,inferred
T06_C2_G20000,T06,/home/augusta/storage3/augusta/insituCNV/InSituCNV/Evaluate_technical_constrains/data/intermediate/template_adatas/T06_fullgenes_simulated.h5ad,2,20000,80,101,202,/home/augusta/storage3/augusta/insituCNV/InSituCNV/Evaluate_technical_constrains/data/runs/T06_C2_G20000.h5ad,inferred
T06_C2_G500,T06,/home/augusta/storage3/augusta/insituCNV/InSituCNV/Evaluate_technical_constrains/data/intermediate/template_adatas/T06_fullgenes_simulated.h5ad,2,500,2,101,202,/home/augusta/storage3/augusta/insituCNV/InSituCNV/Evaluate_technical_constrains/data/runs/T06_C2_G500.h5ad,inferred
T06_C2_G5000,T06,/home/augusta/storage3/augusta/insituCNV/InSituCNV/Evaluate_technical_constrains/data/intermediate/template_adatas/T06_fullgenes_simulated.h5ad,2,5000,20,101,202,/home/augusta/storage3/augusta/insituCNV/InSituCNV/Evaluate_technical_constrains/data/runs/T06_C2_G5000.h5ad,inferred
T06_C2_Gall,T06,/home/augusta/storage3/augusta/insituCNV/InSituCNV/Evaluate_technical_constrains/data/intermediate/template_adatas/T06_fullgenes_simulated.h5ad,2,all,100,101,202,/home/augusta/storage3/augusta/insituCNV/InSituCNV/Evaluate_technical_constrains/data/runs/T06_C2_Gall.h5ad,inferred
T06_C3_G1000,T06,/home/augusta/storage3/augusta/insituCNV/InSituCNV/Evaluate_technical_constrains/data/intermediate/template_adatas/T06_fullgenes_simulated.h5ad,3,1000,4,101,202,/home/augusta/storage3/augusta/insituCNV/InSituCNV/Evaluate_technical_constrains/data/runs/T06_C3_G1000.h5ad,inferred
T06_C3_G10000,T06,/home/augusta/storage3/augusta/insituCNV/InSituCNV/Evaluate_technical_constrains/data/intermediate/template_adatas/T06_fullgenes_simulated.h5ad,3,10000,40,101,202,/home/augusta/storage3/augusta/insituCNV/InSituCNV/Evaluate_technical_constrains/data/runs/T06_C3_G10000.h5ad,inferred
T06_C3_G15000,T06,/home/augusta/storage3/augusta/insituCNV/InSituCNV/Evaluate_technical_constrains/data/intermediate/template_adatas/T06_fullgenes_simulated.h5ad,3,15000,60,101,202,/home/augusta/storage3/augusta/insituCNV/InSituCNV/Evaluate_technical_constrains/data/runs/T06_C3_G15000.h5ad,inferred
T06_C3_G20000,T06,/home/augusta/storage3/augusta/insituCNV/InSituCNV/Evaluate_technical_constrains/data/intermediate/template_adatas/T06_fullgenes_simulated.h5ad,3,20000,80,101,202,/home/augusta/storage3/augusta/insituCNV/InSituCNV/Evaluate_technical_constrains/data/runs/T06_C3_G20000.h5ad,inferred
T06_C3_G500,T06,/home/augusta/storage3/augusta/insituCNV/InSituCNV/Evaluate_technical_constrains/data/intermediate/template_adatas/T06_fullgenes_simulated.h5ad,3,500,2,101,202,/home/augusta/storage3/augusta/insituCNV/InSituCNV/Evaluate_technical_constrains/data/runs/T06_C3_G500.h5ad,inferred
T06_C3_G5000,T06,/home/augusta/storage3/augusta/insituCNV/InSituCNV/Evaluate_technical_constrains/data/intermediate/template_adatas/T06_fullgenes_simulated.h5ad,3,5000,20,101,202,/home/augusta/storage3/augusta/insituCNV/InSituCNV/Evaluate_technical_constrains/data/runs/T06_C3_G5000.h5ad,inferred
T06_C3_Gall,T06,/home/augusta/storage3/augusta/insituCNV/InSituCNV/Evaluate_technical_constrains/data/intermediate/template_adatas/T06_fullgenes_simulated.h5ad,3,all,100,101,202,/home/augusta/storage3/augusta/insituCNV/InSituCNV/Evaluate_technical_constrains/data/runs/T06_C3_Gall.h5ad,inferred
T06_C5_G1000,T06,/home/augusta/storage3/augusta/insituCNV/InSituCNV/Evaluate_technical_constrains/data/intermediate/template_adatas/T06_fullgenes_simulated.h5ad,5,1000,4,101,202,/home/augusta/storage3/augusta/insituCNV/InSituCNV/Evaluate_technical_constrains/data/runs/T06_C5_G1000.h5ad,inferred
T06_C5_G10000,T06,/home/augusta/storage3/augusta/insituCNV/InSituCNV/Evaluate_technical_constrains/data/intermediate/template_adatas/T06_fullgenes_simulated.h5ad,5,10000,40,101,202,/home/augusta/storage3/augusta/insituCNV/InSituCNV/Evaluate_technical_constrains/data/runs/T06_C5_G10000.h5ad,inferred
T06_C5_G15000,T06,/home/augusta/storage3/augusta/insituCNV/InSituCNV/Evaluate_technical_constrains/data/intermediate/template_adatas/T06_fullgenes_simulated.h5ad,5,15000,60,101,202,/home/augusta/storage3/augusta/insituCNV/InSituCNV/Evaluate_technical_constrains/data/runs/T06_C5_G15000.h5ad,inferred
T06_C5_G20000,T06,/home/augusta/storage3/augusta/insituCNV/InSituCNV/Evaluate_technical_constrains/data/intermediate/template_adatas/T06_fullgenes_simulated.h5ad,5,20000,80,101,202,/home/augusta/storage3/augusta/insituCNV/InSituCNV/Evaluate_technical_constrains/data/runs/T06_C5_G20000.h5ad,inferred
T06_C5_G500,T06,/home/augusta/storage3/augusta/insituCNV/InSituCNV/Evaluate_technical_constrains/data/intermediate/template_adatas/T06_fullgenes_simulated.h5ad,5,500,2,101,202,/home/augusta/storage3/augusta/insituCNV/InSituCNV/Evaluate_technical_constrains/data/runs/T06_C5_G500.h5ad,inferred
T06_C5_G5000,T06,/home/augusta/storage3/augusta/insituCNV/InSituCNV/Evaluate_technical_constrains/data/intermediate/template_adatas/T06_fullgenes_simulated.h5ad,5,5000,20,101,202,/home/augusta/storage3/augusta/insituCNV/InSituCNV/Evaluate_technical_constrains/data/runs/T06_C5_G5000.h5ad,inferred
T06_C5_Gall,T06,/home/augusta/storage3/augusta/insituCNV/InSituCNV/Evaluate_technical_constrains/data/intermediate/template_adatas/T06_fullgenes_simulated.h5ad,5,all,100,101,202,/home/augusta/storage3/augusta/insituCNV/InSituCNV/Evaluate_technical_constrains/data/runs/T06_C5_Gall.h5ad,inferred
T06_C10_G1000,T06,/home/augusta/storage3/augusta/insituCNV/InSituCNV/Evaluate_technical_constrains/data/intermediate/template_adatas/T06_fullgenes_simulated.h5ad,10,1000,4,101,202,/home/augusta/storage3/augusta/insituCNV/InSituCNV/Evaluate_technical_constrains/data/runs/T06_C10_G1000.h5ad,failed
T06_C10_G10000,T06,/home/augusta/storage3/augusta/insituCNV/InSituCNV/Evaluate_technical_constrains/data/intermediate/template_adatas/T06_fullgenes_simulated.h5ad,10,10000,40,101,202,/home/augusta/storage3/augusta/insituCNV/InSituCNV/Evaluate_technical_constrains/data/runs/T06_C10_G10000.h5ad,inferred
T06_C10_G15000,T06,/home/augusta/storage3/augusta/insituCNV/InSituCNV/Evaluate_technical_constrains/data/intermediate/template_adatas/T06_fullgenes_simulated.h5ad,10,15000,60,101,202,/home/augusta/storage3/augusta/insituCNV/InSituCNV/Evaluate_technical_constrains/data/runs/T06_C10_G15000.h5ad,inferred
T06_C10_G20000,T06,/home/augusta/storage3/augusta/insituCNV/InSituCNV/Evaluate_technical_constrains/data/intermediate/template_adatas/T06_fullgenes_simulated.h5ad,10,20000,80,101,202,/home/augusta/storage3/augusta/insituCNV/InSituCNV/Evaluate_technical_constrains/data/runs/T06_C10_G20000.h5ad,inferred
T06_C10_G500,T06,/home/augusta/storage3/augusta/insituCNV/InSituCNV/Evaluate_technical_constrains/data/intermediate/template_adatas/T06_fullgenes_simulated.h5ad,10,500,2,101,202,/home/augusta/storage3/augusta/insituCNV/InSituCNV/Evaluate_technical_constrains/data/runs/T06_C10_G500.h5ad,inferred
T06_C10_G5000,T06,/home/augusta/storage3/augusta/insituCNV/InSituCNV/Evaluate_technical_constrains/data/intermediate/template_adatas/T06_fullgenes_simulated.h5ad,10,5000,20,101,202,/home/augusta/storage3/augusta/insituCNV/InSituCNV/Evaluate_technical_constrains/data/runs/T06_C10_G5000.h5ad,inferred
T06_C10_Gall,T06,/home/augusta/storage3/augusta/insituCNV/InSituCNV/Evaluate_technical_constrains/data/intermediate/template_adatas/T06_fullgenes_simulated.h5ad,10,all,100,101,202,/home/augusta/storage3/augusta/insituCNV/InSituCNV/Evaluate_technical_constrains/data/runs/T06_C10_Gall.h5ad,inferred
T06_C20_G1000,T06,/home/augusta/storage3/augusta/insituCNV/InSituCNV/Evaluate_technical_constrains/data/intermediate/template_adatas/T06_fullgenes_simulated.h5ad,20,1000,4,101,202,/home/augusta/storage3/augusta/insituCNV/InSituCNV/Evaluate_technical_constrains/data/runs/T06_C20_G1000.h5ad,inferred
T06_C20_G10000,T06,/home/augusta/storage3/augusta/insituCNV/InSituCNV/Evaluate_technical_constrains/data/intermediate/template_adatas/T06_fullgenes_simulated.h5ad,20,10000,40,101,202,/home/augusta/storage3/augusta/insituCNV/InSituCNV/Evaluate_technical_constrains/data/runs/T06_C20_G10000.h5ad,inferred
T06_C20_G15000,T06,/home/augusta/storage3/augusta/insituCNV/InSituCNV/Evaluate_technical_constrains/data/intermediate/template_adatas/T06_fullgenes_simulated.h5ad,20,15000,60,101,202,/home/augusta/storage3/augusta/insituCNV/InSituCNV/Evaluate_technical_constrains/data/runs/T06_C20_G15000.h5ad,failed
T06_C20_G20000,T06,/home/augusta/storage3/augusta/insituCNV/InSituCNV/Evaluate_technical_constrains/data/intermediate/template_adatas/T06_fullgenes_simulated.h5ad,20,20000,80,101,202,/home/augusta/storage3/augusta/insituCNV/InSituCNV/Evaluate_technical_constrains/data/runs/T06_C20_G20000.h5ad,inferred
T06_C20_G500,T06,/home/augusta/storage3/augusta/insituCNV/InSituCNV/Evaluate_technical_constrains/data/intermediate/template_adatas/T06_fullgenes_simulated.h5ad,20,500,2,101,202,/home/augusta/storage3/augusta/insituCNV/InSituCNV/Evaluate_technical_constrains/data/runs/T06_C20_G500.h5ad,inferred
T06_C20_G5000,T06,/home/augusta/storage3/augusta/insituCNV/InSituCNV/Evaluate_technical_constrains/data/intermediate/template_adatas/T06_fullgenes_simulated.h5ad,20,5000,20,101,202,/home/augusta/storage3/augusta/insituCNV/InSituCNV/Evaluate_technical_constrains/data/runs/T06_C20_G5000.h5ad,inferred
T06_C20_Gall,T06,/home/augusta/storage3/augusta/insituCNV/InSituCNV/Evaluate_technical_constrains/data/intermediate/template_adatas/T06_fullgenes_simulated.h5ad,20,all,100,101,202,/home/augusta/storage3/augusta/insituCNV/InSituCNV/Evaluate_technical_constrains/data/runs/T06_C20_Gall.h5ad,inferred
T06_C50_G1000,T06,/home/augusta/storage3/augusta/insituCNV/InSituCNV/Evaluate_technical_constrains/data/intermediate/template_adatas/T06_fullgenes_simulated.h5ad,50,1000,4,101,202,/home/augusta/storage3/augusta/insituCNV/InSituCNV/Evaluate_technical_constrains/data/runs/T06_C50_G1000.h5ad,inferred
T06_C50_G10000,T06,/home/augusta/storage3/augusta/insituCNV/InSituCNV/Evaluate_technical_constrains/data/intermediate/template_adatas/T06_fullgenes_simulated.h5ad,50,10000,40,101,202,/home/augusta/storage3/augusta/insituCNV/InSituCNV/Evaluate_technical_constrains/data/runs/T06_C50_G10000.h5ad,inferred
T06_C50_G15000,T06,/home/augusta/storage3/augusta/insituCNV/InSituCNV/Evaluate_technical_constrains/data/intermediate/template_adatas/T06_fullgenes_simulated.h5ad,50,15000,60,101,202,/home/augusta/storage3/augusta/insituCNV/InSituCNV/Evaluate_technical_constrains/data/runs/T06_C50_G15000.h5ad,inferred
T06_C50_G20000,T06,/home/augusta/storage3/augusta/insituCNV/InSituCNV/Evaluate_technical_constrains/data/intermediate/template_adatas/T06_fullgenes_simulated.h5ad,50,20000,80,101,202,/home/augusta/storage3/augusta/insituCNV/InSituCNV/Evaluate_technical_constrains/data/runs/T06_C50_G20000.h5ad,inferred
T06_C50_G500,T06,/home/augusta/storage3/augusta/insituCNV/InSituCNV/Evaluate_technical_constrains/data/intermediate/template_adatas/T06_fullgenes_simulated.h5ad,50,500,2,101,202,/home/augusta/storage3/augusta/insituCNV/InSituCNV/Evaluate_technical_constrains/data/runs/T06_C50_G500.h5ad,inferred
T06_C50_G5000,T06,/home/augusta/storage3/augusta/insituCNV/InSituCNV/Evaluate_technical_constrains/data/intermediate/template_adatas/T06_fullgenes_simulated.h5ad,50,5000,20,101,202,/home/augusta/storage3/augusta/insituCNV/InSituCNV/Evaluate_technical_constrains/data/runs/T06_C50_G5000.h5ad,inferred
T06_C50_Gall,T06,/home/augusta/storage3/augusta/insituCNV/InSituCNV/Evaluate_technical_constrains/data/intermediate/template_adatas/T06_fullgenes_simulated.h5ad,50,all,100,101,202,/home/augusta/storage3/augusta/insituCNV/InSituCNV/Evaluate_technical_constrains/data/runs/T06_C50_Gall.h5ad,inferred
T06_C70_G1000,T06,/home/augusta/storage3/augusta/insituCNV/InSituCNV/Evaluate_technical_constrains/data/intermediate/template_adatas/T06_fullgenes_simulated.h5ad,70,1000,4,101,202,/home/augusta/storage3/augusta/insituCNV/InSituCNV/Evaluate_technical_constrains/data/runs/T06_C70_G1000.h5ad,inferred
T06_C70_G10000,T06,/home/augusta/storage3/augusta/insituCNV/InSituCNV/Evaluate_technical_constrains/data/intermediate/template_adatas/T06_fullgenes_simulated.h5ad,70,10000,40,101,202,/home/augusta/storage3/augusta/insituCNV/InSituCNV/Evaluate_technical_constrains/data/runs/T06_C70_G10000.h5ad,inferred
T06_C70_G15000,T06,/home/augusta/storage3/augusta/insituCNV/InSituCNV/Evaluate_technical_constrains/data/intermediate/template_adatas/T06_fullgenes_simulated.h5ad,70,15000,60,101,202,/home/augusta/storage3/augusta/insituCNV/InSituCNV/Evaluate_technical_constrains/data/runs/T06_C70_G15000.h5ad,inferred
T06_C70_G20000,T06,/home/augusta/storage3/augusta/insituCNV/InSituCNV/Evaluate_technical_constrains/data/intermediate/template_adatas/T06_fullgenes_simulated.h5ad,70,20000,80,101,202,/home/augusta/storage3/augusta/insituCNV/InSituCNV/Evaluate_technical_constrains/data/runs/T06_C70_G20000.h5ad,inferred
T06_C70_G500,T06,/home/augusta/storage3/augusta/insituCNV/InSituCNV/Evaluate_technical_constrains/data/intermediate/template_adatas/T06_fullgenes_simulated.h5ad,70,500,2,101,202,/home/augusta/storage3/augusta/insituCNV/InSituCNV/Evaluate_technical_constrains/data/runs/T06_C70_G500.h5ad,inferred
T06_C70_G5000,T06,/home/augusta/storage3/augusta/insituCNV/InSituCNV/Evaluate_technical_constrains/data/intermediate/template_adatas/T06_fullgenes_simulated.h5ad,70,5000,20,101,202,/home/augusta/storage3/augusta/insituCNV/InSituCNV/Evaluate_technical_constrains/data/runs/T06_C70_G5000.h5ad,inferred
T06_C70_Gall,T06,/home/augusta/storage3/augusta/insituCNV/InSituCNV/Evaluate_technical_constrains/data/intermediate/template_adatas/T06_fullgenes_simulated.h5ad,70,all,100,101,202,/home/augusta/storage3/augusta/insituCNV/InSituCNV/Evaluate_technical_constrains/data/runs/T06_C70_Gall.h5ad,failed
T06_C100_G1000,T06,/home/augusta/storage3/augusta/insituCNV/InSituCNV/Evaluate_technical_constrains/data/intermediate/template_adatas/T06_fullgenes_simulated.h5ad,100,1000,4,101,202,/home/augusta/storage3/augusta/insituCNV/InSituCNV/Evaluate_technical_constrains/data/runs/T06_C100_G1000.h5ad,inferred
T06_C100_G10000,T06,/home/augusta/storage3/augusta/insituCNV/InSituCNV/Evaluate_technical_constrains/data/intermediate/template_adatas/T06_fullgenes_simulated.h5ad,100,10000,40,101,202,/home/augusta/storage3/augusta/insituCNV/InSituCNV/Evaluate_technical_constrains/data/runs/T06_C100_G10000.h5ad,inferred
T06_C100_G15000,T06,/home/augusta/storage3/augusta/insituCNV/InSituCNV/Evaluate_technical_constrains/data/intermediate/template_adatas/T06_fullgenes_simulated.h5ad,100,15000,60,101,202,/home/augusta/storage3/augusta/insituCNV/InSituCNV/Evaluate_technical_constrains/data/runs/T06_C100_G15000.h5ad,inferred
T06_C100_G20000,T06,/home/augusta/storage3/augusta/insituCNV/InSituCNV/Evaluate_technical_constrains/data/intermediate/template_adatas/T06_fullgenes_simulated.h5ad,100,20000,80,101,202,/home/augusta/storage3/augusta/insituCNV/InSituCNV/Evaluate_technical_constrains/data/runs/T06_C100_G20000.h5ad,inferred
T06_C100_G500,T06,/home/augusta/storage3/augusta/insituCNV/InSituCNV/Evaluate_technical_constrains/data/intermediate/template_adatas/T06_fullgenes_simulated.h5ad,100,500,2,101,202,/home/augusta/storage3/augusta/insituCNV/InSituCNV/Evaluate_technical_constrains/data/runs/T06_C100_G500.h5ad,inferred
T06_C100_G5000,T06,/home/augusta/storage3/augusta/insituCNV/InSituCNV/Evaluate_technical_constrains/data/intermediate/template_adatas/T06_fullgenes_simulated.h5ad,100,5000,20,101,202,/home/augusta/storage3/augusta/insituCNV/InSituCNV/Evaluate_technical_constrains/data/runs/T06_C100_G5000.h5ad,inferred
T06_C100_Gall,T06,/home/augusta/storage3/augusta/insituCNV/InSituCNV/Evaluate_technical_constrains/data/intermediate/template_adatas/T06_fullgenes_simulated.h5ad,100,all,100,101,202,/home/augusta/storage3/augusta/insituCNV/InSituCNV/Evaluate_technical_constrains/data/runs/T06_C100_Gall.h5ad,inferred
T07_C1_G1000,T07,/home/augusta/storage3/augusta/insituCNV/InSituCNV/Evaluate_technical_constrains/data/intermediate/template_adatas/T07_fullgenes_simulated.h5ad,1,1000,4,101,202,/home/augusta/storage3/augusta/insituCNV/InSituCNV/Evaluate_technical_constrains/data/runs/T07_C1_G1000.h5ad,inferred
T07_C1_G10000,T07,/home/augusta/storage3/augusta/insituCNV/InSituCNV/Evaluate_technical_constrains/data/intermediate/template_adatas/T07_fullgenes_simulated.h5ad,1,10000,40,101,202,/home/augusta/storage3/augusta/insituCNV/InSituCNV/Evaluate_technical_constrains/data/runs/T07_C1_G10000.h5ad,inferred
T07_C1_G15000,T07,/home/augusta/storage3/augusta/insituCNV/InSituCNV/Evaluate_technical_constrains/data/intermediate/template_adatas/T07_fullgenes_simulated.h5ad,1,15000,60,101,202,/home/augusta/storage3/augusta/insituCNV/InSituCNV/Evaluate_technical_constrains/data/runs/T07_C1_G15000.h5ad,inferred
T07_C1_G20000,T07,/home/augusta/storage3/augusta/insituCNV/InSituCNV/Evaluate_technical_constrains/data/intermediate/template_adatas/T07_fullgenes_simulated.h5ad,1,20000,80,101,202,/home/augusta/storage3/augusta/insituCNV/InSituCNV/Evaluate_technical_constrains/data/runs/T07_C1_G20000.h5ad,inferred
T07_C1_G500,T07,/home/augusta/storage3/augusta/insituCNV/InSituCNV/Evaluate_technical_constrains/data/intermediate/template_adatas/T07_fullgenes_simulated.h5ad,1,500,2,101,202,/home/augusta/storage3/augusta/insituCNV/InSituCNV/Evaluate_technical_constrains/data/runs/T07_C1_G500.h5ad,inferred
T07_C1_G5000,T07,/home/augusta/storage3/augusta/insituCNV/InSituCNV/Evaluate_technical_constrains/data/intermediate/template_adatas/T07_fullgenes_simulated.h5ad,1,5000,20,101,202,/home/augusta/storage3/augusta/insituCNV/InSituCNV/Evaluate_technical_constrains/data/runs/T07_C1_G5000.h5ad,inferred
T07_C1_Gall,T07,/home/augusta/storage3/augusta/insituCNV/InSituCNV/Evaluate_technical_constrains/data/intermediate/template_adatas/T07_fullgenes_simulated.h5ad,1,all,100,101,202,/home/augusta/storage3/augusta/insituCNV/InSituCNV/Evaluate_technical_constrains/data/runs/T07_C1_Gall.h5ad,inferred
T07_C2_G1000,T07,/home/augusta/storage3/augusta/insituCNV/InSituCNV/Evaluate_technical_constrains/data/intermediate/template_adatas/T07_fullgenes_simulated.h5ad,2,1000,4,101,202,/home/augusta/storage3/augusta/insituCNV/InSituCNV/Evaluate_technical_constrains/data/runs/T07_C2_G1000.h5ad,inferred
T07_C2_G10000,T07,/home/augusta/storage3/augusta/insituCNV/InSituCNV/Evaluate_technical_constrains/data/intermediate/template_adatas/T07_fullgenes_simulated.h5ad,2,10000,40,101,202,/home/augusta/storage3/augusta/insituCNV/InSituCNV/Evaluate_technical_constrains/data/runs/T07_C2_G10000.h5ad,inferred
T07_C2_G15000,T07,/home/augusta/storage3/augusta/insituCNV/InSituCNV/Evaluate_technical_constrains/data/intermediate/template_adatas/T07_fullgenes_simulated.h5ad,2,15000,60,101,202,/home/augusta/storage3/augusta/insituCNV/InSituCNV/Evaluate_technical_constrains/data/runs/T07_C2_G15000.h5ad,inferred
T07_C2_G20000,T07,/home/augusta/storage3/augusta/insituCNV/InSituCNV/Evaluate_technical_constrains/data/intermediate/template_adatas/T07_fullgenes_simulated.h5ad,2,20000,80,101,202,/home/augusta/storage3/augusta/insituCNV/InSituCNV/Evaluate_technical_constrains/data/runs/T07_C2_G20000.h5ad,inferred
T07_C2_G500,T07,/home/augusta/storage3/augusta/insituCNV/InSituCNV/Evaluate_technical_constrains/data/intermediate/template_adatas/T07_fullgenes_simulated.h5ad,2,500,2,101,202,/home/augusta/storage3/augusta/insituCNV/InSituCNV/Evaluate_technical_constrains/data/runs/T07_C2_G500.h5ad,inferred
T07_C2_G5000,T07,/home/augusta/storage3/augusta/insituCNV/InSituCNV/Evaluate_technical_constrains/data/intermediate/template_adatas/T07_fullgenes_simulated.h5ad,2,5000,20,101,202,/home/augusta/storage3/augusta/insituCNV/InSituCNV/Evaluate_technical_constrains/data/runs/T07_C2_G5000.h5ad,inferred
T07_C2_Gall,T07,/home/augusta/storage3/augusta/insituCNV/InSituCNV/Evaluate_technical_constrains/data/intermediate/template_adatas/T07_fullgenes_simulated.h5ad,2,all,100,101,202,/home/augusta/storage3/augusta/insituCNV/InSituCNV/Evaluate_technical_constrains/data/runs/T07_C2_Gall.h5ad,inferred
T07_C3_G1000,T07,/home/augusta/storage3/augusta/insituCNV/InSituCNV/Evaluate_technical_constrains/data/intermediate/template_adatas/T07_fullgenes_simulated.h5ad,3,1000,4,101,202,/home/augusta/storage3/augusta/insituCNV/InSituCNV/Evaluate_technical_constrains/data/runs/T07_C3_G1000.h5ad,inferred
T07_C3_G10000,T07,/home/augusta/storage3/augusta/insituCNV/InSituCNV/Evaluate_technical_constrains/data/intermediate/template_adatas/T07_fullgenes_simulated.h5ad,3,10000,40,101,202,/home/augusta/storage3/augusta/insituCNV/InSituCNV/Evaluate_technical_constrains/data/runs/T07_C3_G10000.h5ad,inferred
T07_C3_G15000,T07,/home/augusta/storage3/augusta/insituCNV/InSituCNV/Evaluate_technical_constrains/data/intermediate/template_adatas/T07_fullgenes_simulated.h5ad,3,15000,60,101,202,/home/augusta/storage3/augusta/insituCNV/InSituCNV/Evaluate_technical_constrains/data/runs/T07_C3_G15000.h5ad,inferred
T07_C3_G20000,T07,/home/augusta/storage3/augusta/insituCNV/InSituCNV/Evaluate_technical_constrains/data/intermediate/template_adatas/T07_fullgenes_simulated.h5ad,3,20000,80,101,202,/home/augusta/storage3/augusta/insituCNV/InSituCNV/Evaluate_technical_constrains/data/runs/T07_C3_G20000.h5ad,inferred
T07_C3_G500,T07,/home/augusta/storage3/augusta/insituCNV/InSituCNV/Evaluate_technical_constrains/data/intermediate/template_adatas/T07_fullgenes_simulated.h5ad,3,500,2,101,202,/home/augusta/storage3/augusta/insituCNV/InSituCNV/Evaluate_technical_constrains/data/runs/T07_C3_G500.h5ad,inferred
T07_C3_G5000,T07,/home/augusta/storage3/augusta/insituCNV/InSituCNV/Evaluate_technical_constrains/data/intermediate/template_adatas/T07_fullgenes_simulated.h5ad,3,5000,20,101,202,/home/augusta/storage3/augusta/insituCNV/InSituCNV/Evaluate_technical_constrains/data/runs/T07_C3_G5000.h5ad,inferred
T07_C3_Gall,T07,/home/augusta/storage3/augusta/insituCNV/InSituCNV/Evaluate_technical_constrains/data/intermediate/template_adatas/T07_fullgenes_simulated.h5ad,3,all,100,101,202,/home/augusta/storage3/augusta/insituCNV/InSituCNV/Evaluate_technical_constrains/data/runs/T07_C3_Gall.h5ad,inferred
T07_C5_G1000,T07,/home/augusta/storage3/augusta/insituCNV/InSituCNV/Evaluate_technical_constrains/data/intermediate/template_adatas/T07_fullgenes_simulated.h5ad,5,1000,4,101,202,/home/augusta/storage3/augusta/insituCNV/InSituCNV/Evaluate_technical_constrains/data/runs/T07_C5_G1000.h5ad,inferred
T07_C5_G10000,T07,/home/augusta/storage3/augusta/insituCNV/InSituCNV/Evaluate_technical_constrains/data/intermediate/template_adatas/T07_fullgenes_simulated.h5ad,5,10000,40,101,202,/home/augusta/storage3/augusta/insituCNV/InSituCNV/Evaluate_technical_constrains/data/runs/T07_C5_G10000.h5ad,inferred
T07_C5_G15000,T07,/home/augusta/storage3/augusta/insituCNV/InSituCNV/Evaluate_technical_constrains/data/intermediate/template_adatas/T07_fullgenes_simulated.h5ad,5,15000,60,101,202,/home/augusta/storage3/augusta/insituCNV/InSituCNV/Evaluate_technical_constrains/data/runs/T07_C5_G15000.h5ad,inferred
T07_C5_G20000,T07,/home/augusta/storage3/augusta/insituCNV/InSituCNV/Evaluate_technical_constrains/data/intermediate/template_adatas/T07_fullgenes_simulated.h5ad,5,20000,80,101,202,/home/augusta/storage3/augusta/insituCNV/InSituCNV/Evaluate_technical_constrains/data/runs/T07_C5_G20000.h5ad,inferred
T07_C5_G500,T07,/home/augusta/storage3/augusta/insituCNV/InSituCNV/Evaluate_technical_constrains/data/intermediate/template_adatas/T07_fullgenes_simulated.h5ad,5,500,2,101,202,/home/augusta/storage3/augusta/insituCNV/InSituCNV/Evaluate_technical_constrains/data/runs/T07_C5_G500.h5ad,inferred
T07_C5_G5000,T07,/home/augusta/storage3/augusta/insituCNV/InSituCNV/Evaluate_technical_constrains/data/intermediate/template_adatas/T07_fullgenes_simulated.h5ad,5,5000,20,101,202,/home/augusta/storage3/augusta/insituCNV/InSituCNV/Evaluate_technical_constrains/data/runs/T07_C5_G5000.h5ad,inferred
T07_C5_Gall,T07,/home/augusta/storage3/augusta/insituCNV/InSituCNV/Evaluate_technical_constrains/data/intermediate/template_adatas/T07_fullgenes_simulated.h5ad,5,all,100,101,202,/home/augusta/storage3/augusta/insituCNV/InSituCNV/Evaluate_technical_constrains/data/runs/T07_C5_Gall.h5ad,inferred
T07_C10_G1000,T07,/home/augusta/storage3/augusta/insituCNV/InSituCNV/Evaluate_technical_constrains/data/intermediate/template_adatas/T07_fullgenes_simulated.h5ad,10,1000,4,101,202,/home/augusta/storage3/augusta/insituCNV/InSituCNV/Evaluate_technical_constrains/data/runs/T07_C10_G1000.h5ad,inferred
T07_C10_G10000,T07,/home/augusta/storage3/augusta/insituCNV/InSituCNV/Evaluate_technical_constrains/data/intermediate/template_adatas/T07_fullgenes_simulated.h5ad,10,10000,40,101,202,/home/augusta/storage3/augusta/insituCNV/InSituCNV/Evaluate_technical_constrains/data/runs/T07_C10_G10000.h5ad,inferred
T07_C10_G15000,T07,/home/augusta/storage3/augusta/insituCNV/InSituCNV/Evaluate_technical_constrains/data/intermediate/template_adatas/T07_fullgenes_simulated.h5ad,10,15000,60,101,202,/home/augusta/storage3/augusta/insituCNV/InSituCNV/Evaluate_technical_constrains/data/runs/T07_C10_G15000.h5ad,inferred
T07_C10_G20000,T07,/home/augusta/storage3/augusta/insituCNV/InSituCNV/Evaluate_technical_constrains/data/intermediate/template_adatas/T07_fullgenes_simulated.h5ad,10,20000,80,101,202,/home/augusta/storage3/augusta/insituCNV/InSituCNV/Evaluate_technical_constrains/data/runs/T07_C10_G20000.h5ad,inferred
T07_C10_G500,T07,/home/augusta/storage3/augusta/insituCNV/InSituCNV/Evaluate_technical_constrains/data/intermediate/template_adatas/T07_fullgenes_simulated.h5ad,10,500,2,101,202,/home/augusta/storage3/augusta/insituCNV/InSituCNV/Evaluate_technical_constrains/data/runs/T07_C10_G500.h5ad,inferred
T07_C10_G5000,T07,/home/augusta/storage3/augusta/insituCNV/InSituCNV/Evaluate_technical_constrains/data/intermediate/template_adatas/T07_fullgenes_simulated.h5ad,10,5000,20,101,202,/home/augusta/storage3/augusta/insituCNV/InSituCNV/Evaluate_technical_constrains/data/runs/T07_C10_G5000.h5ad,inferred
T07_C10_Gall,T07,/home/augusta/storage3/augusta/insituCNV/InSituCNV/Evaluate_technical_constrains/data/intermediate/template_adatas/T07_fullgenes_simulated.h5ad,10,all,100,101,202,/home/augusta/storage3/augusta/insituCNV/InSituCNV/Evaluate_technical_constrains/data/runs/T07_C10_Gall.h5ad,inferred
T07_C20_G1000,T07,/home/augusta/storage3/augusta/insituCNV/InSituCNV/Evaluate_technical_constrains/data/intermediate/template_adatas/T07_fullgenes_simulated.h5ad,20,1000,4,101,202,/home/augusta/storage3/augusta/insituCNV/InSituCNV/Evaluate_technical_constrains/data/runs/T07_C20_G1000.h5ad,inferred
T07_C20_G10000,T07,/home/augusta/storage3/augusta/insituCNV/InSituCNV/Evaluate_technical_constrains/data/intermediate/template_adatas/T07_fullgenes_simulated.h5ad,20,10000,40,101,202,/home/augusta/storage3/augusta/insituCNV/InSituCNV/Evaluate_technical_constrains/data/runs/T07_C20_G10000.h5ad,inferred
T07_C20_G15000,T07,/home/augusta/storage3/augusta/insituCNV/InSituCNV/Evaluate_technical_constrains/data/intermediate/template_adatas/T07_fullgenes_simulated.h5ad,20,15000,60,101,202,/home/augusta/storage3/augusta/insituCNV/InSituCNV/Evaluate_technical_constrains/data/runs/T07_C20_G15000.h5ad,inferred
T07_C20_G20000,T07,/home/augusta/storage3/augusta/insituCNV/InSituCNV/Evaluate_technical_constrains/data/intermediate/template_adatas/T07_fullgenes_simulated.h5ad,20,20000,80,101,202,/home/augusta/storage3/augusta/insituCNV/InSituCNV/Evaluate_technical_constrains/data/runs/T07_C20_G20000.h5ad,inferred
T07_C20_G500,T07,/home/augusta/storage3/augusta/insituCNV/InSituCNV/Evaluate_technical_constrains/data/intermediate/template_adatas/T07_fullgenes_simulated.h5ad,20,500,2,101,202,/home/augusta/storage3/augusta/insituCNV/InSituCNV/Evaluate_technical_constrains/data/runs/T07_C20_G500.h5ad,inferred
T07_C20_G5000,T07,/home/augusta/storage3/augusta/insituCNV/InSituCNV/Evaluate_technical_constrains/data/intermediate/template_adatas/T07_fullgenes_simulated.h5ad,20,5000,20,101,202,/home/augusta/storage3/augusta/insituCNV/InSituCNV/Evaluate_technical_constrains/data/runs/T07_C20_G5000.h5ad,inferred
T07_C20_Gall,T07,/home/augusta/storage3/augusta/insituCNV/InSituCNV/Evaluate_technical_constrains/data/intermediate/template_adatas/T07_fullgenes_simulated.h5ad,20,all,100,101,202,/home/augusta/storage3/augusta/insituCNV/InSituCNV/Evaluate_technical_constrains/data/runs/T07_C20_Gall.h5ad,inferred
T07_C50_G1000,T07,/home/augusta/storage3/augusta/insituCNV/InSituCNV/Evaluate_technical_constrains/data/intermediate/template_adatas/T07_fullgenes_simulated.h5ad,50,1000,4,101,202,/home/augusta/storage3/augusta/insituCNV/InSituCNV/Evaluate_technical_constrains/data/runs/T07_C50_G1000.h5ad,inferred
T07_C50_G10000,T07,/home/augusta/storage3/augusta/insituCNV/InSituCNV/Evaluate_technical_constrains/data/intermediate/template_adatas/T07_fullgenes_simulated.h5ad,50,10000,40,101,202,/home/augusta/storage3/augusta/insituCNV/InSituCNV/Evaluate_technical_constrains/data/runs/T07_C50_G10000.h5ad,inferred
T07_C50_G15000,T07,/home/augusta/storage3/augusta/insituCNV/InSituCNV/Evaluate_technical_constrains/data/intermediate/template_adatas/T07_fullgenes_simulated.h5ad,50,15000,60,101,202,/home/augusta/storage3/augusta/insituCNV/InSituCNV/Evaluate_technical_constrains/data/runs/T07_C50_G15000.h5ad,inferred
T07_C50_G20000,T07,/home/augusta/storage3/augusta/insituCNV/InSituCNV/Evaluate_technical_constrains/data/intermediate/template_adatas/T07_fullgenes_simulated.h5ad,50,20000,80,101,202,/home/augusta/storage3/augusta/insituCNV/InSituCNV/Evaluate_technical_constrains/data/runs/T07_C50_G20000.h5ad,inferred
T07_C50_G500,T07,/home/augusta/storage3/augusta/insituCNV/InSituCNV/Evaluate_technical_constrains/data/intermediate/template_adatas/T07_fullgenes_simulated.h5ad,50,500,2,101,202,/home/augusta/storage3/augusta/insituCNV/InSituCNV/Evaluate_technical_constrains/data/runs/T07_C50_G500.h5ad,inferred
T07_C50_G5000,T07,/home/augusta/storage3/augusta/insituCNV/InSituCNV/Evaluate_technical_constrains/data/intermediate/template_adatas/T07_fullgenes_simulated.h5ad,50,5000,20,101,202,/home/augusta/storage3/augusta/insituCNV/InSituCNV/Evaluate_technical_constrains/data/runs/T07_C50_G5000.h5ad,inferred
T07_C50_Gall,T07,/home/augusta/storage3/augusta/insituCNV/InSituCNV/Evaluate_technical_constrains/data/intermediate/template_adatas/T07_fullgenes_simulated.h5ad,50,all,100,101,202,/home/augusta/storage3/augusta/insituCNV/InSituCNV/Evaluate_technical_constrains/data/runs/T07_C50_Gall.h5ad,inferred
T07_C70_G1000,T07,/home/augusta/storage3/augusta/insituCNV/InSituCNV/Evaluate_technical_constrains/data/intermediate/template_adatas/T07_fullgenes_simulated.h5ad,70,1000,4,101,202,/home/augusta/storage3/augusta/insituCNV/InSituCNV/Evaluate_technical_constrains/data/runs/T07_C70_G1000.h5ad,inferred
T07_C70_G10000,T07,/home/augusta/storage3/augusta/insituCNV/InSituCNV/Evaluate_technical_constrains/data/intermediate/template_adatas/T07_fullgenes_simulated.h5ad,70,10000,40,101,202,/home/augusta/storage3/augusta/insituCNV/InSituCNV/Evaluate_technical_constrains/data/runs/T07_C70_G10000.h5ad,inferred
T07_C70_G15000,T07,/home/augusta/storage3/augusta/insituCNV/InSituCNV/Evaluate_technical_constrains/data/intermediate/template_adatas/T07_fullgenes_simulated.h5ad,70,15000,60,101,202,/home/augusta/storage3/augusta/insituCNV/InSituCNV/Evaluate_technical_constrains/data/runs/T07_C70_G15000.h5ad,inferred
T07_C70_G20000,T07,/home/augusta/storage3/augusta/insituCNV/InSituCNV/Evaluate_technical_constrains/data/intermediate/template_adatas/T07_fullgenes_simulated.h5ad,70,20000,80,101,202,/home/augusta/storage3/augusta/insituCNV/InSituCNV/Evaluate_technical_constrains/data/runs/T07_C70_G20000.h5ad,inferred
T07_C70_G500,T07,/home/augusta/storage3/augusta/insituCNV/InSituCNV/Evaluate_technical_constrains/data/intermediate/template_adatas/T07_fullgenes_simulated.h5ad,70,500,2,101,202,/home/augusta/storage3/augusta/insituCNV/InSituCNV/Evaluate_technical_constrains/data/runs/T07_C70_G500.h5ad,inferred
T07_C70_G5000,T07,/home/augusta/storage3/augusta/insituCNV/InSituCNV/Evaluate_technical_constrains/data/intermediate/template_adatas/T07_fullgenes_simulated.h5ad,70,5000,20,101,202,/home/augusta/storage3/augusta/insituCNV/InSituCNV/Evaluate_technical_constrains/data/runs/T07_C70_G5000.h5ad,failed
T07_C70_Gall,T07,/home/augusta/storage3/augusta/insituCNV/InSituCNV/Evaluate_technical_constrains/data/intermediate/template_adatas/T07_fullgenes_simulated.h5ad,70,all,100,101,202,/home/augusta/storage3/augusta/insituCNV/InSituCNV/Evaluate_technical_constrains/data/runs/T07_C70_Gall.h5ad,failed
T07_C100_G1000,T07,/home/augusta/storage3/augusta/insituCNV/InSituCNV/Evaluate_technical_constrains/data/intermediate/template_adatas/T07_fullgenes_simulated.h5ad,100,1000,4,101,202,/home/augusta/storage3/augusta/insituCNV/InSituCNV/Evaluate_technical_constrains/data/runs/T07_C100_G1000.h5ad,inferred
T07_C100_G10000,T07,/home/augusta/storage3/augusta/insituCNV/InSituCNV/Evaluate_technical_constrains/data/intermediate/template_adatas/T07_fullgenes_simulated.h5ad,100,10000,40,101,202,/home/augusta/storage3/augusta/insituCNV/InSituCNV/Evaluate_technical_constrains/data/runs/T07_C100_G10000.h5ad,inferred
T07_C100_G15000,T07,/home/augusta/storage3/augusta/insituCNV/InSituCNV/Evaluate_technical_constrains/data/intermediate/template_adatas/T07_fullgenes_simulated.h5ad,100,15000,60,101,202,/home/augusta/storage3/augusta/insituCNV/InSituCNV/Evaluate_technical_constrains/data/runs/T07_C100_G15000.h5ad,inferred
T07_C100_G20000,T07,/home/augusta/storage3/augusta/insituCNV/InSituCNV/Evaluate_technical_constrains/data/intermediate/template_adatas/T07_fullgenes_simulated.h5ad,100,20000,80,101,202,/home/augusta/storage3/augusta/insituCNV/InSituCNV/Evaluate_technical_constrains/data/runs/T07_C100_G20000.h5ad,inferred
T07_C100_G500,T07,/home/augusta/storage3/augusta/insituCNV/InSituCNV/Evaluate_technical_constrains/data/intermediate/template_adatas/T07_fullgenes_simulated.h5ad,100,500,2,101,202,/home/augusta/storage3/augusta/insituCNV/InSituCNV/Evaluate_technical_constrains/data/runs/T07_C100_G500.h5ad,inferred
T07_C100_G5000,T07,/home/augusta/storage3/augusta/insituCNV/InSituCNV/Evaluate_technical_constrains/data/intermediate/template_adatas/T07_fullgenes_simulated.h5ad,100,5000,20,101,202,/home/augusta/storage3/augusta/insituCNV/InSituCNV/Evaluate_technical_constrains/data/runs/T07_C100_G5000.h5ad,inferred
T07_C100_Gall,T07,/home/augusta/storage3/augusta/insituCNV/InSituCNV/Evaluate_technical_constrains/data/intermediate/template_adatas/T07_fullgenes_simulated.h5ad,100,all,100,101,202,/home/augusta/storage3/augusta/insituCNV/InSituCNV/Evaluate_technical_constrains/data/runs/T07_C100_Gall.h5ad,inferred
T08_C1_G1000,T08,/home/augusta/storage3/augusta/insituCNV/InSituCNV/Evaluate_technical_constrains/data/intermediate/template_adatas/T08_fullgenes_simulated.h5ad,1,1000,4,101,202,/home/augusta/storage3/augusta/insituCNV/InSituCNV/Evaluate_technical_constrains/data/runs/T08_C1_G1000.h5ad,inferred
T08_C1_G10000,T08,/home/augusta/storage3/augusta/insituCNV/InSituCNV/Evaluate_technical_constrains/data/intermediate/template_adatas/T08_fullgenes_simulated.h5ad,1,10000,40,101,202,/home/augusta/storage3/augusta/insituCNV/InSituCNV/Evaluate_technical_constrains/data/runs/T08_C1_G10000.h5ad,inferred
T08_C1_G15000,T08,/home/augusta/storage3/augusta/insituCNV/InSituCNV/Evaluate_technical_constrains/data/intermediate/template_adatas/T08_fullgenes_simulated.h5ad,1,15000,60,101,202,/home/augusta/storage3/augusta/insituCNV/InSituCNV/Evaluate_technical_constrains/data/runs/T08_C1_G15000.h5ad,inferred
T08_C1_G20000,T08,/home/augusta/storage3/augusta/insituCNV/InSituCNV/Evaluate_technical_constrains/data/intermediate/template_adatas/T08_fullgenes_simulated.h5ad,1,20000,80,101,202,/home/augusta/storage3/augusta/insituCNV/InSituCNV/Evaluate_technical_constrains/data/runs/T08_C1_G20000.h5ad,inferred
T08_C1_G500,T08,/home/augusta/storage3/augusta/insituCNV/InSituCNV/Evaluate_technical_constrains/data/intermediate/template_adatas/T08_fullgenes_simulated.h5ad,1,500,2,101,202,/home/augusta/storage3/augusta/insituCNV/InSituCNV/Evaluate_technical_constrains/data/runs/T08_C1_G500.h5ad,inferred
T08_C1_G5000,T08,/home/augusta/storage3/augusta/insituCNV/InSituCNV/Evaluate_technical_constrains/data/intermediate/template_adatas/T08_fullgenes_simulated.h5ad,1,5000,20,101,202,/home/augusta/storage3/augusta/insituCNV/InSituCNV/Evaluate_technical_constrains/data/runs/T08_C1_G5000.h5ad,inferred
T08_C1_Gall,T08,/home/augusta/storage3/augusta/insituCNV/InSituCNV/Evaluate_technical_constrains/data/intermediate/template_adatas/T08_fullgenes_simulated.h5ad,1,all,100,101,202,/home/augusta/storage3/augusta/insituCNV/InSituCNV/Evaluate_technical_constrains/data/runs/T08_C1_Gall.h5ad,inferred
T08_C2_G1000,T08,/home/augusta/storage3/augusta/insituCNV/InSituCNV/Evaluate_technical_constrains/data/intermediate/template_adatas/T08_fullgenes_simulated.h5ad,2,1000,4,101,202,/home/augusta/storage3/augusta/insituCNV/InSituCNV/Evaluate_technical_constrains/data/runs/T08_C2_G1000.h5ad,inferred
T08_C2_G10000,T08,/home/augusta/storage3/augusta/insituCNV/InSituCNV/Evaluate_technical_constrains/data/intermediate/template_adatas/T08_fullgenes_simulated.h5ad,2,10000,40,101,202,/home/augusta/storage3/augusta/insituCNV/InSituCNV/Evaluate_technical_constrains/data/runs/T08_C2_G10000.h5ad,inferred
T08_C2_G15000,T08,/home/augusta/storage3/augusta/insituCNV/InSituCNV/Evaluate_technical_constrains/data/intermediate/template_adatas/T08_fullgenes_simulated.h5ad,2,15000,60,101,202,/home/augusta/storage3/augusta/insituCNV/InSituCNV/Evaluate_technical_constrains/data/runs/T08_C2_G15000.h5ad,inferred
T08_C2_G20000,T08,/home/augusta/storage3/augusta/insituCNV/InSituCNV/Evaluate_technical_constrains/data/intermediate/template_adatas/T08_fullgenes_simulated.h5ad,2,20000,80,101,202,/home/augusta/storage3/augusta/insituCNV/InSituCNV/Evaluate_technical_constrains/data/runs/T08_C2_G20000.h5ad,inferred
T08_C2_G500,T08,/home/augusta/storage3/augusta/insituCNV/InSituCNV/Evaluate_technical_constrains/data/intermediate/template_adatas/T08_fullgenes_simulated.h5ad,2,500,2,101,202,/home/augusta/storage3/augusta/insituCNV/InSituCNV/Evaluate_technical_constrains/data/runs/T08_C2_G500.h5ad,inferred
T08_C2_G5000,T08,/home/augusta/storage3/augusta/insituCNV/InSituCNV/Evaluate_technical_constrains/data/intermediate/template_adatas/T08_fullgenes_simulated.h5ad,2,5000,20,101,202,/home/augusta/storage3/augusta/insituCNV/InSituCNV/Evaluate_technical_constrains/data/runs/T08_C2_G5000.h5ad,inferred
T08_C2_Gall,T08,/home/augusta/storage3/augusta/insituCNV/InSituCNV/Evaluate_technical_constrains/data/intermediate/template_adatas/T08_fullgenes_simulated.h5ad,2,all,100,101,202,/home/augusta/storage3/augusta/insituCNV/InSituCNV/Evaluate_technical_constrains/data/runs/T08_C2_Gall.h5ad,inferred
T08_C3_G1000,T08,/home/augusta/storage3/augusta/insituCNV/InSituCNV/Evaluate_technical_constrains/data/intermediate/template_adatas/T08_fullgenes_simulated.h5ad,3,1000,4,101,202,/home/augusta/storage3/augusta/insituCNV/InSituCNV/Evaluate_technical_constrains/data/runs/T08_C3_G1000.h5ad,inferred
T08_C3_G10000,T08,/home/augusta/storage3/augusta/insituCNV/InSituCNV/Evaluate_technical_constrains/data/intermediate/template_adatas/T08_fullgenes_simulated.h5ad,3,10000,40,101,202,/home/augusta/storage3/augusta/insituCNV/InSituCNV/Evaluate_technical_constrains/data/runs/T08_C3_G10000.h5ad,inferred
T08_C3_G15000,T08,/home/augusta/storage3/augusta/insituCNV/InSituCNV/Evaluate_technical_constrains/data/intermediate/template_adatas/T08_fullgenes_simulated.h5ad,3,15000,60,101,202,/home/augusta/storage3/augusta/insituCNV/InSituCNV/Evaluate_technical_constrains/data/runs/T08_C3_G15000.h5ad,inferred
T08_C3_G20000,T08,/home/augusta/storage3/augusta/insituCNV/InSituCNV/Evaluate_technical_constrains/data/intermediate/template_adatas/T08_fullgenes_simulated.h5ad,3,20000,80,101,202,/home/augusta/storage3/augusta/insituCNV/InSituCNV/Evaluate_technical_constrains/data/runs/T08_C3_G20000.h5ad,inferred
T08_C3_G500,T08,/home/augusta/storage3/augusta/insituCNV/InSituCNV/Evaluate_technical_constrains/data/intermediate/template_adatas/T08_fullgenes_simulated.h5ad,3,500,2,101,202,/home/augusta/storage3/augusta/insituCNV/InSituCNV/Evaluate_technical_constrains/data/runs/T08_C3_G500.h5ad,inferred
T08_C3_G5000,T08,/home/augusta/storage3/augusta/insituCNV/InSituCNV/Evaluate_technical_constrains/data/intermediate/template_adatas/T08_fullgenes_simulated.h5ad,3,5000,20,101,202,/home/augusta/storage3/augusta/insituCNV/InSituCNV/Evaluate_technical_constrains/data/runs/T08_C3_G5000.h5ad,inferred
T08_C3_Gall,T08,/home/augusta/storage3/augusta/insituCNV/InSituCNV/Evaluate_technical_constrains/data/intermediate/template_adatas/T08_fullgenes_simulated.h5ad,3,all,100,101,202,/home/augusta/storage3/augusta/insituCNV/InSituCNV/Evaluate_technical_constrains/data/runs/T08_C3_Gall.h5ad,failed
T08_C5_G1000,T08,/home/augusta/storage3/augusta/insituCNV/InSituCNV/Evaluate_technical_constrains/data/intermediate/template_adatas/T08_fullgenes_simulated.h5ad,5,1000,4,101,202,/home/augusta/storage3/augusta/insituCNV/InSituCNV/Evaluate_technical_constrains/data/runs/T08_C5_G1000.h5ad,inferred
T08_C5_G10000,T08,/home/augusta/storage3/augusta/insituCNV/InSituCNV/Evaluate_technical_constrains/data/intermediate/template_adatas/T08_fullgenes_simulated.h5ad,5,10000,40,101,202,/home/augusta/storage3/augusta/insituCNV/InSituCNV/Evaluate_technical_constrains/data/runs/T08_C5_G10000.h5ad,inferred
T08_C5_G15000,T08,/home/augusta/storage3/augusta/insituCNV/InSituCNV/Evaluate_technical_constrains/data/intermediate/template_adatas/T08_fullgenes_simulated.h5ad,5,15000,60,101,202,/home/augusta/storage3/augusta/insituCNV/InSituCNV/Evaluate_technical_constrains/data/runs/T08_C5_G15000.h5ad,inferred
T08_C5_G20000,T08,/home/augusta/storage3/augusta/insituCNV/InSituCNV/Evaluate_technical_constrains/data/intermediate/template_adatas/T08_fullgenes_simulated.h5ad,5,20000,80,101,202,/home/augusta/storage3/augusta/insituCNV/InSituCNV/Evaluate_technical_constrains/data/runs/T08_C5_G20000.h5ad,inferred
T08_C5_G500,T08,/home/augusta/storage3/augusta/insituCNV/InSituCNV/Evaluate_technical_constrains/data/intermediate/template_adatas/T08_fullgenes_simulated.h5ad,5,500,2,101,202,/home/augusta/storage3/augusta/insituCNV/InSituCNV/Evaluate_technical_constrains/data/runs/T08_C5_G500.h5ad,inferred
T08_C5_G5000,T08,/home/augusta/storage3/augusta/insituCNV/InSituCNV/Evaluate_technical_constrains/data/intermediate/template_adatas/T08_fullgenes_simulated.h5ad,5,5000,20,101,202,/home/augusta/storage3/augusta/insituCNV/InSituCNV/Evaluate_technical_constrains/data/runs/T08_C5_G5000.h5ad,inferred
T08_C5_Gall,T08,/home/augusta/storage3/augusta/insituCNV/InSituCNV/Evaluate_technical_constrains/data/intermediate/template_adatas/T08_fullgenes_simulated.h5ad,5,all,100,101,202,/home/augusta/storage3/augusta/insituCNV/InSituCNV/Evaluate_technical_constrains/data/runs/T08_C5_Gall.h5ad,inferred
T08_C10_G1000,T08,/home/augusta/storage3/augusta/insituCNV/InSituCNV/Evaluate_technical_constrains/data/intermediate/template_adatas/T08_fullgenes_simulated.h5ad,10,1000,4,101,202,/home/augusta/storage3/augusta/insituCNV/InSituCNV/Evaluate_technical_constrains/data/runs/T08_C10_G1000.h5ad,inferred
T08_C10_G10000,T08,/home/augusta/storage3/augusta/insituCNV/InSituCNV/Evaluate_technical_constrains/data/intermediate/template_adatas/T08_fullgenes_simulated.h5ad,10,10000,40,101,202,/home/augusta/storage3/augusta/insituCNV/InSituCNV/Evaluate_technical_constrains/data/runs/T08_C10_G10000.h5ad,inferred
T08_C10_G15000,T08,/home/augusta/storage3/augusta/insituCNV/InSituCNV/Evaluate_technical_constrains/data/intermediate/template_adatas/T08_fullgenes_simulated.h5ad,10,15000,60,101,202,/home/augusta/storage3/augusta/insituCNV/InSituCNV/Evaluate_technical_constrains/data/runs/T08_C10_G15000.h5ad,inferred
T08_C10_G20000,T08,/home/augusta/storage3/augusta/insituCNV/InSituCNV/Evaluate_technical_constrains/data/intermediate/template_adatas/T08_fullgenes_simulated.h5ad,10,20000,80,101,202,/home/augusta/storage3/augusta/insituCNV/InSituCNV/Evaluate_technical_constrains/data/runs/T08_C10_G20000.h5ad,inferred
T08_C10_G500,T08,/home/augusta/storage3/augusta/insituCNV/InSituCNV/Evaluate_technical_constrains/data/intermediate/template_adatas/T08_fullgenes_simulated.h5ad,10,500,2,101,202,/home/augusta/storage3/augusta/insituCNV/InSituCNV/Evaluate_technical_constrains/data/runs/T08_C10_G500.h5ad,inferred
T08_C10_G5000,T08,/home/augusta/storage3/augusta/insituCNV/InSituCNV/Evaluate_technical_constrains/data/intermediate/template_adatas/T08_fullgenes_simulated.h5ad,10,5000,20,101,202,/home/augusta/storage3/augusta/insituCNV/InSituCNV/Evaluate_technical_constrains/data/runs/T08_C10_G5000.h5ad,inferred
T08_C10_Gall,T08,/home/augusta/storage3/augusta/insituCNV/InSituCNV/Evaluate_technical_constrains/data/intermediate/template_adatas/T08_fullgenes_simulated.h5ad,10,all,100,101,202,/home/augusta/storage3/augusta/insituCNV/InSituCNV/Evaluate_technical_constrains/data/runs/T08_C10_Gall.h5ad,inferred
T08_C20_G1000,T08,/home/augusta/storage3/augusta/insituCNV/InSituCNV/Evaluate_technical_constrains/data/intermediate/template_adatas/T08_fullgenes_simulated.h5ad,20,1000,4,101,202,/home/augusta/storage3/augusta/insituCNV/InSituCNV/Evaluate_technical_constrains/data/runs/T08_C20_G1000.h5ad,inferred
T08_C20_G10000,T08,/home/augusta/storage3/augusta/insituCNV/InSituCNV/Evaluate_technical_constrains/data/intermediate/template_adatas/T08_fullgenes_simulated.h5ad,20,10000,40,101,202,/home/augusta/storage3/augusta/insituCNV/InSituCNV/Evaluate_technical_constrains/data/runs/T08_C20_G10000.h5ad,inferred
T08_C20_G15000,T08,/home/augusta/storage3/augusta/insituCNV/InSituCNV/Evaluate_technical_constrains/data/intermediate/template_adatas/T08_fullgenes_simulated.h5ad,20,15000,60,101,202,/home/augusta/storage3/augusta/insituCNV/InSituCNV/Evaluate_technical_constrains/data/runs/T08_C20_G15000.h5ad,inferred
T08_C20_G20000,T08,/home/augusta/storage3/augusta/insituCNV/InSituCNV/Evaluate_technical_constrains/data/intermediate/template_adatas/T08_fullgenes_simulated.h5ad,20,20000,80,101,202,/home/augusta/storage3/augusta/insituCNV/InSituCNV/Evaluate_technical_constrains/data/runs/T08_C20_G20000.h5ad,inferred
T08_C20_G500,T08,/home/augusta/storage3/augusta/insituCNV/InSituCNV/Evaluate_technical_constrains/data/intermediate/template_adatas/T08_fullgenes_simulated.h5ad,20,500,2,101,202,/home/augusta/storage3/augusta/insituCNV/InSituCNV/Evaluate_technical_constrains/data/runs/T08_C20_G500.h5ad,inferred
T08_C20_G5000,T08,/home/augusta/storage3/augusta/insituCNV/InSituCNV/Evaluate_technical_constrains/data/intermediate/template_adatas/T08_fullgenes_simulated.h5ad,20,5000,20,101,202,/home/augusta/storage3/augusta/insituCNV/InSituCNV/Evaluate_technical_constrains/data/runs/T08_C20_G5000.h5ad,inferred
T08_C20_Gall,T08,/home/augusta/storage3/augusta/insituCNV/InSituCNV/Evaluate_technical_constrains/data/intermediate/template_adatas/T08_fullgenes_simulated.h5ad,20,all,100,101,202,/home/augusta/storage3/augusta/insituCNV/InSituCNV/Evaluate_technical_constrains/data/runs/T08_C20_Gall.h5ad,inferred
T08_C50_G1000,T08,/home/augusta/storage3/augusta/insituCNV/InSituCNV/Evaluate_technical_constrains/data/intermediate/template_adatas/T08_fullgenes_simulated.h5ad,50,1000,4,101,202,/home/augusta/storage3/augusta/insituCNV/InSituCNV/Evaluate_technical_constrains/data/runs/T08_C50_G1000.h5ad,inferred
T08_C50_G10000,T08,/home/augusta/storage3/augusta/insituCNV/InSituCNV/Evaluate_technical_constrains/data/intermediate/template_adatas/T08_fullgenes_simulated.h5ad,50,10000,40,101,202,/home/augusta/storage3/augusta/insituCNV/InSituCNV/Evaluate_technical_constrains/data/runs/T08_C50_G10000.h5ad,inferred
T08_C50_G15000,T08,/home/augusta/storage3/augusta/insituCNV/InSituCNV/Evaluate_technical_constrains/data/intermediate/template_adatas/T08_fullgenes_simulated.h5ad,50,15000,60,101,202,/home/augusta/storage3/augusta/insituCNV/InSituCNV/Evaluate_technical_constrains/data/runs/T08_C50_G15000.h5ad,inferred
T08_C50_G20000,T08,/home/augusta/storage3/augusta/insituCNV/InSituCNV/Evaluate_technical_constrains/data/intermediate/template_adatas/T08_fullgenes_simulated.h5ad,50,20000,80,101,202,/home/augusta/storage3/augusta/insituCNV/InSituCNV/Evaluate_technical_constrains/data/runs/T08_C50_G20000.h5ad,inferred
T08_C50_G500,T08,/home/augusta/storage3/augusta/insituCNV/InSituCNV/Evaluate_technical_constrains/data/intermediate/template_adatas/T08_fullgenes_simulated.h5ad,50,500,2,101,202,/home/augusta/storage3/augusta/insituCNV/InSituCNV/Evaluate_technical_constrains/data/runs/T08_C50_G500.h5ad,inferred
T08_C50_G5000,T08,/home/augusta/storage3/augusta/insituCNV/InSituCNV/Evaluate_technical_constrains/data/intermediate/template_adatas/T08_fullgenes_simulated.h5ad,50,5000,20,101,202,/home/augusta/storage3/augusta/insituCNV/InSituCNV/Evaluate_technical_constrains/data/runs/T08_C50_G5000.h5ad,inferred
T08_C50_Gall,T08,/home/augusta/storage3/augusta/insituCNV/InSituCNV/Evaluate_technical_constrains/data/intermediate/template_adatas/T08_fullgenes_simulated.h5ad,50,all,100,101,202,/home/augusta/storage3/augusta/insituCNV/InSituCNV/Evaluate_technical_constrains/data/runs/T08_C50_Gall.h5ad,inferred
T08_C70_G1000,T08,/home/augusta/storage3/augusta/insituCNV/InSituCNV/Evaluate_technical_constrains/data/intermediate/template_adatas/T08_fullgenes_simulated.h5ad,70,1000,4,101,202,/home/augusta/storage3/augusta/insituCNV/InSituCNV/Evaluate_technical_constrains/data/runs/T08_C70_G1000.h5ad,inferred
T08_C70_G10000,T08,/home/augusta/storage3/augusta/insituCNV/InSituCNV/Evaluate_technical_constrains/data/intermediate/template_adatas/T08_fullgenes_simulated.h5ad,70,10000,40,101,202,/home/augusta/storage3/augusta/insituCNV/InSituCNV/Evaluate_technical_constrains/data/runs/T08_C70_G10000.h5ad,inferred
T08_C70_G15000,T08,/home/augusta/storage3/augusta/insituCNV/InSituCNV/Evaluate_technical_constrains/data/intermediate/template_adatas/T08_fullgenes_simulated.h5ad,70,15000,60,101,202,/home/augusta/storage3/augusta/insituCNV/InSituCNV/Evaluate_technical_constrains/data/runs/T08_C70_G15000.h5ad,inferred
T08_C70_G20000,T08,/home/augusta/storage3/augusta/insituCNV/InSituCNV/Evaluate_technical_constrains/data/intermediate/template_adatas/T08_fullgenes_simulated.h5ad,70,20000,80,101,202,/home/augusta/storage3/augusta/insituCNV/InSituCNV/Evaluate_technical_constrains/data/runs/T08_C70_G20000.h5ad,inferred
T08_C70_G500,T08,/home/augusta/storage3/augusta/insituCNV/InSituCNV/Evaluate_technical_constrains/data/intermediate/template_adatas/T08_fullgenes_simulated.h5ad,70,500,2,101,202,/home/augusta/storage3/augusta/insituCNV/InSituCNV/Evaluate_technical_constrains/data/runs/T08_C70_G500.h5ad,inferred
T08_C70_G5000,T08,/home/augusta/storage3/augusta/insituCNV/InSituCNV/Evaluate_technical_constrains/data/intermediate/template_adatas/T08_fullgenes_simulated.h5ad,70,5000,20,101,202,/home/augusta/storage3/augusta/insituCNV/InSituCNV/Evaluate_technical_constrains/data/runs/T08_C70_G5000.h5ad,inferred
T08_C70_Gall,T08,/home/augusta/storage3/augusta/insituCNV/InSituCNV/Evaluate_technical_constrains/data/intermediate/template_adatas/T08_fullgenes_simulated.h5ad,70,all,100,101,202,/home/augusta/storage3/augusta/insituCNV/InSituCNV/Evaluate_technical_constrains/data/runs/T08_C70_Gall.h5ad,inferred
T08_C100_G1000,T08,/home/augusta/storage3/augusta/insituCNV/InSituCNV/Evaluate_technical_constrains/data/intermediate/template_adatas/T08_fullgenes_simulated.h5ad,100,1000,4,101,202,/home/augusta/storage3/augusta/insituCNV/InSituCNV/Evaluate_technical_constrains/data/runs/T08_C100_G1000.h5ad,inferred
T08_C100_G10000,T08,/home/augusta/storage3/augusta/insituCNV/InSituCNV/Evaluate_technical_constrains/data/intermediate/template_adatas/T08_fullgenes_simulated.h5ad,100,10000,40,101,202,/home/augusta/storage3/augusta/insituCNV/InSituCNV/Evaluate_technical_constrains/data/runs/T08_C100_G10000.h5ad,inferred
T08_C100_G15000,T08,/home/augusta/storage3/augusta/insituCNV/InSituCNV/Evaluate_technical_constrains/data/intermediate/template_adatas/T08_fullgenes_simulated.h5ad,100,15000,60,101,202,/home/augusta/storage3/augusta/insituCNV/InSituCNV/Evaluate_technical_constrains/data/runs/T08_C100_G15000.h5ad,inferred
T08_C100_G20000,T08,/home/augusta/storage3/augusta/insituCNV/InSituCNV/Evaluate_technical_constrains/data/intermediate/template_adatas/T08_fullgenes_simulated.h5ad,100,20000,80,101,202,/home/augusta/storage3/augusta/insituCNV/InSituCNV/Evaluate_technical_constrains/data/runs/T08_C100_G20000.h5ad,inferred
T08_C100_G500,T08,/home/augusta/storage3/augusta/insituCNV/InSituCNV/Evaluate_technical_constrains/data/intermediate/template_adatas/T08_fullgenes_simulated.h5ad,100,500,2,101,202,/home/augusta/storage3/augusta/insituCNV/InSituCNV/Evaluate_technical_constrains/data/runs/T08_C100_G500.h5ad,inferred
T08_C100_G5000,T08,/home/augusta/storage3/augusta/insituCNV/InSituCNV/Evaluate_technical_constrains/data/intermediate/template_adatas/T08_fullgenes_simulated.h5ad,100,5000,20,101,202,/home/augusta/storage3/augusta/insituCNV/InSituCNV/Evaluate_technical_constrains/data/runs/T08_C100_G5000.h5ad,inferred
T08_C100_Gall,T08,/home/augusta/storage3/augusta/insituCNV/InSituCNV/Evaluate_technical_constrains/data/intermediate/template_adatas/T08_fullgenes_simulated.h5ad,100,all,100,101,202,/home/augusta/storage3/augusta/insituCNV/InSituCNV/Evaluate_technical_constrains/data/runs/T08_C100_Gall.h5ad,inferred
T09_C1_G1000,T09,/home/augusta/storage3/augusta/insituCNV/InSituCNV/Evaluate_technical_constrains/data/intermediate/template_adatas/T09_fullgenes_simulated.h5ad,1,1000,4,101,202,/home/augusta/storage3/augusta/insituCNV/InSituCNV/Evaluate_technical_constrains/data/runs/T09_C1_G1000.h5ad,inferred
T09_C1_G10000,T09,/home/augusta/storage3/augusta/insituCNV/InSituCNV/Evaluate_technical_constrains/data/intermediate/template_adatas/T09_fullgenes_simulated.h5ad,1,10000,40,101,202,/home/augusta/storage3/augusta/insituCNV/InSituCNV/Evaluate_technical_constrains/data/runs/T09_C1_G10000.h5ad,inferred
T09_C1_G15000,T09,/home/augusta/storage3/augusta/insituCNV/InSituCNV/Evaluate_technical_constrains/data/intermediate/template_adatas/T09_fullgenes_simulated.h5ad,1,15000,60,101,202,/home/augusta/storage3/augusta/insituCNV/InSituCNV/Evaluate_technical_constrains/data/runs/T09_C1_G15000.h5ad,inferred
T09_C1_G20000,T09,/home/augusta/storage3/augusta/insituCNV/InSituCNV/Evaluate_technical_constrains/data/intermediate/template_adatas/T09_fullgenes_simulated.h5ad,1,20000,80,101,202,/home/augusta/storage3/augusta/insituCNV/InSituCNV/Evaluate_technical_constrains/data/runs/T09_C1_G20000.h5ad,inferred
T09_C1_G500,T09,/home/augusta/storage3/augusta/insituCNV/InSituCNV/Evaluate_technical_constrains/data/intermediate/template_adatas/T09_fullgenes_simulated.h5ad,1,500,2,101,202,/home/augusta/storage3/augusta/insituCNV/InSituCNV/Evaluate_technical_constrains/data/runs/T09_C1_G500.h5ad,inferred
T09_C1_G5000,T09,/home/augusta/storage3/augusta/insituCNV/InSituCNV/Evaluate_technical_constrains/data/intermediate/template_adatas/T09_fullgenes_simulated.h5ad,1,5000,20,101,202,/home/augusta/storage3/augusta/insituCNV/InSituCNV/Evaluate_technical_constrains/data/runs/T09_C1_G5000.h5ad,inferred
T09_C1_Gall,T09,/home/augusta/storage3/augusta/insituCNV/InSituCNV/Evaluate_technical_constrains/data/intermediate/template_adatas/T09_fullgenes_simulated.h5ad,1,all,100,101,202,/home/augusta/storage3/augusta/insituCNV/InSituCNV/Evaluate_technical_constrains/data/runs/T09_C1_Gall.h5ad,inferred
T09_C2_G1000,T09,/home/augusta/storage3/augusta/insituCNV/InSituCNV/Evaluate_technical_constrains/data/intermediate/template_adatas/T09_fullgenes_simulated.h5ad,2,1000,4,101,202,/home/augusta/storage3/augusta/insituCNV/InSituCNV/Evaluate_technical_constrains/data/runs/T09_C2_G1000.h5ad,inferred
T09_C2_G10000,T09,/home/augusta/storage3/augusta/insituCNV/InSituCNV/Evaluate_technical_constrains/data/intermediate/template_adatas/T09_fullgenes_simulated.h5ad,2,10000,40,101,202,/home/augusta/storage3/augusta/insituCNV/InSituCNV/Evaluate_technical_constrains/data/runs/T09_C2_G10000.h5ad,inferred
T09_C2_G15000,T09,/home/augusta/storage3/augusta/insituCNV/InSituCNV/Evaluate_technical_constrains/data/intermediate/template_adatas/T09_fullgenes_simulated.h5ad,2,15000,60,101,202,/home/augusta/storage3/augusta/insituCNV/InSituCNV/Evaluate_technical_constrains/data/runs/T09_C2_G15000.h5ad,inferred
T09_C2_G20000,T09,/home/augusta/storage3/augusta/insituCNV/InSituCNV/Evaluate_technical_constrains/data/intermediate/template_adatas/T09_fullgenes_simulated.h5ad,2,20000,80,101,202,/home/augusta/storage3/augusta/insituCNV/InSituCNV/Evaluate_technical_constrains/data/runs/T09_C2_G20000.h5ad,inferred
T09_C2_G500,T09,/home/augusta/storage3/augusta/insituCNV/InSituCNV/Evaluate_technical_constrains/data/intermediate/template_adatas/T09_fullgenes_simulated.h5ad,2,500,2,101,202,/home/augusta/storage3/augusta/insituCNV/InSituCNV/Evaluate_technical_constrains/data/runs/T09_C2_G500.h5ad,inferred
T09_C2_G5000,T09,/home/augusta/storage3/augusta/insituCNV/InSituCNV/Evaluate_technical_constrains/data/intermediate/template_adatas/T09_fullgenes_simulated.h5ad,2,5000,20,101,202,/home/augusta/storage3/augusta/insituCNV/InSituCNV/Evaluate_technical_constrains/data/runs/T09_C2_G5000.h5ad,inferred
T09_C2_Gall,T09,/home/augusta/storage3/augusta/insituCNV/InSituCNV/Evaluate_technical_constrains/data/intermediate/template_adatas/T09_fullgenes_simulated.h5ad,2,all,100,101,202,/home/augusta/storage3/augusta/insituCNV/InSituCNV/Evaluate_technical_constrains/data/runs/T09_C2_Gall.h5ad,inferred
T09_C3_G1000,T09,/home/augusta/storage3/augusta/insituCNV/InSituCNV/Evaluate_technical_constrains/data/intermediate/template_adatas/T09_fullgenes_simulated.h5ad,3,1000,4,101,202,/home/augusta/storage3/augusta/insituCNV/InSituCNV/Evaluate_technical_constrains/data/runs/T09_C3_G1000.h5ad,inferred
T09_C3_G10000,T09,/home/augusta/storage3/augusta/insituCNV/InSituCNV/Evaluate_technical_constrains/data/intermediate/template_adatas/T09_fullgenes_simulated.h5ad,3,10000,40,101,202,/home/augusta/storage3/augusta/insituCNV/InSituCNV/Evaluate_technical_constrains/data/runs/T09_C3_G10000.h5ad,inferred
T09_C3_G15000,T09,/home/augusta/storage3/augusta/insituCNV/InSituCNV/Evaluate_technical_constrains/data/intermediate/template_adatas/T09_fullgenes_simulated.h5ad,3,15000,60,101,202,/home/augusta/storage3/augusta/insituCNV/InSituCNV/Evaluate_technical_constrains/data/runs/T09_C3_G15000.h5ad,inferred
T09_C3_G20000,T09,/home/augusta/storage3/augusta/insituCNV/InSituCNV/Evaluate_technical_constrains/data/intermediate/template_adatas/T09_fullgenes_simulated.h5ad,3,20000,80,101,202,/home/augusta/storage3/augusta/insituCNV/InSituCNV/Evaluate_technical_constrains/data/runs/T09_C3_G20000.h5ad,inferred
T09_C3_G500,T09,/home/augusta/storage3/augusta/insituCNV/InSituCNV/Evaluate_technical_constrains/data/intermediate/template_adatas/T09_fullgenes_simulated.h5ad,3,500,2,101,202,/home/augusta/storage3/augusta/insituCNV/InSituCNV/Evaluate_technical_constrains/data/runs/T09_C3_G500.h5ad,inferred
T09_C3_G5000,T09,/home/augusta/storage3/augusta/insituCNV/InSituCNV/Evaluate_technical_constrains/data/intermediate/template_adatas/T09_fullgenes_simulated.h5ad,3,5000,20,101,202,/home/augusta/storage3/augusta/insituCNV/InSituCNV/Evaluate_technical_constrains/data/runs/T09_C3_G5000.h5ad,inferred
T09_C3_Gall,T09,/home/augusta/storage3/augusta/insituCNV/InSituCNV/Evaluate_technical_constrains/data/intermediate/template_adatas/T09_fullgenes_simulated.h5ad,3,all,100,101,202,/home/augusta/storage3/augusta/insituCNV/InSituCNV/Evaluate_technical_constrains/data/runs/T09_C3_Gall.h5ad,inferred
T09_C5_G1000,T09,/home/augusta/storage3/augusta/insituCNV/InSituCNV/Evaluate_technical_constrains/data/intermediate/template_adatas/T09_fullgenes_simulated.h5ad,5,1000,4,101,202,/home/augusta/storage3/augusta/insituCNV/InSituCNV/Evaluate_technical_constrains/data/runs/T09_C5_G1000.h5ad,inferred
T09_C5_G10000,T09,/home/augusta/storage3/augusta/insituCNV/InSituCNV/Evaluate_technical_constrains/data/intermediate/template_adatas/T09_fullgenes_simulated.h5ad,5,10000,40,101,202,/home/augusta/storage3/augusta/insituCNV/InSituCNV/Evaluate_technical_constrains/data/runs/T09_C5_G10000.h5ad,inferred
T09_C5_G15000,T09,/home/augusta/storage3/augusta/insituCNV/InSituCNV/Evaluate_technical_constrains/data/intermediate/template_adatas/T09_fullgenes_simulated.h5ad,5,15000,60,101,202,/home/augusta/storage3/augusta/insituCNV/InSituCNV/Evaluate_technical_constrains/data/runs/T09_C5_G15000.h5ad,inferred
T09_C5_G20000,T09,/home/augusta/storage3/augusta/insituCNV/InSituCNV/Evaluate_technical_constrains/data/intermediate/template_adatas/T09_fullgenes_simulated.h5ad,5,20000,80,101,202,/home/augusta/storage3/augusta/insituCNV/InSituCNV/Evaluate_technical_constrains/data/runs/T09_C5_G20000.h5ad,inferred
T09_C5_G500,T09,/home/augusta/storage3/augusta/insituCNV/InSituCNV/Evaluate_technical_constrains/data/intermediate/template_adatas/T09_fullgenes_simulated.h5ad,5,500,2,101,202,/home/augusta/storage3/augusta/insituCNV/InSituCNV/Evaluate_technical_constrains/data/runs/T09_C5_G500.h5ad,inferred
T09_C5_G5000,T09,/home/augusta/storage3/augusta/insituCNV/InSituCNV/Evaluate_technical_constrains/data/intermediate/template_adatas/T09_fullgenes_simulated.h5ad,5,5000,20,101,202,/home/augusta/storage3/augusta/insituCNV/InSituCNV/Evaluate_technical_constrains/data/runs/T09_C5_G5000.h5ad,inferred
T09_C5_Gall,T09,/home/augusta/storage3/augusta/insituCNV/InSituCNV/Evaluate_technical_constrains/data/intermediate/template_adatas/T09_fullgenes_simulated.h5ad,5,all,100,101,202,/home/augusta/storage3/augusta/insituCNV/InSituCNV/Evaluate_technical_constrains/data/runs/T09_C5_Gall.h5ad,inferred
T09_C10_G1000,T09,/home/augusta/storage3/augusta/insituCNV/InSituCNV/Evaluate_technical_constrains/data/intermediate/template_adatas/T09_fullgenes_simulated.h5ad,10,1000,4,101,202,/home/augusta/storage3/augusta/insituCNV/InSituCNV/Evaluate_technical_constrains/data/runs/T09_C10_G1000.h5ad,inferred
T09_C10_G10000,T09,/home/augusta/storage3/augusta/insituCNV/InSituCNV/Evaluate_technical_constrains/data/intermediate/template_adatas/T09_fullgenes_simulated.h5ad,10,10000,40,101,202,/home/augusta/storage3/augusta/insituCNV/InSituCNV/Evaluate_technical_constrains/data/runs/T09_C10_G10000.h5ad,inferred
T09_C10_G15000,T09,/home/augusta/storage3/augusta/insituCNV/InSituCNV/Evaluate_technical_constrains/data/intermediate/template_adatas/T09_fullgenes_simulated.h5ad,10,15000,60,101,202,/home/augusta/storage3/augusta/insituCNV/InSituCNV/Evaluate_technical_constrains/data/runs/T09_C10_G15000.h5ad,inferred
T09_C10_G20000,T09,/home/augusta/storage3/augusta/insituCNV/InSituCNV/Evaluate_technical_constrains/data/intermediate/template_adatas/T09_fullgenes_simulated.h5ad,10,20000,80,101,202,/home/augusta/storage3/augusta/insituCNV/InSituCNV/Evaluate_technical_constrains/data/runs/T09_C10_G20000.h5ad,inferred
T09_C10_G500,T09,/home/augusta/storage3/augusta/insituCNV/InSituCNV/Evaluate_technical_constrains/data/intermediate/template_adatas/T09_fullgenes_simulated.h5ad,10,500,2,101,202,/home/augusta/storage3/augusta/insituCNV/InSituCNV/Evaluate_technical_constrains/data/runs/T09_C10_G500.h5ad,inferred
T09_C10_G5000,T09,/home/augusta/storage3/augusta/insituCNV/InSituCNV/Evaluate_technical_constrains/data/intermediate/template_adatas/T09_fullgenes_simulated.h5ad,10,5000,20,101,202,/home/augusta/storage3/augusta/insituCNV/InSituCNV/Evaluate_technical_constrains/data/runs/T09_C10_G5000.h5ad,inferred
T09_C10_Gall,T09,/home/augusta/storage3/augusta/insituCNV/InSituCNV/Evaluate_technical_constrains/data/intermediate/template_adatas/T09_fullgenes_simulated.h5ad,10,all,100,101,202,/home/augusta/storage3/augusta/insituCNV/InSituCNV/Evaluate_technical_constrains/data/runs/T09_C10_Gall.h5ad,inferred
T09_C20_G1000,T09,/home/augusta/storage3/augusta/insituCNV/InSituCNV/Evaluate_technical_constrains/data/intermediate/template_adatas/T09_fullgenes_simulated.h5ad,20,1000,4,101,202,/home/augusta/storage3/augusta/insituCNV/InSituCNV/Evaluate_technical_constrains/data/runs/T09_C20_G1000.h5ad,inferred
T09_C20_G10000,T09,/home/augusta/storage3/augusta/insituCNV/InSituCNV/Evaluate_technical_constrains/data/intermediate/template_adatas/T09_fullgenes_simulated.h5ad,20,10000,40,101,202,/home/augusta/storage3/augusta/insituCNV/InSituCNV/Evaluate_technical_constrains/data/runs/T09_C20_G10000.h5ad,inferred
T09_C20_G15000,T09,/home/augusta/storage3/augusta/insituCNV/InSituCNV/Evaluate_technical_constrains/data/intermediate/template_adatas/T09_fullgenes_simulated.h5ad,20,15000,60,101,202,/home/augusta/storage3/augusta/insituCNV/InSituCNV/Evaluate_technical_constrains/data/runs/T09_C20_G15000.h5ad,inferred
T09_C20_G20000,T09,/home/augusta/storage3/augusta/insituCNV/InSituCNV/Evaluate_technical_constrains/data/intermediate/template_adatas/T09_fullgenes_simulated.h5ad,20,20000,80,101,202,/home/augusta/storage3/augusta/insituCNV/InSituCNV/Evaluate_technical_constrains/data/runs/T09_C20_G20000.h5ad,inferred
T09_C20_G500,T09,/home/augusta/storage3/augusta/insituCNV/InSituCNV/Evaluate_technical_constrains/data/intermediate/template_adatas/T09_fullgenes_simulated.h5ad,20,500,2,101,202,/home/augusta/storage3/augusta/insituCNV/InSituCNV/Evaluate_technical_constrains/data/runs/T09_C20_G500.h5ad,inferred
T09_C20_G5000,T09,/home/augusta/storage3/augusta/insituCNV/InSituCNV/Evaluate_technical_constrains/data/intermediate/template_adatas/T09_fullgenes_simulated.h5ad,20,5000,20,101,202,/home/augusta/storage3/augusta/insituCNV/InSituCNV/Evaluate_technical_constrains/data/runs/T09_C20_G5000.h5ad,inferred
T09_C20_Gall,T09,/home/augusta/storage3/augusta/insituCNV/InSituCNV/Evaluate_technical_constrains/data/intermediate/template_adatas/T09_fullgenes_simulated.h5ad,20,all,100,101,202,/home/augusta/storage3/augusta/insituCNV/InSituCNV/Evaluate_technical_constrains/data/runs/T09_C20_Gall.h5ad,inferred
T09_C50_G1000,T09,/home/augusta/storage3/augusta/insituCNV/InSituCNV/Evaluate_technical_constrains/data/intermediate/template_adatas/T09_fullgenes_simulated.h5ad,50,1000,4,101,202,/home/augusta/storage3/augusta/insituCNV/InSituCNV/Evaluate_technical_constrains/data/runs/T09_C50_G1000.h5ad,inferred
T09_C50_G10000,T09,/home/augusta/storage3/augusta/insituCNV/InSituCNV/Evaluate_technical_constrains/data/intermediate/template_adatas/T09_fullgenes_simulated.h5ad,50,10000,40,101,202,/home/augusta/storage3/augusta/insituCNV/InSituCNV/Evaluate_technical_constrains/data/runs/T09_C50_G10000.h5ad,inferred
T09_C50_G15000,T09,/home/augusta/storage3/augusta/insituCNV/InSituCNV/Evaluate_technical_constrains/data/intermediate/template_adatas/T09_fullgenes_simulated.h5ad,50,15000,60,101,202,/home/augusta/storage3/augusta/insituCNV/InSituCNV/Evaluate_technical_constrains/data/runs/T09_C50_G15000.h5ad,inferred
T09_C50_G20000,T09,/home/augusta/storage3/augusta/insituCNV/InSituCNV/Evaluate_technical_constrains/data/intermediate/template_adatas/T09_fullgenes_simulated.h5ad,50,20000,80,101,202,/home/augusta/storage3/augusta/insituCNV/InSituCNV/Evaluate_technical_constrains/data/runs/T09_C50_G20000.h5ad,inferred
T09_C50_G500,T09,/home/augusta/storage3/augusta/insituCNV/InSituCNV/Evaluate_technical_constrains/data/intermediate/template_adatas/T09_fullgenes_simulated.h5ad,50,500,2,101,202,/home/augusta/storage3/augusta/insituCNV/InSituCNV/Evaluate_technical_constrains/data/runs/T09_C50_G500.h5ad,inferred
T09_C50_G5000,T09,/home/augusta/storage3/augusta/insituCNV/InSituCNV/Evaluate_technical_constrains/data/intermediate/template_adatas/T09_fullgenes_simulated.h5ad,50,5000,20,101,202,/home/augusta/storage3/augusta/insituCNV/InSituCNV/Evaluate_technical_constrains/data/runs/T09_C50_G5000.h5ad,inferred
T09_C50_Gall,T09,/home/augusta/storage3/augusta/insituCNV/InSituCNV/Evaluate_technical_constrains/data/intermediate/template_adatas/T09_fullgenes_simulated.h5ad,50,all,100,101,202,/home/augusta/storage3/augusta/insituCNV/InSituCNV/Evaluate_technical_constrains/data/runs/T09_C50_Gall.h5ad,inferred
T09_C70_G1000,T09,/home/augusta/storage3/augusta/insituCNV/InSituCNV/Evaluate_technical_constrains/data/intermediate/template_adatas/T09_fullgenes_simulated.h5ad,70,1000,4,101,202,/home/augusta/storage3/augusta/insituCNV/InSituCNV/Evaluate_technical_constrains/data/runs/T09_C70_G1000.h5ad,inferred
T09_C70_G10000,T09,/home/augusta/storage3/augusta/insituCNV/InSituCNV/Evaluate_technical_constrains/data/intermediate/template_adatas/T09_fullgenes_simulated.h5ad,70,10000,40,101,202,/home/augusta/storage3/augusta/insituCNV/InSituCNV/Evaluate_technical_constrains/data/runs/T09_C70_G10000.h5ad,inferred
T09_C70_G15000,T09,/home/augusta/storage3/augusta/insituCNV/InSituCNV/Evaluate_technical_constrains/data/intermediate/template_adatas/T09_fullgenes_simulated.h5ad,70,15000,60,101,202,/home/augusta/storage3/augusta/insituCNV/InSituCNV/Evaluate_technical_constrains/data/runs/T09_C70_G15000.h5ad,inferred
T09_C70_G20000,T09,/home/augusta/storage3/augusta/insituCNV/InSituCNV/Evaluate_technical_constrains/data/intermediate/template_adatas/T09_fullgenes_simulated.h5ad,70,20000,80,101,202,/home/augusta/storage3/augusta/insituCNV/InSituCNV/Evaluate_technical_constrains/data/runs/T09_C70_G20000.h5ad,inferred
T09_C70_G500,T09,/home/augusta/storage3/augusta/insituCNV/InSituCNV/Evaluate_technical_constrains/data/intermediate/template_adatas/T09_fullgenes_simulated.h5ad,70,500,2,101,202,/home/augusta/storage3/augusta/insituCNV/InSituCNV/Evaluate_technical_constrains/data/runs/T09_C70_G500.h5ad,inferred
T09_C70_G5000,T09,/home/augusta/storage3/augusta/insituCNV/InSituCNV/Evaluate_technical_constrains/data/intermediate/template_adatas/T09_fullgenes_simulated.h5ad,70,5000,20,101,202,/home/augusta/storage3/augusta/insituCNV/InSituCNV/Evaluate_technical_constrains/data/runs/T09_C70_G5000.h5ad,inferred
T09_C70_Gall,T09,/home/augusta/storage3/augusta/insituCNV/InSituCNV/Evaluate_technical_constrains/data/intermediate/template_adatas/T09_fullgenes_simulated.h5ad,70,all,100,101,202,/home/augusta/storage3/augusta/insituCNV/InSituCNV/Evaluate_technical_constrains/data/runs/T09_C70_Gall.h5ad,inferred
T09_C100_G1000,T09,/home/augusta/storage3/augusta/insituCNV/InSituCNV/Evaluate_technical_constrains/data/intermediate/template_adatas/T09_fullgenes_simulated.h5ad,100,1000,4,101,202,/home/augusta/storage3/augusta/insituCNV/InSituCNV/Evaluate_technical_constrains/data/runs/T09_C100_G1000.h5ad,inferred
T09_C100_G10000,T09,/home/augusta/storage3/augusta/insituCNV/InSituCNV/Evaluate_technical_constrains/data/intermediate/template_adatas/T09_fullgenes_simulated.h5ad,100,10000,40,101,202,/home/augusta/storage3/augusta/insituCNV/InSituCNV/Evaluate_technical_constrains/data/runs/T09_C100_G10000.h5ad,inferred
T09_C100_G15000,T09,/home/augusta/storage3/augusta/insituCNV/InSituCNV/Evaluate_technical_constrains/data/intermediate/template_adatas/T09_fullgenes_simulated.h5ad,100,15000,60,101,202,/home/augusta/storage3/augusta/insituCNV/InSituCNV/Evaluate_technical_constrains/data/runs/T09_C100_G15000.h5ad,inferred
T09_C100_G20000,T09,/home/augusta/storage3/augusta/insituCNV/InSituCNV/Evaluate_technical_constrains/data/intermediate/template_adatas/T09_fullgenes_simulated.h5ad,100,20000,80,101,202,/home/augusta/storage3/augusta/insituCNV/InSituCNV/Evaluate_technical_constrains/data/runs/T09_C100_G20000.h5ad,inferred
T09_C100_G500,T09,/home/augusta/storage3/augusta/insituCNV/InSituCNV/Evaluate_technical_constrains/data/intermediate/template_adatas/T09_fullgenes_simulated.h5ad,100,500,2,101,202,/home/augusta/storage3/augusta/insituCNV/InSituCNV/Evaluate_technical_constrains/data/runs/T09_C100_G500.h5ad,inferred
T09_C100_G5000,T09,/home/augusta/storage3/augusta/insituCNV/InSituCNV/Evaluate_technical_constrains/data/intermediate/template_adatas/T09_fullgenes_simulated.h5ad,100,5000,20,101,202,/home/augusta/storage3/augusta/insituCNV/InSituCNV/Evaluate_technical_constrains/data/runs/T09_C100_G5000.h5ad,inferred
T09_C100_Gall,T09,/home/augusta/storage3/augusta/insituCNV/InSituCNV/Evaluate_technical_constrains/data/intermediate/template_adatas/T09_fullgenes_simulated.h5ad,100,all,100,101,202,/home/augusta/storage3/augusta/insituCNV/InSituCNV/Evaluate_technical_constrains/data/runs/T09_C100_Gall.h5ad,inferred
T10_C1_G1000,T10,/home/augusta/storage3/augusta/insituCNV/InSituCNV/Evaluate_technical_constrains/data/intermediate/template_adatas/T10_fullgenes_simulated.h5ad,1,1000,4,101,202,/home/augusta/storage3/augusta/insituCNV/InSituCNV/Evaluate_technical_constrains/data/runs/T10_C1_G1000.h5ad,inferred
T10_C1_G10000,T10,/home/augusta/storage3/augusta/insituCNV/InSituCNV/Evaluate_technical_constrains/data/intermediate/template_adatas/T10_fullgenes_simulated.h5ad,1,10000,40,101,202,/home/augusta/storage3/augusta/insituCNV/InSituCNV/Evaluate_technical_constrains/data/runs/T10_C1_G10000.h5ad,inferred
T10_C1_G15000,T10,/home/augusta/storage3/augusta/insituCNV/InSituCNV/Evaluate_technical_constrains/data/intermediate/template_adatas/T10_fullgenes_simulated.h5ad,1,15000,60,101,202,/home/augusta/storage3/augusta/insituCNV/InSituCNV/Evaluate_technical_constrains/data/runs/T10_C1_G15000.h5ad,inferred
T10_C1_G20000,T10,/home/augusta/storage3/augusta/insituCNV/InSituCNV/Evaluate_technical_constrains/data/intermediate/template_adatas/T10_fullgenes_simulated.h5ad,1,20000,80,101,202,/home/augusta/storage3/augusta/insituCNV/InSituCNV/Evaluate_technical_constrains/data/runs/T10_C1_G20000.h5ad,inferred
T10_C1_G500,T10,/home/augusta/storage3/augusta/insituCNV/InSituCNV/Evaluate_technical_constrains/data/intermediate/template_adatas/T10_fullgenes_simulated.h5ad,1,500,2,101,202,/home/augusta/storage3/augusta/insituCNV/InSituCNV/Evaluate_technical_constrains/data/runs/T10_C1_G500.h5ad,inferred
T10_C1_G5000,T10,/home/augusta/storage3/augusta/insituCNV/InSituCNV/Evaluate_technical_constrains/data/intermediate/template_adatas/T10_fullgenes_simulated.h5ad,1,5000,20,101,202,/home/augusta/storage3/augusta/insituCNV/InSituCNV/Evaluate_technical_constrains/data/runs/T10_C1_G5000.h5ad,inferred
T10_C1_Gall,T10,/home/augusta/storage3/augusta/insituCNV/InSituCNV/Evaluate_technical_constrains/data/intermediate/template_adatas/T10_fullgenes_simulated.h5ad,1,all,100,101,202,/home/augusta/storage3/augusta/insituCNV/InSituCNV/Evaluate_technical_constrains/data/runs/T10_C1_Gall.h5ad,inferred
T10_C2_G1000,T10,/home/augusta/storage3/augusta/insituCNV/InSituCNV/Evaluate_technical_constrains/data/intermediate/template_adatas/T10_fullgenes_simulated.h5ad,2,1000,4,101,202,/home/augusta/storage3/augusta/insituCNV/InSituCNV/Evaluate_technical_constrains/data/runs/T10_C2_G1000.h5ad,inferred
T10_C2_G10000,T10,/home/augusta/storage3/augusta/insituCNV/InSituCNV/Evaluate_technical_constrains/data/intermediate/template_adatas/T10_fullgenes_simulated.h5ad,2,10000,40,101,202,/home/augusta/storage3/augusta/insituCNV/InSituCNV/Evaluate_technical_constrains/data/runs/T10_C2_G10000.h5ad,inferred
T10_C2_G15000,T10,/home/augusta/storage3/augusta/insituCNV/InSituCNV/Evaluate_technical_constrains/data/intermediate/template_adatas/T10_fullgenes_simulated.h5ad,2,15000,60,101,202,/home/augusta/storage3/augusta/insituCNV/InSituCNV/Evaluate_technical_constrains/data/runs/T10_C2_G15000.h5ad,inferred
T10_C2_G20000,T10,/home/augusta/storage3/augusta/insituCNV/InSituCNV/Evaluate_technical_constrains/data/intermediate/template_adatas/T10_fullgenes_simulated.h5ad,2,20000,80,101,202,/home/augusta/storage3/augusta/insituCNV/InSituCNV/Evaluate_technical_constrains/data/runs/T10_C2_G20000.h5ad,inferred
T10_C2_G500,T10,/home/augusta/storage3/augusta/insituCNV/InSituCNV/Evaluate_technical_constrains/data/intermediate/template_adatas/T10_fullgenes_simulated.h5ad,2,500,2,101,202,/home/augusta/storage3/augusta/insituCNV/InSituCNV/Evaluate_technical_constrains/data/runs/T10_C2_G500.h5ad,inferred
T10_C2_G5000,T10,/home/augusta/storage3/augusta/insituCNV/InSituCNV/Evaluate_technical_constrains/data/intermediate/template_adatas/T10_fullgenes_simulated.h5ad,2,5000,20,101,202,/home/augusta/storage3/augusta/insituCNV/InSituCNV/Evaluate_technical_constrains/data/runs/T10_C2_G5000.h5ad,inferred
T10_C2_Gall,T10,/home/augusta/storage3/augusta/insituCNV/InSituCNV/Evaluate_technical_constrains/data/intermediate/template_adatas/T10_fullgenes_simulated.h5ad,2,all,100,101,202,/home/augusta/storage3/augusta/insituCNV/InSituCNV/Evaluate_technical_constrains/data/runs/T10_C2_Gall.h5ad,inferred
T10_C3_G1000,T10,/home/augusta/storage3/augusta/insituCNV/InSituCNV/Evaluate_technical_constrains/data/intermediate/template_adatas/T10_fullgenes_simulated.h5ad,3,1000,4,101,202,/home/augusta/storage3/augusta/insituCNV/InSituCNV/Evaluate_technical_constrains/data/runs/T10_C3_G1000.h5ad,inferred
T10_C3_G10000,T10,/home/augusta/storage3/augusta/insituCNV/InSituCNV/Evaluate_technical_constrains/data/intermediate/template_adatas/T10_fullgenes_simulated.h5ad,3,10000,40,101,202,/home/augusta/storage3/augusta/insituCNV/InSituCNV/Evaluate_technical_constrains/data/runs/T10_C3_G10000.h5ad,inferred
T10_C3_G15000,T10,/home/augusta/storage3/augusta/insituCNV/InSituCNV/Evaluate_technical_constrains/data/intermediate/template_adatas/T10_fullgenes_simulated.h5ad,3,15000,60,101,202,/home/augusta/storage3/augusta/insituCNV/InSituCNV/Evaluate_technical_constrains/data/runs/T10_C3_G15000.h5ad,inferred
T10_C3_G20000,T10,/home/augusta/storage3/augusta/insituCNV/InSituCNV/Evaluate_technical_constrains/data/intermediate/template_adatas/T10_fullgenes_simulated.h5ad,3,20000,80,101,202,/home/augusta/storage3/augusta/insituCNV/InSituCNV/Evaluate_technical_constrains/data/runs/T10_C3_G20000.h5ad,inferred
T10_C3_G500,T10,/home/augusta/storage3/augusta/insituCNV/InSituCNV/Evaluate_technical_constrains/data/intermediate/template_adatas/T10_fullgenes_simulated.h5ad,3,500,2,101,202,/home/augusta/storage3/augusta/insituCNV/InSituCNV/Evaluate_technical_constrains/data/runs/T10_C3_G500.h5ad,inferred
T10_C3_G5000,T10,/home/augusta/storage3/augusta/insituCNV/InSituCNV/Evaluate_technical_constrains/data/intermediate/template_adatas/T10_fullgenes_simulated.h5ad,3,5000,20,101,202,/home/augusta/storage3/augusta/insituCNV/InSituCNV/Evaluate_technical_constrains/data/runs/T10_C3_G5000.h5ad,inferred
T10_C3_Gall,T10,/home/augusta/storage3/augusta/insituCNV/InSituCNV/Evaluate_technical_constrains/data/intermediate/template_adatas/T10_fullgenes_simulated.h5ad,3,all,100,101,202,/home/augusta/storage3/augusta/insituCNV/InSituCNV/Evaluate_technical_constrains/data/runs/T10_C3_Gall.h5ad,inferred
T10_C5_G1000,T10,/home/augusta/storage3/augusta/insituCNV/InSituCNV/Evaluate_technical_constrains/data/intermediate/template_adatas/T10_fullgenes_simulated.h5ad,5,1000,4,101,202,/home/augusta/storage3/augusta/insituCNV/InSituCNV/Evaluate_technical_constrains/data/runs/T10_C5_G1000.h5ad,inferred
T10_C5_G10000,T10,/home/augusta/storage3/augusta/insituCNV/InSituCNV/Evaluate_technical_constrains/data/intermediate/template_adatas/T10_fullgenes_simulated.h5ad,5,10000,40,101,202,/home/augusta/storage3/augusta/insituCNV/InSituCNV/Evaluate_technical_constrains/data/runs/T10_C5_G10000.h5ad,inferred
T10_C5_G15000,T10,/home/augusta/storage3/augusta/insituCNV/InSituCNV/Evaluate_technical_constrains/data/intermediate/template_adatas/T10_fullgenes_simulated.h5ad,5,15000,60,101,202,/home/augusta/storage3/augusta/insituCNV/InSituCNV/Evaluate_technical_constrains/data/runs/T10_C5_G15000.h5ad,inferred
T10_C5_G20000,T10,/home/augusta/storage3/augusta/insituCNV/InSituCNV/Evaluate_technical_constrains/data/intermediate/template_adatas/T10_fullgenes_simulated.h5ad,5,20000,80,101,202,/home/augusta/storage3/augusta/insituCNV/InSituCNV/Evaluate_technical_constrains/data/runs/T10_C5_G20000.h5ad,inferred
T10_C5_G500,T10,/home/augusta/storage3/augusta/insituCNV/InSituCNV/Evaluate_technical_constrains/data/intermediate/template_adatas/T10_fullgenes_simulated.h5ad,5,500,2,101,202,/home/augusta/storage3/augusta/insituCNV/InSituCNV/Evaluate_technical_constrains/data/runs/T10_C5_G500.h5ad,inferred
T10_C5_G5000,T10,/home/augusta/storage3/augusta/insituCNV/InSituCNV/Evaluate_technical_constrains/data/intermediate/template_adatas/T10_fullgenes_simulated.h5ad,5,5000,20,101,202,/home/augusta/storage3/augusta/insituCNV/InSituCNV/Evaluate_technical_constrains/data/runs/T10_C5_G5000.h5ad,inferred
T10_C5_Gall,T10,/home/augusta/storage3/augusta/insituCNV/InSituCNV/Evaluate_technical_constrains/data/intermediate/template_adatas/T10_fullgenes_simulated.h5ad,5,all,100,101,202,/home/augusta/storage3/augusta/insituCNV/InSituCNV/Evaluate_technical_constrains/data/runs/T10_C5_Gall.h5ad,inferred
T10_C10_G1000,T10,/home/augusta/storage3/augusta/insituCNV/InSituCNV/Evaluate_technical_constrains/data/intermediate/template_adatas/T10_fullgenes_simulated.h5ad,10,1000,4,101,202,/home/augusta/storage3/augusta/insituCNV/InSituCNV/Evaluate_technical_constrains/data/runs/T10_C10_G1000.h5ad,inferred
T10_C10_G10000,T10,/home/augusta/storage3/augusta/insituCNV/InSituCNV/Evaluate_technical_constrains/data/intermediate/template_adatas/T10_fullgenes_simulated.h5ad,10,10000,40,101,202,/home/augusta/storage3/augusta/insituCNV/InSituCNV/Evaluate_technical_constrains/data/runs/T10_C10_G10000.h5ad,inferred
T10_C10_G15000,T10,/home/augusta/storage3/augusta/insituCNV/InSituCNV/Evaluate_technical_constrains/data/intermediate/template_adatas/T10_fullgenes_simulated.h5ad,10,15000,60,101,202,/home/augusta/storage3/augusta/insituCNV/InSituCNV/Evaluate_technical_constrains/data/runs/T10_C10_G15000.h5ad,inferred
T10_C10_G20000,T10,/home/augusta/storage3/augusta/insituCNV/InSituCNV/Evaluate_technical_constrains/data/intermediate/template_adatas/T10_fullgenes_simulated.h5ad,10,20000,80,101,202,/home/augusta/storage3/augusta/insituCNV/InSituCNV/Evaluate_technical_constrains/data/runs/T10_C10_G20000.h5ad,inferred
T10_C10_G500,T10,/home/augusta/storage3/augusta/insituCNV/InSituCNV/Evaluate_technical_constrains/data/intermediate/template_adatas/T10_fullgenes_simulated.h5ad,10,500,2,101,202,/home/augusta/storage3/augusta/insituCNV/InSituCNV/Evaluate_technical_constrains/data/runs/T10_C10_G500.h5ad,inferred
T10_C10_G5000,T10,/home/augusta/storage3/augusta/insituCNV/InSituCNV/Evaluate_technical_constrains/data/intermediate/template_adatas/T10_fullgenes_simulated.h5ad,10,5000,20,101,202,/home/augusta/storage3/augusta/insituCNV/InSituCNV/Evaluate_technical_constrains/data/runs/T10_C10_G5000.h5ad,inferred
T10_C10_Gall,T10,/home/augusta/storage3/augusta/insituCNV/InSituCNV/Evaluate_technical_constrains/data/intermediate/template_adatas/T10_fullgenes_simulated.h5ad,10,all,100,101,202,/home/augusta/storage3/augusta/insituCNV/InSituCNV/Evaluate_technical_constrains/data/runs/T10_C10_Gall.h5ad,inferred
T10_C20_G1000,T10,/home/augusta/storage3/augusta/insituCNV/InSituCNV/Evaluate_technical_constrains/data/intermediate/template_adatas/T10_fullgenes_simulated.h5ad,20,1000,4,101,202,/home/augusta/storage3/augusta/insituCNV/InSituCNV/Evaluate_technical_constrains/data/runs/T10_C20_G1000.h5ad,inferred
T10_C20_G10000,T10,/home/augusta/storage3/augusta/insituCNV/InSituCNV/Evaluate_technical_constrains/data/intermediate/template_adatas/T10_fullgenes_simulated.h5ad,20,10000,40,101,202,/home/augusta/storage3/augusta/insituCNV/InSituCNV/Evaluate_technical_constrains/data/runs/T10_C20_G10000.h5ad,inferred
T10_C20_G15000,T10,/home/augusta/storage3/augusta/insituCNV/InSituCNV/Evaluate_technical_constrains/data/intermediate/template_adatas/T10_fullgenes_simulated.h5ad,20,15000,60,101,202,/home/augusta/storage3/augusta/insituCNV/InSituCNV/Evaluate_technical_constrains/data/runs/T10_C20_G15000.h5ad,inferred
T10_C20_G20000,T10,/home/augusta/storage3/augusta/insituCNV/InSituCNV/Evaluate_technical_constrains/data/intermediate/template_adatas/T10_fullgenes_simulated.h5ad,20,20000,80,101,202,/home/augusta/storage3/augusta/insituCNV/InSituCNV/Evaluate_technical_constrains/data/runs/T10_C20_G20000.h5ad,inferred
T10_C20_G500,T10,/home/augusta/storage3/augusta/insituCNV/InSituCNV/Evaluate_technical_constrains/data/intermediate/template_adatas/T10_fullgenes_simulated.h5ad,20,500,2,101,202,/home/augusta/storage3/augusta/insituCNV/InSituCNV/Evaluate_technical_constrains/data/runs/T10_C20_G500.h5ad,inferred
T10_C20_G5000,T10,/home/augusta/storage3/augusta/insituCNV/InSituCNV/Evaluate_technical_constrains/data/intermediate/template_adatas/T10_fullgenes_simulated.h5ad,20,5000,20,101,202,/home/augusta/storage3/augusta/insituCNV/InSituCNV/Evaluate_technical_constrains/data/runs/T10_C20_G5000.h5ad,inferred
T10_C20_Gall,T10,/home/augusta/storage3/augusta/insituCNV/InSituCNV/Evaluate_technical_constrains/data/intermediate/template_adatas/T10_fullgenes_simulated.h5ad,20,all,100,101,202,/home/augusta/storage3/augusta/insituCNV/InSituCNV/Evaluate_technical_constrains/data/runs/T10_C20_Gall.h5ad,inferred
T10_C50_G1000,T10,/home/augusta/storage3/augusta/insituCNV/InSituCNV/Evaluate_technical_constrains/data/intermediate/template_adatas/T10_fullgenes_simulated.h5ad,50,1000,4,101,202,/home/augusta/storage3/augusta/insituCNV/InSituCNV/Evaluate_technical_constrains/data/runs/T10_C50_G1000.h5ad,inferred
T10_C50_G10000,T10,/home/augusta/storage3/augusta/insituCNV/InSituCNV/Evaluate_technical_constrains/data/intermediate/template_adatas/T10_fullgenes_simulated.h5ad,50,10000,40,101,202,/home/augusta/storage3/augusta/insituCNV/InSituCNV/Evaluate_technical_constrains/data/runs/T10_C50_G10000.h5ad,inferred
T10_C50_G15000,T10,/home/augusta/storage3/augusta/insituCNV/InSituCNV/Evaluate_technical_constrains/data/intermediate/template_adatas/T10_fullgenes_simulated.h5ad,50,15000,60,101,202,/home/augusta/storage3/augusta/insituCNV/InSituCNV/Evaluate_technical_constrains/data/runs/T10_C50_G15000.h5ad,inferred
T10_C50_G20000,T10,/home/augusta/storage3/augusta/insituCNV/InSituCNV/Evaluate_technical_constrains/data/intermediate/template_adatas/T10_fullgenes_simulated.h5ad,50,20000,80,101,202,/home/augusta/storage3/augusta/insituCNV/InSituCNV/Evaluate_technical_constrains/data/runs/T10_C50_G20000.h5ad,inferred
T10_C50_G500,T10,/home/augusta/storage3/augusta/insituCNV/InSituCNV/Evaluate_technical_constrains/data/intermediate/template_adatas/T10_fullgenes_simulated.h5ad,50,500,2,101,202,/home/augusta/storage3/augusta/insituCNV/InSituCNV/Evaluate_technical_constrains/data/runs/T10_C50_G500.h5ad,failed
T10_C50_G5000,T10,/home/augusta/storage3/augusta/insituCNV/InSituCNV/Evaluate_technical_constrains/data/intermediate/template_adatas/T10_fullgenes_simulated.h5ad,50,5000,20,101,202,/home/augusta/storage3/augusta/insituCNV/InSituCNV/Evaluate_technical_constrains/data/runs/T10_C50_G5000.h5ad,inferred
T10_C50_Gall,T10,/home/augusta/storage3/augusta/insituCNV/InSituCNV/Evaluate_technical_constrains/data/intermediate/template_adatas/T10_fullgenes_simulated.h5ad,50,all,100,101,202,/home/augusta/storage3/augusta/insituCNV/InSituCNV/Evaluate_technical_constrains/data/runs/T10_C50_Gall.h5ad,inferred
T10_C70_G1000,T10,/home/augusta/storage3/augusta/insituCNV/InSituCNV/Evaluate_technical_constrains/data/intermediate/template_adatas/T10_fullgenes_simulated.h5ad,70,1000,4,101,202,/home/augusta/storage3/augusta/insituCNV/InSituCNV/Evaluate_technical_constrains/data/runs/T10_C70_G1000.h5ad,inferred
T10_C70_G10000,T10,/home/augusta/storage3/augusta/insituCNV/InSituCNV/Evaluate_technical_constrains/data/intermediate/template_adatas/T10_fullgenes_simulated.h5ad,70,10000,40,101,202,/home/augusta/storage3/augusta/insituCNV/InSituCNV/Evaluate_technical_constrains/data/runs/T10_C70_G10000.h5ad,inferred
T10_C70_G15000,T10,/home/augusta/storage3/augusta/insituCNV/InSituCNV/Evaluate_technical_constrains/data/intermediate/template_adatas/T10_fullgenes_simulated.h5ad,70,15000,60,101,202,/home/augusta/storage3/augusta/insituCNV/InSituCNV/Evaluate_technical_constrains/data/runs/T10_C70_G15000.h5ad,inferred
T10_C70_G20000,T10,/home/augusta/storage3/augusta/insituCNV/InSituCNV/Evaluate_technical_constrains/data/intermediate/template_adatas/T10_fullgenes_simulated.h5ad,70,20000,80,101,202,/home/augusta/storage3/augusta/insituCNV/InSituCNV/Evaluate_technical_constrains/data/runs/T10_C70_G20000.h5ad,inferred
T10_C70_G500,T10,/home/augusta/storage3/augusta/insituCNV/InSituCNV/Evaluate_technical_constrains/data/intermediate/template_adatas/T10_fullgenes_simulated.h5ad,70,500,2,101,202,/home/augusta/storage3/augusta/insituCNV/InSituCNV/Evaluate_technical_constrains/data/runs/T10_C70_G500.h5ad,inferred
T10_C70_G5000,T10,/home/augusta/storage3/augusta/insituCNV/InSituCNV/Evaluate_technical_constrains/data/intermediate/template_adatas/T10_fullgenes_simulated.h5ad,70,5000,20,101,202,/home/augusta/storage3/augusta/insituCNV/InSituCNV/Evaluate_technical_constrains/data/runs/T10_C70_G5000.h5ad,inferred
T10_C70_Gall,T10,/home/augusta/storage3/augusta/insituCNV/InSituCNV/Evaluate_technical_constrains/data/intermediate/template_adatas/T10_fullgenes_simulated.h5ad,70,all,100,101,202,/home/augusta/storage3/augusta/insituCNV/InSituCNV/Evaluate_technical_constrains/data/runs/T10_C70_Gall.h5ad,inferred
T10_C100_G1000,T10,/home/augusta/storage3/augusta/insituCNV/InSituCNV/Evaluate_technical_constrains/data/intermediate/template_adatas/T10_fullgenes_simulated.h5ad,100,1000,4,101,202,/home/augusta/storage3/augusta/insituCNV/InSituCNV/Evaluate_technical_constrains/data/runs/T10_C100_G1000.h5ad,inferred
T10_C100_G10000,T10,/home/augusta/storage3/augusta/insituCNV/InSituCNV/Evaluate_technical_constrains/data/intermediate/template_adatas/T10_fullgenes_simulated.h5ad,100,10000,40,101,202,/home/augusta/storage3/augusta/insituCNV/InSituCNV/Evaluate_technical_constrains/data/runs/T10_C100_G10000.h5ad,inferred
T10_C100_G15000,T10,/home/augusta/storage3/augusta/insituCNV/InSituCNV/Evaluate_technical_constrains/data/intermediate/template_adatas/T10_fullgenes_simulated.h5ad,100,15000,60,101,202,/home/augusta/storage3/augusta/insituCNV/InSituCNV/Evaluate_technical_constrains/data/runs/T10_C100_G15000.h5ad,inferred
T10_C100_G20000,T10,/home/augusta/storage3/augusta/insituCNV/InSituCNV/Evaluate_technical_constrains/data/intermediate/template_adatas/T10_fullgenes_simulated.h5ad,100,20000,80,101,202,/home/augusta/storage3/augusta/insituCNV/InSituCNV/Evaluate_technical_constrains/data/runs/T10_C100_G20000.h5ad,inferred
T10_C100_G500,T10,/home/augusta/storage3/augusta/insituCNV/InSituCNV/Evaluate_technical_constrains/data/intermediate/template_adatas/T10_fullgenes_simulated.h5ad,100,500,2,101,202,/home/augusta/storage3/augusta/insituCNV/InSituCNV/Evaluate_technical_constrains/data/runs/T10_C100_G500.h5ad,inferred
T10_C100_G5000,T10,/home/augusta/storage3/augusta/insituCNV/InSituCNV/Evaluate_technical_constrains/data/intermediate/template_adatas/T10_fullgenes_simulated.h5ad,100,5000,20,101,202,/home/augusta/storage3/augusta/insituCNV/InSituCNV/Evaluate_technical_constrains/data/runs/T10_C100_G5000.h5ad,inferred
T10_C100_Gall,T10,/home/augusta/storage3/augusta/insituCNV/InSituCNV/Evaluate_technical_constrains/data/intermediate/template_adatas/T10_fullgenes_simulated.h5ad,100,all,100,101,202,/home/augusta/storage3/augusta/insituCNV/InSituCNV/Evaluate_technical_constrains/data/runs/T10_C100_Gall.h5ad,inferred
